{"architectures":[{"radioMaxRevisit":0.0,"reflMaxRevisitL":0.0,"avgRevisit":0.0,"maxRevisitP":6.7227299707977375,"allCoverage":1.0,"reflAvgRevisitP":0.0,"maxRevisitL":6.7227299707977375,"reflAvgRevisitL":0.0,"avgRevisitP":1.3899364181473277,"allMaxRevisit":6.7227299707977375,"avgRevisitL":1.3899364181473277,"allAvgRevisit":1.3899364181473277,"cost":619.6883001766805,"repeatCycle":7,"radioAvgRevisit":0.0,"combReflMaxRevisit":0.0,"reflCoverageL":0.0,"combReflCoverage":0.0,"reflCoverageP":0.0,"radioCoverage":0.0,"overlap":0.0,"percentCoverage":0.0,"name":"LEO-502.5-89, repeat cycle of 7 days, 1 planes, 3 satellites per plane, radar satellites only","maxRevisit":0.0,"combReflAvgRevisit":0.0,"reflMaxRevisitP":0.0},{"radioMaxRevisit":24.0,"reflMaxRevisitL":24.0,"avgRevisit":0.0,"maxRevisitP":6.7227299707977375,"allCoverage":1.0,"reflAvgRevisitP":0.0,"maxRevisitL":6.7227299707977375,"reflAvgRevisitL":24.0,"avgRevisitP":1.3899364181473277,"allMaxRevisit":6.385352245293357,"avgRevisitL":1.3899364181473277,"allAvgRevisit":1.3246157840690143,"cost":631.6383001766806,"repeatCycle":7,"radioAvgRevisit":13.234434971727845,"combReflMaxRevisit":24.0,"reflCoverageL":0.0373134328358209,"combReflCoverage":0.08645533141210371,"reflCoverageP":0.0,"radioCoverage":0.5447761194029851,"overlap":0.6829971181556196,"percentCoverage":0.0,"name":"LEO-504.19-90, repeat cycle of 7 days, 1 planes, 1 satellites per plane, full satellites","maxRevisit":0.0,"combReflAvgRevisit":22.09001424216306,"reflMaxRevisitP":0.0},{"radioMaxRevisit":24.0,"reflMaxRevisitL":24.0,"avgRevisit":0.0,"maxRevisitP":6.7227299707977375,"allCoverage":1.0,"reflAvgRevisitP":0.0,"maxRevisitL":6.7227299707977375,"reflAvgRevisitL":24.0,"avgRevisitP":1.3899364181473277,"allMaxRevisit":6.721449883617444,"avgRevisitL":1.3899364181473277,"allAvgRevisit":1.3835571661477748,"cost":631.6383001766806,"repeatCycle":15,"radioAvgRevisit":22.266376563382618,"combReflMaxRevisit":24.0,"reflCoverageL":0.014925373134328344,"combReflCoverage":0.005763688760806892,"reflCoverageP":0.0,"radioCoverage":0.14925373134328357,"overlap":0.017291066282420733,"percentCoverage":0.0,"name":"LEO-503.49-30, repeat cycle of 15 days, 1 planes, 1 satellites per plane, full satellites","maxRevisit":0.0,"combReflAvgRevisit":23.862451563473165,"reflMaxRevisitP":0.0},{"radioMaxRevisit":24.0,"reflMaxRevisitL":24.0,"avgRevisit":0.0,"maxRevisitP":6.7227299707977375,"allCoverage":1.0,"reflAvgRevisitP":0.0,"maxRevisitL":6.7227299707977375,"reflAvgRevisitL":24.0,"avgRevisitP":1.3899364181473277,"allMaxRevisit":6.7225345563702374,"avgRevisitL":1.3899364181473277,"allAvgRevisit":1.388039743853379,"cost":631.6383001766806,"repeatCycle":21,"radioAvgRevisit":23.3929208117237,"combReflMaxRevisit":24.0,"reflCoverageL":0.014925373134328346,"combReflCoverage":0.005763688760806924,"reflCoverageP":0.0,"radioCoverage":0.05223880597014922,"overlap":0.011527377521613848,"percentCoverage":0.0,"name":"LEO-503.2-40, repeat cycle of 21 days, 1 planes, 1 satellites per plane, full satellites","maxRevisit":0.0,"combReflAvgRevisit":23.86245170877389,"reflMaxRevisitP":0.0},{"radioMaxRevisit":24.0,"reflMaxRevisitL":24.0,"avgRevisit":0.0,"maxRevisitP":6.7227299707977375,"allCoverage":1.0,"reflAvgRevisitP":0.0,"maxRevisitL":6.7227299707977375,"reflAvgRevisitL":24.0,"avgRevisitP":1.3899364181473277,"allMaxRevisit":6.721014223078485,"avgRevisitL":1.3899364181473277,"allAvgRevisit":1.3854404930649002,"cost":631.6383001766806,"repeatCycle":28,"radioAvgRevisit":22.629672606439996,"combReflMaxRevisit":24.0,"reflCoverageL":0.0,"combReflCoverage":0.0,"reflCoverageP":0.0,"radioCoverage":0.1194029850746269,"overlap":0.028818443804034585,"percentCoverage":0.0,"name":"LEO-496.28-35, repeat cycle of 28 days, 1 planes, 1 satellites per plane, full satellites","maxRevisit":0.0,"combReflAvgRevisit":24.0,"reflMaxRevisitP":0.0},{"radioMaxRevisit":24.0,"reflMaxRevisitL":24.0,"avgRevisit":0.0,"maxRevisitP":6.7227299707977375,"allCoverage":1.0,"reflAvgRevisitP":0.0,"maxRevisitL":6.7227299707977375,"reflAvgRevisitL":24.0,"avgRevisitP":1.3899364181473277,"allMaxRevisit":6.721123138213225,"avgRevisitL":1.3899364181473277,"allAvgRevisit":1.3861565176781612,"cost":631.6383001766806,"repeatCycle":1,"radioAvgRevisit":22.941653975227904,"combReflMaxRevisit":24.0,"reflCoverageL":0.00746268656716417,"combReflCoverage":0.002881844380403448,"reflCoverageP":0.0,"radioCoverage":0.10447761194029848,"overlap":0.02593659942363112,"percentCoverage":0.0,"name":"LEO-495.92-50, repeat cycle of 1 days, 1 planes, 1 satellites per plane, full satellites","maxRevisit":0.0,"combReflAvgRevisit":23.931028218705638,"reflMaxRevisitP":0.0},{"radioMaxRevisit":24.0,"reflMaxRevisitL":24.0,"avgRevisit":0.0,"maxRevisitP":6.7227299707977375,"allCoverage":1.0,"reflAvgRevisitP":0.0,"maxRevisitL":6.7227299707977375,"reflAvgRevisitL":24.0,"avgRevisitP":1.3899364181473277,"allMaxRevisit":6.721563511622222,"avgRevisitL":1.3899364181473277,"allAvgRevisit":1.3866271866995552,"cost":631.6383001766806,"repeatCycle":1,"radioAvgRevisit":23.068809480494693,"combReflMaxRevisit":24.0,"reflCoverageL":0.01492537313432835,"combReflCoverage":0.005763688760806923,"reflCoverageP":0.0,"radioCoverage":0.08208955223880596,"overlap":0.014409221902017285,"percentCoverage":0.0,"name":"LEO-500.61-55, repeat cycle of 1 days, 1 planes, 1 satellites per plane, full satellites","maxRevisit":0.0,"combReflAvgRevisit":23.86245140074197,"reflMaxRevisitP":0.0},{"radioMaxRevisit":24.0,"reflMaxRevisitL":24.0,"avgRevisit":0.0,"maxRevisitP":6.7227299707977375,"allCoverage":1.0,"reflAvgRevisitP":0.0,"maxRevisitL":6.7227299707977375,"reflAvgRevisitL":24.0,"avgRevisitP":1.3899364181473277,"allMaxRevisit":6.719002589529115,"avgRevisitL":1.3899364181473277,"allAvgRevisit":1.3845096961140029,"cost":631.6383001766806,"repeatCycle":19,"radioAvgRevisit":22.507418005901364,"combReflMaxRevisit":24.0,"reflCoverageL":0.014925373134328344,"combReflCoverage":0.005763688760806898,"reflCoverageP":0.0,"radioCoverage":0.11940298507462682,"overlap":0.014409221902017275,"percentCoverage":0.0,"name":"LEO-495.2-65, repeat cycle of 19 days, 1 planes, 1 satellites per plane, full satellites","maxRevisit":0.0,"combReflAvgRevisit":23.862452033528562,"reflMaxRevisitP":0.0},{"radioMaxRevisit":24.0,"reflMaxRevisitL":24.0,"avgRevisit":0.0,"maxRevisitP":6.7227299707977375,"allCoverage":1.0,"reflAvgRevisitP":0.0,"maxRevisitL":6.7227299707977375,"reflAvgRevisitL":24.0,"avgRevisitP":1.3899364181473277,"allMaxRevisit":6.719462799127755,"avgRevisitL":1.3899364181473277,"allAvgRevisit":1.3852092428972163,"cost":631.6383001766806,"repeatCycle":29,"radioAvgRevisit":22.568378664767913,"combReflMaxRevisit":24.0,"reflCoverageL":0.014925373134328344,"combReflCoverage":0.005763688760806895,"reflCoverageP":0.0,"radioCoverage":0.1119402985074626,"overlap":0.014409221902017275,"percentCoverage":0.0,"name":"LEO-500.85-65, repeat cycle of 29 days, 1 planes, 1 satellites per plane, full satellites","maxRevisit":0.0,"combReflAvgRevisit":23.862452036913123,"reflMaxRevisitP":0.0},{"radioMaxRevisit":24.0,"reflMaxRevisitL":24.0,"avgRevisit":0.0,"maxRevisitP":6.7227299707977375,"allCoverage":1.0,"reflAvgRevisitP":0.0,"maxRevisitL":6.7227299707977375,"reflAvgRevisitL":24.0,"avgRevisitP":1.3899364181473277,"allMaxRevisit":6.722530414441919,"avgRevisitL":1.3899364181473277,"allAvgRevisit":1.3878032523314767,"cost":631.6383001766806,"repeatCycle":0,"radioAvgRevisit":23.132879485249827,"combReflMaxRevisit":24.0,"reflCoverageL":0.00746268656716417,"combReflCoverage":0.002881844380403443,"reflCoverageP":0.0,"radioCoverage":0.08208955223880597,"overlap":0.025936599423631117,"percentCoverage":0.0,"name":"LEO-500.0-40, repeat cycle of 0 days, 1 planes, 1 satellites per plane, full satellites","maxRevisit":0.0,"combReflAvgRevisit":23.931028444638514,"reflMaxRevisitP":0.0},{"radioMaxRevisit":24.0,"reflMaxRevisitL":24.0,"avgRevisit":0.0,"maxRevisitP":6.7227299707977375,"allCoverage":1.0,"reflAvgRevisitP":0.0,"maxRevisitL":6.7227299707977375,