{"architectures":[{"radioMaxRevisit":0.0,"reflMaxRevisitL":0.0,"avgRevisit":0.0,"maxRevisitP":6.7227299707977375,"allCoverage":1.0,"reflAvgRevisitP":0.0,"maxRevisitL":6.7227299707977375,"reflAvgRevisitL":0.0,"avgRevisitP":1.3899364181473277,"allMaxRevisit":6.7227299707977375,"avgRevisitL":1.3899364181473277,"allAvgRevisit":1.3899364181473277,"cost":619.6883001766805,"repeatCycle":7,"radioAvgRevisit":0.0,"combReflMaxRevisit":0.0,"reflCoverageL":0.0,"combReflCoverage":0.0,"reflCoverageP":0.0,"radioCoverage":0.0,"overlap":0.0,"percentCoverage":0.0,"name":"LEO-502.5-89, repeat cycle of 7 days, 1 planes, 3 satellites per plane, radar satellites only","maxRevisit":0.0,"combReflAvgRevisit":0.0,"reflMaxRevisitP":0.0},{"radioMaxRevisit":24.0,"reflMaxRevisitL":24.0,"avgRevisit":0.0,"maxRevisitP":6.7227299707977375,"allCoverage":1.0,"reflAvgRevisitP":0.0,"maxRevisitL":6.7227299707977375,"reflAvgRevisitL":24.0,"avgRevisitP":1.3899364181473277,"allMaxRevisit":6.385352245293357,"avgRevisitL":1.3899364181473277,"allAvgRevisit":1.3246157840690143,"cost":673.8725164977201,"repeatCycle":7,"radioAvgRevisit":13.234434971727845,"combReflMaxRevisit":24.0,"reflCoverageL":0.0373134328358209,"combReflCoverage":0.08645533141210371,"reflCoverageP":0.0,"radioCoverage":0.5447761194029851,"overlap":0.6829971181556196,"percentCoverage":0.0,"name":"LEO-504.19-90, repeat cycle of 7 days, 1 planes, 1 satellites per plane, full satellites","maxRevisit":0.0,"combReflAvgRevisit":22.09001424216306,"reflMaxRevisitP":0.0},{"radioMaxRevisit":22.580145602066697,"reflMaxRevisitL":24.0,"avgRevisit":0.0,"maxRevisitP":6.7227299707977375,"allCoverage":1.0,"reflAvgRevisitP":0.0,"maxRevisitL":6.7227299707977375,"reflAvgRevisitL":24.0,"avgRevisitP":1.3899364181473277,"allMaxRevisit":6.380450705002965,"avgRevisitL":1.3899364181473277,"allAvgRevisit":1.2637430376297414,"cost":689.64519228407,"repeatCycle":7,"radioAvgRevisit":9.123796768966313,"combReflMaxRevisit":24.0,"reflCoverageL":0.08208955223880597,"combReflCoverage":0.16714697406340062,"reflCoverageP":0.0,"radioCoverage":0.7238805970149252,"overlap":0.8847262247838618,"percentCoverage":0.0,"name":"LEO-504.19-90, repeat cycle of 7 days, 1 planes, 2 satellites per plane, full satellites","maxRevisit":0.0,"combReflAvgRevisit":20.067115531119647,"reflMaxRevisitP":0.0},{"radioMaxRevisit":12.502653338211237,"reflMaxRevisitL":24.0,"avgRevisit":0.0,"maxRevisitP":6.7227299707977375,"allCoverage":1.0,"reflAvgRevisitP":0.0,"maxRevisitL":6.7227299707977375,"reflAvgRevisitL":24.0,"avgRevisitP":1.3899364181473277,"allMaxRevisit":6.216148305704471,"avgRevisitL":1.3899364181473277,"allAvgRevisit":1.2092331036449335,"cost":703.3780323361689,"repeatCycle":7,"radioAvgRevisit":6.931059349318241,"combReflMaxRevisit":24.0,"reflCoverageL":0.12686567164179105,"combReflCoverage":0.24495677233429394,"reflCoverageP":0.0,"radioCoverage":0.8507462686567164,"overlap":0.9365994236311239,"percentCoverage":0.0,"name":"LEO-504.19-90, repeat cycle of 7 days, 1 planes, 3 satellites per plane, full satellites","maxRevisit":0.0,"combReflAvgRevisit":19.056763412013364,"reflMaxRevisitP":0.0},{"radioMaxRevisit":12.03418479889775,"reflMaxRevisitL":24.0,"avgRevisit":0.0,"maxRevisitP":6.7227299707977375,"allCoverage":1.0,"reflAvgRevisitP":0.0,"maxRevisitL":6.7227299707977375,"reflAvgRevisitL":24.0,"avgRevisitP":1.3899364181473277,"allMaxRevisit":6.210015573295105,"avgRevisitL":1.3899364181473277,"allAvgRevisit":1.1552713013838485,"cost":718.1748455345078,"repeatCycle":7,"radioAvgRevisit":5.572166940405004,"combReflMaxRevisit":24.0,"reflCoverageL":0.16417910447761191,"combReflCoverage":0.27377521613832856,"reflCoverageP":0.0,"radioCoverage":0.8955223880597015,"overlap":0.9567723342939483,"percentCoverage":0.0,"name":"LEO-504.19-90, repeat cycle of 7 days, 1 planes, 4 satellites per plane, full satellites","maxRevisit":0.0,"combReflAvgRevisit":16.78967478781002,"reflMaxRevisitP":0.0},{"radioMaxRevisit":23.442308176227343,"reflMaxRevisitL":24.0,"avgRevisit":0.0,"maxRevisitP":6.7227299707977375,"allCoverage":1.0,"reflAvgRevisitP":0.0,"maxRevisitL":6.7227299707977375,"reflAvgRevisitL":24.0,"avgRevisitP":1.3899364181473277,"allMaxRevisit":6.379946563547523,"avgRevisitL":1.3899364181473277,"allAvgRevisit":1.2635487595222061,"cost":709.7264147939842,"repeatCycle":7,"radioAvgRevisit":9.103827777308517,"combReflMaxRevisit":24.0,"reflCoverageL":0.10447761194029846,"combReflCoverage":0.1642651296829971,"reflCoverageP":0.0,"radioCoverage":0.7238805970149254,"overlap":0.8703170028818444,"percentCoverage":0.0,"name":"LEO-504.19-90, repeat cycle of 7 days, 2 planes, 1 satellites per plane, full satellites","maxRevisit":0.0,"combReflAvgRevisit":20.613560735282764,"reflMaxRevisitP":0.0},{"radioMaxRevisit":12.652076734756243,"reflMaxRevisitL":24.0,"avgRevisit":0.0,"maxRevisitP":6.7227299707977375,"allCoverage":1.0,"reflAvgRevisitP":0.0,"maxRevisitL":6.7227299707977375,"reflAvgRevisitL":24.0,"avgRevisitP":1.3899364181473277,"allMaxRevisit":6.210251485903598,"avgRevisitL":1.3899364181473277,"allAvgRevisit":1.1648674739485534,"cost":739.000399608703,"repeatCycle":7,"radioAvgRevisit":5.777812238978173,"combReflMaxRevisit":24.0,"reflCoverageL":0.16417910447761194,"combReflCoverage":0.26801152737752154,"reflCoverageP":0.0,"radioCoverage":0.8955223880597015,"overlap":0.9538904899135446,"percentCoverage":0.0,"name":"LEO-504.19-90, repeat cycle of 7 days, 2 planes, 2 satellites per plane, full satellites","maxRevisit":0.0,"combReflAvgRevisit":17.909128307522813,"reflMaxRevisitP":0.0},{"radioMaxRevisit":11.822909252846888,"reflMaxRevisitL":24.0,"avgRevisit":0.0,"maxRevisitP":6.7227299707977375,"allCoverage":1.0,"reflAvgRevisitP":0.0,"maxRevisitL":6.7227299707977375,"reflAvgRevisitL":24.0,"avgRevisitP":1.3899364181473277,"allMaxRevisit":5.949533967771202,"avgRevisitL":1.3899364181473277,"allAvgRevisit":1.073063373351167,"cost":800.924651450566,"repeatCycle":7,"radioAvgRevisit":4.122585260649057,"combReflMaxRevisit":24.0,"reflCoverageL":0.2686567164179105,"combReflCoverage":0.4293948126801152,"reflCoverageP":0.0,"radioCoverage":0.9402985074626866,"overlap":0.974063400576369,"percentCoverage":0.0,"name":"LEO-504.19-90, repeat cycle of 7 days, 2 planes, 3 satellites per plane, full satellites","maxRevisit":0.0,"combReflAvgRevisit":15.77198898757194,"reflMaxRevisitP":0.0},{"radioMaxRevisit":11.623640866880487,"reflMaxRevisitL":24.0,"avgRevisit":0.0,"maxRevisitP":6.7227299707977375,"allCoverage":1.0,"reflAvgRevisitP":0.0,"maxRevisitL":6.7227299707977375,"reflAvgRevisitL":24.0,"avgRevisitP":1.3899364181473277,"allMaxRevisit":5.845610231725498,"avgRevisitL":1.3899364181473277,"allAvgRevisit":0.9911383092799282,"cost":836.4395596493471,"repeatCycle":7,"radioAvgRevisit":3.1847591347867237,"combReflMaxRevisit":24.0,"reflCoverageL":0.3880597014925373,"combReflCoverage":0.504322766570605,"reflCoverageP":0.0,"radioCoverage":0.9776119402985075,"overlap":0.9798270893371759,"percentCoverage":0.0,"name":"LEO-504.19-90, repeat cycle of 7 days, 2 planes, 4 satellites per plane, full satellites","maxRevisit":0.0,"combReflAvgRevisit":12.713491362298367,"reflMaxRevisitP":0.0},{"radioMaxRevisit":18.02132603686498,"reflMaxRevisitL":24.0,"avgRevisit":0.0,"maxRevisitP":6.7227299707977375,"allCoverage":1.0,"reflAvgRevisitP":0.0,"maxRevisitL":6.7227299707977375,"reflAvgRevisitL":24.0,"avgRevisitP":1.3899364181473277,"allMaxRevisit":5.232451219741115,"avgRevisitL":1.3899364181473277,"allAvgRevisit":1.2108847064666106,"cost":751.962046189879,"repeatCycle":7,"radioAvgRevisit":7.042854798519993,"combReflMaxRevisit":24.0,"reflCoverageL":0.17910447761194026,"combReflCoverage":0.27377521613832856,"reflCoverageP":0.0,"radioCoverage":0.7985074626865671,"overlap":0.7953890489913545,"percentCoverage":0.0,"name":"LEO-504.19-90, repeat cycle of 7 days, 3 planes, 1 satellites per plane, full satellites","maxRevisit":0.0,"combReflAvgRevisit":18.50617148973214,"reflMaxRevisitP":0.0},{"radioMaxRevisit":10.753528532131906,"reflMaxRevisitL":24.0,