{"architectures":[{"radioMaxRevisit":17.36123091572583,"reflMaxRevisitL":24.0,"avgRevisit":0.0,"maxRevisitP":6.7227299707977375,"allCoverage":1.0,"reflAvgRevisitP":0.0,"maxRevisitL":6.7227299707977375,"reflAvgRevisitL":24.0,"avgRevisitP":1.3899364181473277,"allMaxRevisit":5.992789911028973,"avgRevisitL":1.3899364181473277,"allAvgRevisit":1.1231674423625635,"cost":687.9143622220746,"repeatCycle":1,"radioAvgRevisit":7.251842677248185,"combReflMaxRevisit":24.0,"reflCoverageL":0.0671641791044776,"combReflCoverage":0.025936599423631117,"reflCoverageP":0.0,"radioCoverage":0.8283582089552238,"overlap":0.9279538904899136,"percentCoverage":0.0,"name":"CYGNSS, repeat cycle of x days, 1 planes, 8 satellites per plane, full satellites","maxRevisit":0.0,"combReflAvgRevisit":23.393202011191327,"reflMaxRevisitP":0.0}]}