{"architectures":[{"coverage":null,"cost":248.0814522218089},{"coverage":null,"cost":248.0814522218089},{"coverage":null,"cost":248.0814522218089}]}