{"architectures":[{"radioMaxRevisit":17.36123091572583,"reflMaxRevisitL":0.0,"avgRevisit":0.0,"maxRevisitP":6.7227299707977375,"allCoverage":1.0,"reflAvgRevisitP":0.0,"maxRevisitL":6.7227299707977375,"reflAvgRevisitL":0.0,"avgRevisitP":1.3899364181473277,"allMaxRevisit":6.228096020742659,"avgRevisitL":1.3899364181473277,"allAvgRevisit":1.2228350653976339,"cost":630.3788583272217,"repeatCycle":7,"radioAvgRevisit":7.251842677248185,"combReflMaxRevisit":0.0,"reflCoverageL":0.0,"combReflCoverage":0.0,"reflCoverageP":0.0,"radioCoverage":0.8283582089552238,"overlap":0.9279538904899136,"percentCoverage":0.0,"name":"LEO-502.5-89, repeat cycle of 7 days, 1 planes, 3 satellites per plane, full satellites only","maxRevisit":0.0,"combReflAvgRevisit":0.0,"reflMaxRevisitP":0.0},{"radioMaxRevisit":5.775636473341018,"reflMaxRevisitL":0.0,"avgRevisit":0.0,"maxRevisitP":6.7227299707977375,"allCoverage":1.0,"reflAvgRevisitP":0.0,"maxRevisitL":6.7227299707977375,"reflAvgRevisitL":0.0,"avgRevisitP":1.3899364181473277,"allMaxRevisit":0.48108344010996923,"avgRevisitL":1.3899364181473277,"allAvgRevisit":0.21477884490843246,"cost":735.1000524123014,"repeatCycle":7,"radioAvgRevisit":1.7404271526521657,"combReflMaxRevisit":0.0,"reflCoverageL":0.0,"combReflCoverage":0.0,"reflCoverageP":0.0,"radioCoverage":1.0,"overlap":0.9798270893371759,"percentCoverage":0.0,"name":"LEO-504.19-90, repeat cycle of 7 days, 4 planes, 4 satellites per plane, full satellites","maxRevisit":0.0,"combReflAvgRevisit":0.0,"reflMaxRevisitP":0.0}]}