{"architectures":[{"cost":0.0,"avgRevisitP":3.6321561940427918,"percentCoverage":1.0,"repeatCycle":8,"avgRevisit":3.6321561940427918,"name":"LEO-496.59-82, repeat cycle of 8 days, 2 planes, 2 satellites per plane, every satellite has both instruments","maxRevisitP":48.18992538539602,"maxRevisit":48.18992538539602,"avgRevisitL":3.6321561940427918,"maxRevisitL":48.18992538539602}]}