altitude,mass,vnir_snr,spatial_res
400.0,11.594219353888937,121.92848836078211,200.0
400.0,11.580239353888937,187.87851867048354,400.0
400.0,11.573249353888936,279.0801191091944,800.0
400.0,11.573249353888936,455.60215907996906,2000.0
400.0,11.594219353888937,279.0801191091944,200.0
400.0,11.580239353888937,405.27865987056265,400.0
400.0,11.573249353888936,581.1133102222896,800.0
400.0,11.573249353888936,926.6315629078624,2000.0
400.0,11.594219353888937,730.0777551359072,200.0
400.0,11.580239353888937,1037.1868456065079,400.0
400.0,11.573249353888936,1470.1620357902298,800.0
400.0,11.573249353888936,2327.733835248313,2000.0
400.0,11.580239353888937,2081.510055284611,400.0
400.0,11.580239353888937,2081.510055284611,400.0
400.0,11.573249353888936,2945.3919555869297,800.0
400.0,11.573249353888936,4658.681174146893,2000.0
400.0,11.573249353888936,5893.326052747348,800.0
400.0,11.573249353888936,5893.326052747348,800.0
400.0,11.573249353888936,5893.326052747348,800.0
400.0,11.573249353888936,9318.971180727734,2000.0
400.0,11.596091384997564,279.0801191091944,200.0
400.0,11.582111384997564,405.27865987056265,400.0
400.0,11.575121384997566,581.1133102222896,800.0
400.0,11.575121384997566,926.6315629078624,2000.0
400.0,11.596091384997564,581.1133102222896,200.0
400.0,11.582111384997564,827.6277307826876,400.0
400.0,11.575121384997566,1174.616111676155,800.0
400.0,11.575121384997566,1861.2247608009714,2000.0
400.0,11.596091384997564,1470.1620357902298,200.0
400.0,11.582111384997564,2081.510055284611,400.0
400.0,11.575121384997566,2945.3919555869297,800.0
400.0,11.575121384997566,4658.681174146893,2000.0
400.0,11.582111384997564,4166.611368573546,400.0
400.0,11.582111384997564,4166.611368573546,400.0
400.0,11.575121384997566,5893.326052747348,800.0
400.0,11.575121384997566,9318.971180727734,2000.0
400.0,11.575121384997566,11787.924205098674,800.0
400.0,11.575121384997566,11787.924205098674,800.0
400.0,11.575121384997566,11787.924205098674,800.0
400.0,11.575121384997566,18638.747038141515,2000.0
400.0,11.601938514257206,730.0777551359072,200.0
400.0,11.587958514257206,1037.1868456065079,400.0
400.0,11.580968514257204,1470.1620357902298,800.0
400.0,11.580968514257204,2327.733835248313,2000.0
400.0,11.601938514257206,1470.1620357902298,200.0
400.0,11.587958514257206,2081.510055284611,400.0
400.0,11.580968514257204,2945.3919555869297,800.0
400.0,11.580968514257204,4658.681174146893,2000.0
400.0,11.601938514257206,3682.502330305114,200.0
400.0,11.587958514257206,5208.8036804788,400.0
400.0,11.580968514257204,7367.039163690416,800.0
400.0,11.580968514257204,11648.955370786227,2000.0
400.0,11.587958514257206,10419.046468655753,400.0
400.0,11.587958514257206,10419.046468655753,400.0
400.0,11.580968514257204,14735.096105914039,800.0
400.0,11.580968514257204,23298.554507934787,2000.0
400.0,11.580968514257204,29470.701167008636,800.0
400.0,11.580968514257204,29470.701167008636,800.0
400.0,11.580968514257204,29470.701167008636,800.0
400.0,11.580968514257204,46597.43091572781,2000.0
400.0,11.61250202290091,1470.1620357902298,200.0
400.0,11.59852202290091,2081.510055284611,400.0
400.0,11.59153202290091,2945.3919555869297,800.0
400.0,11.59153202290091,4658.681174146893,2000.0
400.0,11.61250202290091,2945.3919555869297,200.0
400.0,11.59852202290091,4166.611368573546,400.0
400.0,11.59153202290091,5893.326052747348,800.0
400.0,11.59153202290091,9318.971180727734,2000.0
400.0,11.61250202290091,7367.039163690416,200.0
400.0,11.59852202290091,10419.046468655753,400.0
400.0,11.59153202290091,14735.096105914039,800.0
400.0,11.59153202290091,23298.554507934787,2000.0
400.0,11.59852202290091,20838.812677555852,400.0
400.0,11.59852202290091,20838.812677555852,400.0
400.0,11.59153202290091,29470.701167008636,800.0
400.0,11.59153202290091,46597.43091572781,2000.0
400.0,11.59153202290091,58941.65681984804,800.0
400.0,11.59153202290091,58941.65681984804,800.0
400.0,11.59153202290091,58941.65681984804,800.0
400.0,11.59153202290091,93195.0227834695,2000.0
400.0,11.631773955677911,2650.495280930781,200.0
400.0,11.61779395567791,3749.697212062931,400.0
400.0,11.61080395567791,5303.814449273789,800.0
400.0,11.61080395567791,8386.960821489434,2000.0
400.0,11.631773955677911,5303.814449273789,200.0
400.0,11.61779395567791,7501.39254381836,400.0
400.0,11.61080395567791,10609.042253109214,800.0
400.0,11.61080395567791,16774.815705550507,2000.0
400.0,11.631773955677911,13261.514867029406,200.0
400.0,11.61779395567791,18754.880758993793,400.0
400.0,11.61080395567791,26523.59523408794,800.0
400.0,11.61080395567791,41937.6651717264,2000.0
400.0,11.61779395567791,37510.16139755004,400.0
400.0,11.61779395567791,37510.16139755004,400.0
400.0,11.61080395567791,53047.47322949415,800.0
400.0,11.61080395567791,83875.50917884267,2000.0
400.0,11.61080395567791,106095.08784106045,800.0
400.0,11.61080395567791,106095.08784106045,800.0
400.0,11.61080395567791,106095.08784106045,800.0
400.0,11.61080395567791,167751.10777573774,2000.0
400.0,11.615189353888937,121.92848836078211,200.0
400.0,11.594219353888937,187.87851867048354,400.0
400.0,11.580239353888937,279.0801191091944,800.0
400.0,11.573249353888936,455.60215907996906,2000.0
400.0,11.615189353888937,279.0801191091944,200.0
400.0,11.594219353888937,405.27865987056265,400.0
400.0,11.580239353888937,581.1133102222896,800.0
400.0,11.573249353888936,926.6315629078624,2000.0
400.0,11.615189353888937,730.0777551359072,200.0
400.0,11.594219353888937,1037.1868456065079,400.0
400.0,11.580239353888937,1470.1620357902298,800.0
400.0,11.573249353888936,2327.733835248313,2000.0
400.0,11.594219353888937,2081.510055284611,400.0
400.0,11.594219353888937,2081.510055284611,400.0
400.0,11.580239353888937,2945.3919555869297,800.0
400.0,11.573249353888936,4658.681174146893,2000.0
400.0,11.580239353888937,5893.326052747348,800.0
400.0,11.580239353888937,5893.326052747348,800.0
400.0,11.580239353888937,5893.326052747348,800.0
400.0,11.573249353888936,9318.971180727734,2000.0
400.0,11.617061384997564,279.0801191091944,200.0
400.0,11.596091384997564,405.27865987056265,400.0
400.0,11.582111384997564,581.1133102222896,800.0
400.0,11.575121384997566,926.6315629078624,2000.0
400.0,11.617061384997564,581.1133102222896,200.0
400.0,11.596091384997564,827.6277307826876,400.0
400.0,11.582111384997564,1174.616111676155,800.0
400.0,11.575121384997566,1861.2247608009714,2000.0
400.0,11.617061384997564,1470.1620357902298,200.0
400.0,11.596091384997564,2081.510055284611,400.0
400.0,11.582111384997564,2945.3919555869297,800.0
400.0,11.575121384997566,4658.681174146893,2000.0
400.0,11.596091384997564,4166.611368573546,400.0
400.0,11.596091384997564,4166.611368573546,400.0
400.0,11.582111384997564,5893.326052747348,800.0
400.0,11.575121384997566,9318.971180727734,2000.0
400.0,11.582111384997564,11787.924205098674,800.0
400.0,11.582111384997564,11787.924205098674,800.0
400.0,11.582111384997564,11787.924205098674,800.0
400.0,11.575121384997566,18638.747038141515,2000.0
400.0,11.622908514257205,730.0777551359072,200.0
400.0,11.601938514257206,1037.1868456065079,400.0
400.0,11.587958514257206,1470.1620357902298,800.0
400.0,11.580968514257204,2327.733835248313,2000.0
400.0,11.622908514257205,1470.1620357902298,200.0
400.0,11.601938514257206,2081.510055284611,400.0
400.0,11.587958514257206,2945.3919555869297,800.0
400.0,11.580968514257204,4658.681174146893,2000.0
400.0,11.622908514257205,3682.502330305114,200.0
400.0,11.601938514257206,5208.8036804788,400.0
400.0,11.587958514257206,7367.039163690416,800.0
400.0,11.580968514257204,11648.955370786227,2000.0
400.0,11.601938514257206,10419.046468655753,400.0
400.0,11.601938514257206,10419.046468655753,400.0
400.0,11.587958514257206,14735.096105914039,800.0
400.0,11.580968514257204,23298.554507934787,2000.0
400.0,11.587958514257206,29470.701167008636,800.0
400.0,11.587958514257206,29470.701167008636,800.0
400.0,11.587958514257206,29470.701167008636,800.0
400.0,11.580968514257204,46597.43091572781,2000.0
400.0,11.63347202290091,1470.1620357902298,200.0
400.0,11.61250202290091,2081.510055284611,400.0
400.0,11.59852202290091,2945.3919555869297,800.0
400.0,11.59153202290091,4658.681174146893,2000.0
400.0,11.63347202290091,2945.3919555869297,200.0
400.0,11.61250202290091,4166.611368573546,400.0
400.0,11.59852202290091,5893.326052747348,800.0
400.0,11.59153202290091,9318.971180727734,2000.0
400.0,11.63347202290091,7367.039163690416,200.0
400.0,11.61250202290091,10419.046468655753,400.0
400.0,11.59852202290091,14735.096105914039,800.0
400.0,11.59153202290091,23298.554507934787,2000.0
400.0,11.61250202290091,20838.812677555852,400.0
400.0,11.61250202290091,20838.812677555852,400.0
400.0,11.59852202290091,29470.701167008636,800.0
400.0,11.59153202290091,46597.43091572781,2000.0
400.0,11.59852202290091,58941.65681984804,800.0
400.0,11.59852202290091,58941.65681984804,800.0
400.0,11.59852202290091,58941.65681984804,800.0
400.0,11.59153202290091,93195.0227834695,2000.0
400.0,11.652743955677911,2650.495280930781,200.0
400.0,11.631773955677911,3749.697212062931,400.0
400.0,11.61779395567791,5303.814449273789,800.0
400.0,11.61080395567791,8386.960821489434,2000.0
400.0,11.652743955677911,5303.814449273789,200.0
400.0,11.631773955677911,7501.39254381836,400.0
400.0,11.61779395567791,10609.042253109214,800.0
400.0,11.61080395567791,16774.815705550507,2000.0
400.0,11.652743955677911,13261.514867029406,200.0
400.0,11.631773955677911,18754.880758993793,400.0
400.0,11.61779395567791,26523.59523408794,800.0
400.0,11.61080395567791,41937.6651717264,2000.0
400.0,11.631773955677911,37510.16139755004,400.0
400.0,11.631773955677911,37510.16139755004,400.0
400.0,11.61779395567791,53047.47322949415,800.0
400.0,11.61080395567791,83875.50917884267,2000.0
400.0,11.61779395567791,106095.08784106045,800.0
400.0,11.61779395567791,106095.08784106045,800.0
400.0,11.61779395567791,106095.08784106045,800.0
400.0,11.61080395567791,167751.10777573774,2000.0
400.0,11.692079353888936,121.92848836078211,200.0
400.0,11.629169353888937,187.87851867048354,400.0
400.0,11.601209353888937,279.0801191091944,800.0
400.0,11.580239353888937,455.60215907996906,2000.0
400.0,11.692079353888936,279.0801191091944,200.0
400.0,11.629169353888937,405.27865987056265,400.0
400.0,11.601209353888937,581.1133102222896,800.0
400.0,11.580239353888937,926.6315629078624,2000.0
400.0,11.692079353888936,730.0777551359072,200.0
400.0,11.629169353888937,1037.1868456065079,400.0
400.0,11.601209353888937,1470.1620357902298,800.0
400.0,11.580239353888937,2327.733835248313,2000.0
400.0,11.629169353888937,2081.510055284611,400.0
400.0,11.629169353888937,2081.510055284611,400.0
400.0,11.601209353888937,2945.3919555869297,800.0
400.0,11.580239353888937,4658.681174146893,2000.0
400.0,11.601209353888937,5893.326052747348,800.0
400.0,11.601209353888937,5893.326052747348,800.0
400.0,11.601209353888937,5893.326052747348,800.0
400.0,11.580239353888937,9318.971180727734,2000.0
400.0,11.693951384997565,279.0801191091944,200.0
400.0,11.631041384997564,405.27865987056265,400.0
400.0,11.603081384997564,581.1133102222896,800.0
400.0,11.582111384997564,926.6315629078624,2000.0
400.0,11.693951384997565,581.1133102222896,200.0
400.0,11.631041384997564,827.6277307826876,400.0
400.0,11.603081384997564,1174.616111676155,800.0
400.0,11.582111384997564,1861.2247608009714,2000.0
400.0,11.693951384997565,1470.1620357902298,200.0
400.0,11.631041384997564,2081.510055284611,400.0
400.0,11.603081384997564,2945.3919555869297,800.0
400.0,11.582111384997564,4658.681174146893,2000.0
400.0,11.631041384997564,4166.611368573546,400.0
400.0,11.631041384997564,4166.611368573546,400.0
400.0,11.603081384997564,5893.326052747348,800.0
400.0,11.582111384997564,9318.971180727734,2000.0
400.0,11.603081384997564,11787.924205098674,800.0
400.0,11.603081384997564,11787.924205098674,800.0
400.0,11.603081384997564,11787.924205098674,800.0
400.0,11.582111384997564,18638.747038141515,2000.0
400.0,11.699798514257205,730.0777551359072,200.0
400.0,11.636888514257205,1037.1868456065079,400.0
400.0,11.608928514257205,1470.1620357902298,800.0
400.0,11.587958514257206,2327.733835248313,2000.0
400.0,11.699798514257205,1470.1620357902298,200.0
400.0,11.636888514257205,2081.510055284611,400.0
400.0,11.608928514257205,2945.3919555869297,800.0
400.0,11.587958514257206,4658.681174146893,2000.0
400.0,11.699798514257205,3682.502330305114,200.0
400.0,11.636888514257205,5208.8036804788,400.0
400.0,11.608928514257205,7367.039163690416,800.0
400.0,11.587958514257206,11648.955370786227,2000.0
400.0,11.636888514257205,10419.046468655753,400.0
400.0,11.636888514257205,10419.046468655753,400.0
400.0,11.608928514257205,14735.096105914039,800.0
400.0,11.587958514257206,23298.554507934787,2000.0
400.0,11.608928514257205,29470.701167008636,800.0
400.0,11.608928514257205,29470.701167008636,800.0
400.0,11.608928514257205,29470.701167008636,800.0
400.0,11.587958514257206,46597.43091572781,2000.0
400.0,11.710362022900911,1470.1620357902298,200.0
400.0,11.64745202290091,2081.510055284611,400.0
400.0,11.61949202290091,2945.3919555869297,800.0
400.0,11.59852202290091,4658.681174146893,2000.0
400.0,11.710362022900911,2945.3919555869297,200.0
400.0,11.64745202290091,4166.611368573546,400.0
400.0,11.61949202290091,5893.326052747348,800.0
400.0,11.59852202290091,9318.971180727734,2000.0
400.0,11.710362022900911,7367.039163690416,200.0
400.0,11.64745202290091,10419.046468655753,400.0
400.0,11.61949202290091,14735.096105914039,800.0
400.0,11.59852202290091,23298.554507934787,2000.0
400.0,11.64745202290091,20838.812677555852,400.0
400.0,11.64745202290091,20838.812677555852,400.0
400.0,11.61949202290091,29470.701167008636,800.0
400.0,11.59852202290091,46597.43091572781,2000.0
400.0,11.61949202290091,58941.65681984804,800.0
400.0,11.61949202290091,58941.65681984804,800.0
400.0,11.61949202290091,58941.65681984804,800.0
400.0,11.59852202290091,93195.0227834695,2000.0
400.0,11.72963395567791,2650.495280930781,200.0
400.0,11.66672395567791,3749.697212062931,400.0
400.0,11.638763955677911,5303.814449273789,800.0
400.0,11.61779395567791,8386.960821489434,2000.0
400.0,11.72963395567791,5303.814449273789,200.0
400.0,11.66672395567791,7501.39254381836,400.0
400.0,11.638763955677911,10609.042253109214,800.0
400.0,11.61779395567791,16774.815705550507,2000.0
400.0,11.72963395567791,13261.514867029406,200.0
400.0,11.66672395567791,18754.880758993793,400.0
400.0,11.638763955677911,26523.59523408794,800.0
400.0,11.61779395567791,41937.6651717264,2000.0
400.0,11.66672395567791,37510.16139755004,400.0
400.0,11.66672395567791,37510.16139755004,400.0
400.0,11.638763955677911,53047.47322949415,800.0
400.0,11.61779395567791,83875.50917884267,2000.0
400.0,11.638763955677911,106095.08784106045,800.0
400.0,11.638763955677911,106095.08784106045,800.0
400.0,11.638763955677911,106095.08784106045,800.0
400.0,11.61779395567791,167751.10777573774,2000.0
400.0,11.810909353888936,121.92848836078211,200.0
400.0,11.692079353888936,187.87851867048354,400.0
400.0,11.629169353888937,279.0801191091944,800.0
400.0,11.594219353888937,455.60215907996906,2000.0
400.0,11.810909353888936,279.0801191091944,200.0
400.0,11.692079353888936,405.27865987056265,400.0
400.0,11.629169353888937,581.1133102222896,800.0
400.0,11.594219353888937,926.6315629078624,2000.0
400.0,11.810909353888936,730.0777551359072,200.0
400.0,11.692079353888936,1037.1868456065079,400.0
400.0,11.629169353888937,1470.1620357902298,800.0
400.0,11.594219353888937,2327.733835248313,2000.0
400.0,11.692079353888936,2081.510055284611,400.0
400.0,11.692079353888936,2081.510055284611,400.0
400.0,11.629169353888937,2945.3919555869297,800.0
400.0,11.594219353888937,4658.681174146893,2000.0
400.0,11.629169353888937,5893.326052747348,800.0
400.0,11.629169353888937,5893.326052747348,800.0
400.0,11.629169353888937,5893.326052747348,800.0
400.0,11.594219353888937,9318.971180727734,2000.0
400.0,11.812781384997564,279.0801191091944,200.0
400.0,11.693951384997565,405.27865987056265,400.0
400.0,11.631041384997564,581.1133102222896,800.0
400.0,11.596091384997564,926.6315629078624,2000.0
400.0,11.812781384997564,581.1133102222896,200.0
400.0,11.693951384997565,827.6277307826876,400.0
400.0,11.631041384997564,1174.616111676155,800.0
400.0,11.596091384997564,1861.2247608009714,2000.0
400.0,11.812781384997564,1470.1620357902298,200.0
400.0,11.693951384997565,2081.510055284611,400.0
400.0,11.631041384997564,2945.3919555869297,800.0
400.0,11.596091384997564,4658.681174146893,2000.0
400.0,11.693951384997565,4166.611368573546,400.0
400.0,11.693951384997565,4166.611368573546,400.0
400.0,11.631041384997564,5893.326052747348,800.0
400.0,11.596091384997564,9318.971180727734,2000.0
400.0,11.631041384997564,11787.924205098674,800.0
400.0,11.631041384997564,11787.924205098674,800.0
400.0,11.631041384997564,11787.924205098674,800.0
400.0,11.596091384997564,18638.747038141515,2000.0
400.0,11.818628514257206,730.0777551359072,200.0
400.0,11.699798514257205,1037.1868456065079,400.0
400.0,11.636888514257205,1470.1620357902298,800.0
400.0,11.601938514257206,2327.733835248313,2000.0
400.0,11.818628514257206,1470.1620357902298,200.0
400.0,11.699798514257205,2081.510055284611,400.0
400.0,11.636888514257205,2945.3919555869297,800.0
400.0,11.601938514257206,4658.681174146893,2000.0
400.0,11.818628514257206,3682.502330305114,200.0
400.0,11.699798514257205,5208.8036804788,400.0
400.0,11.636888514257205,7367.039163690416,800.0
400.0,11.601938514257206,11648.955370786227,2000.0
400.0,11.699798514257205,10419.046468655753,400.0
400.0,11.699798514257205,10419.046468655753,400.0
400.0,11.636888514257205,14735.096105914039,800.0
400.0,11.601938514257206,23298.554507934787,2000.0
400.0,11.636888514257205,29470.701167008636,800.0
400.0,11.636888514257205,29470.701167008636,800.0
400.0,11.636888514257205,29470.701167008636,800.0
400.0,11.601938514257206,46597.43091572781,2000.0
400.0,11.82919202290091,1470.1620357902298,200.0
400.0,11.710362022900911,2081.510055284611,400.0
400.0,11.64745202290091,2945.3919555869297,800.0
400.0,11.61250202290091,4658.681174146893,2000.0
400.0,11.82919202290091,2945.3919555869297,200.0
400.0,11.710362022900911,4166.611368573546,400.0
400.0,11.64745202290091,5893.326052747348,800.0
400.0,11.61250202290091,9318.971180727734,2000.0
400.0,11.82919202290091,7367.039163690416,200.0
400.0,11.710362022900911,10419.046468655753,400.0
400.0,11.64745202290091,14735.096105914039,800.0
400.0,11.61250202290091,23298.554507934787,2000.0
400.0,11.710362022900911,20838.812677555852,400.0
400.0,11.710362022900911,20838.812677555852,400.0
400.0,11.64745202290091,29470.701167008636,800.0
400.0,11.61250202290091,46597.43091572781,2000.0
400.0,11.64745202290091,58941.65681984804,800.0
400.0,11.64745202290091,58941.65681984804,800.0
400.0,11.64745202290091,58941.65681984804,800.0
400.0,11.61250202290091,93195.0227834695,2000.0
400.0,11.84846395567791,2650.495280930781,200.0
400.0,11.72963395567791,3749.697212062931,400.0
400.0,11.66672395567791,5303.814449273789,800.0
400.0,11.631773955677911,8386.960821489434,2000.0
400.0,11.84846395567791,5303.814449273789,200.0
400.0,11.72963395567791,7501.39254381836,400.0
400.0,11.66672395567791,10609.042253109214,800.0
400.0,11.631773955677911,16774.815705550507,2000.0
400.0,11.84846395567791,13261.514867029406,200.0
400.0,11.72963395567791,18754.880758993793,400.0
400.0,11.66672395567791,26523.59523408794,800.0
400.0,11.631773955677911,41937.6651717264,2000.0
400.0,11.72963395567791,37510.16139755004,400.0
400.0,11.72963395567791,37510.16139755004,400.0
400.0,11.66672395567791,53047.47322949415,800.0
400.0,11.631773955677911,83875.50917884267,2000.0
400.0,11.66672395567791,106095.08784106045,800.0
400.0,11.66672395567791,106095.08784106045,800.0
400.0,11.66672395567791,106095.08784106045,800.0
400.0,11.631773955677911,167751.10777573774,2000.0
400.0,12.055559353888937,121.92848836078211,200.0
400.0,11.810909353888936,187.87851867048354,400.0
400.0,11.692079353888936,279.0801191091944,800.0
400.0,11.615189353888937,455.60215907996906,2000.0
400.0,12.055559353888937,279.0801191091944,200.0
400.0,11.810909353888936,405.27865987056265,400.0
400.0,11.692079353888936,581.1133102222896,800.0
400.0,11.615189353888937,926.6315629078624,2000.0
400.0,12.055559353888937,730.0777551359072,200.0
400.0,11.810909353888936,1037.1868456065079,400.0
400.0,11.692079353888936,1470.1620357902298,800.0
400.0,11.615189353888937,2327.733835248313,2000.0
400.0,11.810909353888936,2081.510055284611,400.0
400.0,11.810909353888936,2081.510055284611,400.0
400.0,11.692079353888936,2945.3919555869297,800.0
400.0,11.615189353888937,4658.681174146893,2000.0
400.0,11.692079353888936,5893.326052747348,800.0
400.0,11.692079353888936,5893.326052747348,800.0
400.0,11.692079353888936,5893.326052747348,800.0
400.0,11.615189353888937,9318.971180727734,2000.0
400.0,12.057431384997564,279.0801191091944,200.0
400.0,11.812781384997564,405.27865987056265,400.0
400.0,11.693951384997565,581.1133102222896,800.0
400.0,11.617061384997564,926.6315629078624,2000.0
400.0,12.057431384997564,581.1133102222896,200.0
400.0,11.812781384997564,827.6277307826876,400.0
400.0,11.693951384997565,1174.616111676155,800.0
400.0,11.617061384997564,1861.2247608009714,2000.0
400.0,12.057431384997564,1470.1620357902298,200.0
400.0,11.812781384997564,2081.510055284611,400.0
400.0,11.693951384997565,2945.3919555869297,800.0
400.0,11.617061384997564,4658.681174146893,2000.0
400.0,11.812781384997564,4166.611368573546,400.0
400.0,11.812781384997564,4166.611368573546,400.0
400.0,11.693951384997565,5893.326052747348,800.0
400.0,11.617061384997564,9318.971180727734,2000.0
400.0,11.693951384997565,11787.924205098674,800.0
400.0,11.693951384997565,11787.924205098674,800.0
400.0,11.693951384997565,11787.924205098674,800.0
400.0,11.617061384997564,18638.747038141515,2000.0
400.0,12.063278514257206,730.0777551359072,200.0
400.0,11.818628514257206,1037.1868456065079,400.0
400.0,11.699798514257205,1470.1620357902298,800.0
400.0,11.622908514257205,2327.733835248313,2000.0
400.0,12.063278514257206,1470.1620357902298,200.0
400.0,11.818628514257206,2081.510055284611,400.0
400.0,11.699798514257205,2945.3919555869297,800.0
400.0,11.622908514257205,4658.681174146893,2000.0
400.0,12.063278514257206,3682.502330305114,200.0
400.0,11.818628514257206,5208.8036804788,400.0
400.0,11.699798514257205,7367.039163690416,800.0
400.0,11.622908514257205,11648.955370786227,2000.0
400.0,11.818628514257206,10419.046468655753,400.0
400.0,11.818628514257206,10419.046468655753,400.0
400.0,11.699798514257205,14735.096105914039,800.0
400.0,11.622908514257205,23298.554507934787,2000.0
400.0,11.699798514257205,29470.701167008636,800.0
400.0,11.699798514257205,29470.701167008636,800.0
400.0,11.699798514257205,29470.701167008636,800.0
400.0,11.622908514257205,46597.43091572781,2000.0
400.0,12.07384202290091,1470.1620357902298,200.0
400.0,11.82919202290091,2081.510055284611,400.0
400.0,11.710362022900911,2945.3919555869297,800.0
400.0,11.63347202290091,4658.681174146893,2000.0
400.0,12.07384202290091,2945.3919555869297,200.0
400.0,11.82919202290091,4166.611368573546,400.0
400.0,11.710362022900911,5893.326052747348,800.0
400.0,11.63347202290091,9318.971180727734,2000.0
400.0,12.07384202290091,7367.039163690416,200.0
400.0,11.82919202290091,10419.046468655753,400.0
400.0,11.710362022900911,14735.096105914039,800.0
400.0,11.63347202290091,23298.554507934787,2000.0
400.0,11.82919202290091,20838.812677555852,400.0
400.0,11.82919202290091,20838.812677555852,400.0
400.0,11.710362022900911,29470.701167008636,800.0
400.0,11.63347202290091,46597.43091572781,2000.0
400.0,11.710362022900911,58941.65681984804,800.0
400.0,11.710362022900911,58941.65681984804,800.0
400.0,11.710362022900911,58941.65681984804,800.0
400.0,11.63347202290091,93195.0227834695,2000.0
400.0,12.09311395567791,2650.495280930781,200.0
400.0,11.84846395567791,3749.697212062931,400.0
400.0,11.72963395567791,5303.814449273789,800.0
400.0,11.652743955677911,8386.960821489434,2000.0
400.0,12.09311395567791,5303.814449273789,200.0
400.0,11.84846395567791,7501.39254381836,400.0
400.0,11.72963395567791,10609.042253109214,800.0
400.0,11.652743955677911,16774.815705550507,2000.0
400.0,12.09311395567791,13261.514867029406,200.0
400.0,11.84846395567791,18754.880758993793,400.0
400.0,11.72963395567791,26523.59523408794,800.0
400.0,11.652743955677911,41937.6651717264,2000.0
400.0,11.84846395567791,37510.16139755004,400.0
400.0,11.84846395567791,37510.16139755004,400.0
400.0,11.72963395567791,53047.47322949415,800.0
400.0,11.652743955677911,83875.50917884267,2000.0
400.0,11.72963395567791,106095.08784106045,800.0
400.0,11.72963395567791,106095.08784106045,800.0
400.0,11.72963395567791,106095.08784106045,800.0
400.0,11.652743955677911,167751.10777573774,2000.0
400.0,12.789509353888937,121.92848836078211,200.0
400.0,12.181379353888936,187.87851867048354,400.0
400.0,11.873819353888937,279.0801191091944,800.0
400.0,11.692079353888936,455.60215907996906,2000.0
400.0,12.789509353888937,279.0801191091944,200.0
400.0,12.181379353888936,405.27865987056265,400.0
400.0,11.873819353888937,581.1133102222896,800.0
400.0,11.692079353888936,926.6315629078624,2000.0
400.0,12.789509353888937,730.0777551359072,200.0
400.0,12.181379353888936,1037.1868456065079,400.0
400.0,11.873819353888937,1470.1620357902298,800.0
400.0,11.692079353888936,2327.733835248313,2000.0
400.0,12.181379353888936,2081.510055284611,400.0
400.0,12.181379353888936,2081.510055284611,400.0
400.0,11.873819353888937,2945.3919555869297,800.0
400.0,11.692079353888936,4658.681174146893,2000.0
400.0,11.873819353888937,5893.326052747348,800.0
400.0,11.873819353888937,5893.326052747348,800.0
400.0,11.873819353888937,5893.326052747348,800.0
400.0,11.692079353888936,9318.971180727734,2000.0
400.0,12.791381384997564,279.0801191091944,200.0
400.0,12.183251384997565,405.27865987056265,400.0
400.0,11.875691384997564,581.1133102222896,800.0
400.0,11.693951384997565,926.6315629078624,2000.0
400.0,12.791381384997564,581.1133102222896,200.0
400.0,12.183251384997565,827.6277307826876,400.0
400.0,11.875691384997564,1174.616111676155,800.0
400.0,11.693951384997565,1861.2247608009714,2000.0
400.0,12.791381384997564,1470.1620357902298,200.0
400.0,12.183251384997565,2081.510055284611,400.0
400.0,11.875691384997564,2945.3919555869297,800.0
400.0,11.693951384997565,4658.681174146893,2000.0
400.0,12.183251384997565,4166.611368573546,400.0
400.0,12.183251384997565,4166.611368573546,400.0
400.0,11.875691384997564,5893.326052747348,800.0
400.0,11.693951384997565,9318.971180727734,2000.0
400.0,11.875691384997564,11787.924205098674,800.0
400.0,11.875691384997564,11787.924205098674,800.0
400.0,11.875691384997564,11787.924205098674,800.0
400.0,11.693951384997565,18638.747038141515,2000.0
400.0,12.797228514257206,730.0777551359072,200.0
400.0,12.189098514257205,1037.1868456065079,400.0
400.0,11.881538514257205,1470.1620357902298,800.0
400.0,11.699798514257205,2327.733835248313,2000.0
400.0,12.797228514257206,1470.1620357902298,200.0
400.0,12.189098514257205,2081.510055284611,400.0
400.0,11.881538514257205,2945.3919555869297,800.0
400.0,11.699798514257205,4658.681174146893,2000.0
400.0,12.797228514257206,3682.502330305114,200.0
400.0,12.189098514257205,5208.8036804788,400.0
400.0,11.881538514257205,7367.039163690416,800.0
400.0,11.699798514257205,11648.955370786227,2000.0
400.0,12.189098514257205,10419.046468655753,400.0
400.0,12.189098514257205,10419.046468655753,400.0
400.0,11.881538514257205,14735.096105914039,800.0
400.0,11.699798514257205,23298.554507934787,2000.0
400.0,11.881538514257205,29470.701167008636,800.0
400.0,11.881538514257205,29470.701167008636,800.0
400.0,11.881538514257205,29470.701167008636,800.0
400.0,11.699798514257205,46597.43091572781,2000.0
400.0,12.80779202290091,1470.1620357902298,200.0
400.0,12.19966202290091,2081.510055284611,400.0
400.0,11.892102022900911,2945.3919555869297,800.0
400.0,11.710362022900911,4658.681174146893,2000.0
400.0,12.80779202290091,2945.3919555869297,200.0
400.0,12.19966202290091,4166.611368573546,400.0
400.0,11.892102022900911,5893.326052747348,800.0
400.0,11.710362022900911,9318.971180727734,2000.0
400.0,12.80779202290091,7367.039163690416,200.0
400.0,12.19966202290091,10419.046468655753,400.0
400.0,11.892102022900911,14735.096105914039,800.0
400.0,11.710362022900911,23298.554507934787,2000.0
400.0,12.19966202290091,20838.812677555852,400.0
400.0,12.19966202290091,20838.812677555852,400.0
400.0,11.892102022900911,29470.701167008636,800.0
400.0,11.710362022900911,46597.43091572781,2000.0
400.0,11.892102022900911,58941.65681984804,800.0
400.0,11.892102022900911,58941.65681984804,800.0
400.0,11.892102022900911,58941.65681984804,800.0
400.0,11.710362022900911,93195.0227834695,2000.0
400.0,12.827063955677911,2650.495280930781,200.0
400.0,12.21893395567791,3749.697212062931,400.0
400.0,11.91137395567791,5303.814449273789,800.0
400.0,11.72963395567791,8386.960821489434,2000.0
400.0,12.827063955677911,5303.814449273789,200.0
400.0,12.21893395567791,7501.39254381836,400.0
400.0,11.91137395567791,10609.042253109214,800.0
400.0,11.72963395567791,16774.815705550507,2000.0
400.0,12.827063955677911,13261.514867029406,200.0
400.0,12.21893395567791,18754.880758993793,400.0
400.0,11.91137395567791,26523.59523408794,800.0
400.0,11.72963395567791,41937.6651717264,2000.0
400.0,12.21893395567791,37510.16139755004,400.0
400.0,12.21893395567791,37510.16139755004,400.0
400.0,11.91137395567791,53047.47322949415,800.0
400.0,11.72963395567791,83875.50917884267,2000.0
400.0,11.91137395567791,106095.08784106045,800.0
400.0,11.91137395567791,106095.08784106045,800.0
400.0,11.91137395567791,106095.08784106045,800.0
400.0,11.72963395567791,167751.10777573774,2000.0
400.0,11.619305213336073,24.070885572259368,122.00000000000001
400.0,11.598335213336073,43.70252658711157,200.0
400.0,11.584355213336073,75.17503596634263,400.0
400.0,11.577365213336073,140.833336222508,1000.0
400.0,11.619305213336073,75.17503596634263,122.00000000000001
400.0,11.598335213336073,121.92848836078211,200.0
400.0,11.584355213336073,187.87851867048354,400.0
400.0,11.577365213336073,315.29341373446647,1000.0
400.0,11.619305213336073,243.18415746558625,122.00000000000001
400.0,11.598335213336073,355.51999079219377,200.0
400.0,11.584355213336073,511.6362637702084,400.0
400.0,11.577365213336073,817.7322527234811,1000.0
400.0,11.598335213336073,730.0777551359072,200.0
400.0,11.598335213336073,730.0777551359072,200.0
400.0,11.584355213336073,1037.1868456065079,400.0
400.0,11.577365213336073,1644.4451703827294,1000.0
400.0,11.584355213336073,2081.510055284611,400.0
400.0,11.584355213336073,2081.510055284611,400.0
400.0,11.584355213336073,2081.510055284611,400.0
400.0,11.577365213336073,3293.4270968044143,1000.0
400.0,11.62126076824838,75.17503596634263,100.0
400.0,11.60029076824838,121.92848836078211,200.0
400.0,11.58631076824838,187.87851867048354,400.0
400.0,11.57932076824838,315.29341373446647,1000.0
400.0,11.62126076824838,187.87851867048354,100.0
400.0,11.60029076824838,279.0801191091944,200.0
400.0,11.58631076824838,405.27865987056265,400.0
400.0,11.57932076824838,651.5298948599619,1000.0
400.0,11.62126076824838,511.6362637702084,100.0
400.0,11.60029076824838,730.0777551359072,200.0
400.0,11.58631076824838,1037.1868456065079,400.0
400.0,11.57932076824838,1644.4451703827294,1000.0
400.0,11.60029076824838,1470.1620357902298,200.0
400.0,11.60029076824838,1470.1620357902298,200.0
400.0,11.58631076824838,2081.510055284611,400.0
400.0,11.57932076824838,3293.4270968044143,1000.0
400.0,11.58631076824838,4166.611368573546,400.0
400.0,11.58631076824838,4166.611368573546,400.0
400.0,11.58631076824838,4166.611368573546,400.0
400.0,11.57932076824838,6589.128444658277,1000.0
400.0,11.627368776974244,243.18415746558625,100.0
400.0,11.606398776974244,355.51999079219377,200.0
400.0,11.592418776974243,511.6362637702084,400.0
400.0,11.585428776974243,817.7322527234811,1000.0
400.0,11.627368776974244,511.6362637702084,100.0
400.0,11.606398776974244,730.0777551359072,200.0
400.0,11.592418776974243,1037.1868456065079,400.0
400.0,11.585428776974243,1644.4451703827294,1000.0
400.0,11.627368776974244,1298.6187318558345,100.0
400.0,11.606398776974244,1839.220867850267,200.0
400.0,11.592418776974243,2602.9642219030243,400.0
400.0,11.585428776974243,4117.465962609573,1000.0
400.0,11.606398776974244,3682.502330305114,200.0
400.0,11.606398776974244,3682.502330305114,200.0
400.0,11.592418776974243,5208.8036804788,400.0
400.0,11.585428776974243,8236.75189139552,1000.0
400.0,11.592418776974243,10419.046468655753,400.0
400.0,11.592418776974243,10419.046468655753,400.0
400.0,11.592418776974243,10419.046468655753,400.0
400.0,11.585428776974243,16474.41414302556,1000.0
400.0,11.638403594250619,511.6362637702084,100.0
400.0,11.617433594250619,730.0777551359072,200.0
400.0,11.603453594250619,1037.1868456065079,400.0
400.0,11.596463594250618,1644.4451703827294,1000.0
400.0,11.638403594250619,1037.1868456065079,100.0
400.0,11.617433594250619,1470.1620357902298,200.0
400.0,11.603453594250619,2081.510055284611,400.0
400.0,11.596463594250618,3293.4270968044143,1000.0
400.0,11.638403594250619,2602.9642219030243,100.0
400.0,11.617433594250619,3682.502330305114,200.0
400.0,11.603453594250619,5208.8036804788,400.0
400.0,11.596463594250618,8236.75189139552,1000.0
400.0,11.617433594250619,7367.039163690416,200.0
400.0,11.617433594250619,7367.039163690416,200.0
400.0,11.603453594250619,10419.046468655753,400.0
400.0,11.596463594250618,16474.41414302556,1000.0
400.0,11.603453594250619,20838.812677555852,400.0
400.0,11.603453594250619,20838.812677555852,400.0
400.0,11.603453594250619,20838.812677555852,400.0
400.0,11.596463594250618,32949.28351333446,1000.0
400.0,11.658535376590146,932.4705447117017,100.0
400.0,11.637565376590146,1322.4349875189066,200.0
400.0,11.623585376590146,1872.854470651857,400.0
400.0,11.616595376590146,2963.7645248251033,1000.0
400.0,11.658535376590146,1872.854470651857,100.0
400.0,11.637565376590146,2650.495280930781,200.0
400.0,11.623585376590146,3749.697212062931,400.0
400.0,11.616595376590146,5930.05548389346,1000.0
400.0,11.658535376590146,4687.720826428607,100.0
400.0,11.637565376590146,6630.192023898248,200.0
400.0,11.623585376590146,9377.040531904127,400.0
400.0,11.616595376590146,14826.908661440953,1000.0
400.0,11.637565376590146,13261.514867029406,200.0
400.0,11.637565376590146,13261.514867029406,200.0
400.0,11.623585376590146,18754.880758993793,400.0
400.0,11.616595376590146,29654.3231268765,1000.0
400.0,11.623585376590146,37510.16139755004,400.0
400.0,11.623585376590146,37510.16139755004,400.0
400.0,11.623585376590146,37510.16139755004,400.0
400.0,11.616595376590146,59308.899163838665,1000.0
400.0,11.668235213336072,24.070885572259368,122.00000000000001
400.0,11.619305213336073,43.70252658711157,200.0
400.0,11.598335213336073,75.17503596634263,400.0
400.0,11.584355213336073,140.833336222508,1000.0
400.0,11.668235213336072,75.17503596634263,122.00000000000001
400.0,11.619305213336073,121.92848836078211,200.0
400.0,11.598335213336073,187.87851867048354,400.0
400.0,11.584355213336073,315.29341373446647,1000.0
400.0,11.668235213336072,243.18415746558625,122.00000000000001
400.0,11.619305213336073,355.51999079219377,200.0
400.0,11.598335213336073,511.6362637702084,400.0
400.0,11.584355213336073,817.7322527234811,1000.0
400.0,11.619305213336073,730.0777551359072,200.0
400.0,11.619305213336073,730.0777551359072,200.0
400.0,11.598335213336073,1037.1868456065079,400.0
400.0,11.584355213336073,1644.4451703827294,1000.0
400.0,11.598335213336073,2081.510055284611,400.0
400.0,11.598335213336073,2081.510055284611,400.0
400.0,11.598335213336073,2081.510055284611,400.0
400.0,11.584355213336073,3293.4270968044143,1000.0
400.0,11.67019076824838,75.17503596634263,100.0
400.0,11.62126076824838,121.92848836078211,200.0
400.0,11.60029076824838,187.87851867048354,400.0
400.0,11.58631076824838,315.29341373446647,1000.0
400.0,11.67019076824838,187.87851867048354,100.0
400.0,11.62126076824838,279.0801191091944,200.0
400.0,11.60029076824838,405.27865987056265,400.0
400.0,11.58631076824838,651.5298948599619,1000.0
400.0,11.67019076824838,511.6362637702084,100.0
400.0,11.62126076824838,730.0777551359072,200.0
400.0,11.60029076824838,1037.1868456065079,400.0
400.0,11.58631076824838,1644.4451703827294,1000.0
400.0,11.62126076824838,1470.1620357902298,200.0
400.0,11.62126076824838,1470.1620357902298,200.0
400.0,11.60029076824838,2081.510055284611,400.0
400.0,11.58631076824838,3293.4270968044143,1000.0
400.0,11.60029076824838,4166.611368573546,400.0
400.0,11.60029076824838,4166.611368573546,400.0
400.0,11.60029076824838,4166.611368573546,400.0
400.0,11.58631076824838,6589.128444658277,1000.0
400.0,11.676298776974244,243.18415746558625,100.0
400.0,11.627368776974244,355.51999079219377,200.0
400.0,11.606398776974244,511.6362637702084,400.0
400.0,11.592418776974243,817.7322527234811,1000.0
400.0,11.676298776974244,511.6362637702084,100.0
400.0,11.627368776974244,730.0777551359072,200.0
400.0,11.606398776974244,1037.1868456065079,400.0
400.0,11.592418776974243,1644.4451703827294,1000.0
400.0,11.676298776974244,1298.6187318558345,100.0
400.0,11.627368776974244,1839.220867850267,200.0
400.0,11.606398776974244,2602.9642219030243,400.0
400.0,11.592418776974243,4117.465962609573,1000.0
400.0,11.627368776974244,3682.502330305114,200.0
400.0,11.627368776974244,3682.502330305114,200.0
400.0,11.606398776974244,5208.8036804788,400.0
400.0,11.592418776974243,8236.75189139552,1000.0
400.0,11.606398776974244,10419.046468655753,400.0
400.0,11.606398776974244,10419.046468655753,400.0
400.0,11.606398776974244,10419.046468655753,400.0
400.0,11.592418776974243,16474.41414302556,1000.0
400.0,11.68733359425062,511.6362637702084,100.0
400.0,11.638403594250619,730.0777551359072,200.0
400.0,11.617433594250619,1037.1868456065079,400.0
400.0,11.603453594250619,1644.4451703827294,1000.0
400.0,11.68733359425062,1037.1868456065079,100.0
400.0,11.638403594250619,1470.1620357902298,200.0
400.0,11.617433594250619,2081.510055284611,400.0
400.0,11.603453594250619,3293.4270968044143,1000.0
400.0,11.68733359425062,2602.9642219030243,100.0
400.0,11.638403594250619,3682.502330305114,200.0
400.0,11.617433594250619,5208.8036804788,400.0
400.0,11.603453594250619,8236.75189139552,1000.0
400.0,11.638403594250619,7367.039163690416,200.0
400.0,11.638403594250619,7367.039163690416,200.0
400.0,11.617433594250619,10419.046468655753,400.0
400.0,11.603453594250619,16474.41414302556,1000.0
400.0,11.617433594250619,20838.812677555852,400.0
400.0,11.617433594250619,20838.812677555852,400.0
400.0,11.617433594250619,20838.812677555852,400.0
400.0,11.603453594250619,32949.28351333446,1000.0
400.0,11.707465376590147,932.4705447117017,100.0
400.0,11.658535376590146,1322.4349875189066,200.0
400.0,11.637565376590146,1872.854470651857,400.0
400.0,11.623585376590146,2963.7645248251033,1000.0
400.0,11.707465376590147,1872.854470651857,100.0
400.0,11.658535376590146,2650.495280930781,200.0
400.0,11.637565376590146,3749.697212062931,400.0
400.0,11.623585376590146,5930.05548389346,1000.0
400.0,11.707465376590147,4687.720826428607,100.0
400.0,11.658535376590146,6630.192023898248,200.0
400.0,11.637565376590146,9377.040531904127,400.0
400.0,11.623585376590146,14826.908661440953,1000.0
400.0,11.658535376590146,13261.514867029406,200.0
400.0,11.658535376590146,13261.514867029406,200.0
400.0,11.637565376590146,18754.880758993793,400.0
400.0,11.623585376590146,29654.3231268765,1000.0
400.0,11.637565376590146,37510.16139755004,400.0
400.0,11.637565376590146,37510.16139755004,400.0
400.0,11.637565376590146,37510.16139755004,400.0
400.0,11.623585376590146,59308.899163838665,1000.0
400.0,11.815025213336073,24.070885572259368,122.00000000000001
400.0,11.696195213336072,43.70252658711157,200.0
400.0,11.633285213336073,75.17503596634263,400.0
400.0,11.598335213336073,140.833336222508,1000.0
400.0,11.815025213336073,75.17503596634263,122.00000000000001
400.0,11.696195213336072,121.92848836078211,200.0
400.0,11.633285213336073,187.87851867048354,400.0
400.0,11.598335213336073,315.29341373446647,1000.0
400.0,11.815025213336073,243.18415746558625,122.00000000000001
400.0,11.696195213336072,355.51999079219377,200.0
400.0,11.633285213336073,511.6362637702084,400.0
400.0,11.598335213336073,817.7322527234811,1000.0
400.0,11.696195213336072,730.0777551359072,200.0
400.0,11.696195213336072,730.0777551359072,200.0
400.0,11.633285213336073,1037.1868456065079,400.0
400.0,11.598335213336073,1644.4451703827294,1000.0
400.0,11.633285213336073,2081.510055284611,400.0
400.0,11.633285213336073,2081.510055284611,400.0
400.0,11.633285213336073,2081.510055284611,400.0
400.0,11.598335213336073,3293.4270968044143,1000.0
400.0,11.81698076824838,75.17503596634263,100.0
400.0,11.69815076824838,121.92848836078211,200.0
400.0,11.63524076824838,187.87851867048354,400.0
400.0,11.60029076824838,315.29341373446647,1000.0
400.0,11.81698076824838,187.87851867048354,100.0
400.0,11.69815076824838,279.0801191091944,200.0
400.0,11.63524076824838,405.27865987056265,400.0
400.0,11.60029076824838,651.5298948599619,1000.0
400.0,11.81698076824838,511.6362637702084,100.0
400.0,11.69815076824838,730.0777551359072,200.0
400.0,11.63524076824838,1037.1868456065079,400.0
400.0,11.60029076824838,1644.4451703827294,1000.0
400.0,11.69815076824838,1470.1620357902298,200.0
400.0,11.69815076824838,1470.1620357902298,200.0
400.0,11.63524076824838,2081.510055284611,400.0
400.0,11.60029076824838,3293.4270968044143,1000.0
400.0,11.63524076824838,4166.611368573546,400.0
400.0,11.63524076824838,4166.611368573546,400.0
400.0,11.63524076824838,4166.611368573546,400.0
400.0,11.60029076824838,6589.128444658277,1000.0
400.0,11.823088776974243,243.18415746558625,100.0
400.0,11.704258776974243,355.51999079219377,200.0
400.0,11.641348776974244,511.6362637702084,400.0
400.0,11.606398776974244,817.7322527234811,1000.0
400.0,11.823088776974243,511.6362637702084,100.0
400.0,11.704258776974243,730.0777551359072,200.0
400.0,11.641348776974244,1037.1868456065079,400.0
400.0,11.606398776974244,1644.4451703827294,1000.0
400.0,11.823088776974243,1298.6187318558345,100.0
400.0,11.704258776974243,1839.220867850267,200.0
400.0,11.641348776974244,2602.9642219030243,400.0
400.0,11.606398776974244,4117.465962609573,1000.0
400.0,11.704258776974243,3682.502330305114,200.0
400.0,11.704258776974243,3682.502330305114,200.0
400.0,11.641348776974244,5208.8036804788,400.0
400.0,11.606398776974244,8236.75189139552,1000.0
400.0,11.641348776974244,10419.046468655753,400.0
400.0,11.641348776974244,10419.046468655753,400.0
400.0,11.641348776974244,10419.046468655753,400.0
400.0,11.606398776974244,16474.41414302556,1000.0
400.0,11.834123594250618,511.6362637702084,100.0
400.0,11.71529359425062,730.0777551359072,200.0
400.0,11.652383594250619,1037.1868456065079,400.0
400.0,11.617433594250619,1644.4451703827294,1000.0
400.0,11.834123594250618,1037.1868456065079,100.0
400.0,11.71529359425062,1470.1620357902298,200.0
400.0,11.652383594250619,2081.510055284611,400.0
400.0,11.617433594250619,3293.4270968044143,1000.0
400.0,11.834123594250618,2602.9642219030243,100.0
400.0,11.71529359425062,3682.502330305114,200.0
400.0,11.652383594250619,5208.8036804788,400.0
400.0,11.617433594250619,8236.75189139552,1000.0
400.0,11.71529359425062,7367.039163690416,200.0
400.0,11.71529359425062,7367.039163690416,200.0
400.0,11.652383594250619,10419.046468655753,400.0
400.0,11.617433594250619,16474.41414302556,1000.0
400.0,11.652383594250619,20838.812677555852,400.0
400.0,11.652383594250619,20838.812677555852,400.0
400.0,11.652383594250619,20838.812677555852,400.0
400.0,11.617433594250619,32949.28351333446,1000.0
400.0,11.854255376590146,932.4705447117017,100.0
400.0,11.735425376590145,1322.4349875189066,200.0
400.0,11.672515376590146,1872.854470651857,400.0
400.0,11.637565376590146,2963.7645248251033,1000.0
400.0,11.854255376590146,1872.854470651857,100.0
400.0,11.735425376590145,2650.495280930781,200.0
400.0,11.672515376590146,3749.697212062931,400.0
400.0,11.637565376590146,5930.05548389346,1000.0
400.0,11.854255376590146,4687.720826428607,100.0
400.0,11.735425376590145,6630.192023898248,200.0
400.0,11.672515376590146,9377.040531904127,400.0
400.0,11.637565376590146,14826.908661440953,1000.0
400.0,11.735425376590145,13261.514867029406,200.0
400.0,11.735425376590145,13261.514867029406,200.0
400.0,11.672515376590146,18754.880758993793,400.0
400.0,11.637565376590146,29654.3231268765,1000.0
400.0,11.672515376590146,37510.16139755004,400.0
400.0,11.672515376590146,37510.16139755004,400.0
400.0,11.672515376590146,37510.16139755004,400.0
400.0,11.637565376590146,59308.899163838665,1000.0
400.0,12.059675213336073,24.070885572259368,122.00000000000001
400.0,11.815025213336073,43.70252658711157,200.0
400.0,11.696195213336072,75.17503596634263,400.0
400.0,11.619305213336073,140.833336222508,1000.0
400.0,12.059675213336073,75.17503596634263,122.00000000000001
400.0,11.815025213336073,121.92848836078211,200.0
400.0,11.696195213336072,187.87851867048354,400.0
400.0,11.619305213336073,315.29341373446647,1000.0
400.0,12.059675213336073,243.18415746558625,122.00000000000001
400.0,11.815025213336073,355.51999079219377,200.0
400.0,11.696195213336072,511.6362637702084,400.0
400.0,11.619305213336073,817.7322527234811,1000.0
400.0,11.815025213336073,730.0777551359072,200.0
400.0,11.815025213336073,730.0777551359072,200.0
400.0,11.696195213336072,1037.1868456065079,400.0
400.0,11.619305213336073,1644.4451703827294,1000.0
400.0,11.696195213336072,2081.510055284611,400.0
400.0,11.696195213336072,2081.510055284611,400.0
400.0,11.696195213336072,2081.510055284611,400.0
400.0,11.619305213336073,3293.4270968044143,1000.0
400.0,12.06163076824838,75.17503596634263,100.0
400.0,11.81698076824838,121.92848836078211,200.0
400.0,11.69815076824838,187.87851867048354,400.0
400.0,11.62126076824838,315.29341373446647,1000.0
400.0,12.06163076824838,187.87851867048354,100.0
400.0,11.81698076824838,279.0801191091944,200.0
400.0,11.69815076824838,405.27865987056265,400.0
400.0,11.62126076824838,651.5298948599619,1000.0
400.0,12.06163076824838,511.6362637702084,100.0
400.0,11.81698076824838,730.0777551359072,200.0
400.0,11.69815076824838,1037.1868456065079,400.0
400.0,11.62126076824838,1644.4451703827294,1000.0
400.0,11.81698076824838,1470.1620357902298,200.0
400.0,11.81698076824838,1470.1620357902298,200.0
400.0,11.69815076824838,2081.510055284611,400.0
400.0,11.62126076824838,3293.4270968044143,1000.0
400.0,11.69815076824838,4166.611368573546,400.0
400.0,11.69815076824838,4166.611368573546,400.0
400.0,11.69815076824838,4166.611368573546,400.0
400.0,11.62126076824838,6589.128444658277,1000.0
400.0,12.067738776974243,243.18415746558625,100.0
400.0,11.823088776974243,355.51999079219377,200.0
400.0,11.704258776974243,511.6362637702084,400.0
400.0,11.627368776974244,817.7322527234811,1000.0
400.0,12.067738776974243,511.6362637702084,100.0
400.0,11.823088776974243,730.0777551359072,200.0
400.0,11.704258776974243,1037.1868456065079,400.0
400.0,11.627368776974244,1644.4451703827294,1000.0
400.0,12.067738776974243,1298.6187318558345,100.0
400.0,11.823088776974243,1839.220867850267,200.0
400.0,11.704258776974243,2602.9642219030243,400.0
400.0,11.627368776974244,4117.465962609573,1000.0
400.0,11.823088776974243,3682.502330305114,200.0
400.0,11.823088776974243,3682.502330305114,200.0
400.0,11.704258776974243,5208.8036804788,400.0
400.0,11.627368776974244,8236.75189139552,1000.0
400.0,11.704258776974243,10419.046468655753,400.0
400.0,11.704258776974243,10419.046468655753,400.0
400.0,11.704258776974243,10419.046468655753,400.0
400.0,11.627368776974244,16474.41414302556,1000.0
400.0,12.078773594250618,511.6362637702084,100.0
400.0,11.834123594250618,730.0777551359072,200.0
400.0,11.71529359425062,1037.1868456065079,400.0
400.0,11.638403594250619,1644.4451703827294,1000.0
400.0,12.078773594250618,1037.1868456065079,100.0
400.0,11.834123594250618,1470.1620357902298,200.0
400.0,11.71529359425062,2081.510055284611,400.0
400.0,11.638403594250619,3293.4270968044143,1000.0
400.0,12.078773594250618,2602.9642219030243,100.0
400.0,11.834123594250618,3682.502330305114,200.0
400.0,11.71529359425062,5208.8036804788,400.0
400.0,11.638403594250619,8236.75189139552,1000.0
400.0,11.834123594250618,7367.039163690416,200.0
400.0,11.834123594250618,7367.039163690416,200.0
400.0,11.71529359425062,10419.046468655753,400.0
400.0,11.638403594250619,16474.41414302556,1000.0
400.0,11.71529359425062,20838.812677555852,400.0
400.0,11.71529359425062,20838.812677555852,400.0
400.0,11.71529359425062,20838.812677555852,400.0
400.0,11.638403594250619,32949.28351333446,1000.0
400.0,12.098905376590146,932.4705447117017,100.0
400.0,11.854255376590146,1322.4349875189066,200.0
400.0,11.735425376590145,1872.854470651857,400.0
400.0,11.658535376590146,2963.7645248251033,1000.0
400.0,12.098905376590146,1872.854470651857,100.0
400.0,11.854255376590146,2650.495280930781,200.0
400.0,11.735425376590145,3749.697212062931,400.0
400.0,11.658535376590146,5930.05548389346,1000.0
400.0,12.098905376590146,4687.720826428607,100.0
400.0,11.854255376590146,6630.192023898248,200.0
400.0,11.735425376590145,9377.040531904127,400.0
400.0,11.658535376590146,14826.908661440953,1000.0
400.0,11.854255376590146,13261.514867029406,200.0
400.0,11.854255376590146,13261.514867029406,200.0
400.0,11.735425376590145,18754.880758993793,400.0
400.0,11.658535376590146,29654.3231268765,1000.0
400.0,11.735425376590145,37510.16139755004,400.0
400.0,11.735425376590145,37510.16139755004,400.0
400.0,11.735425376590145,37510.16139755004,400.0
400.0,11.658535376590146,59308.899163838665,1000.0
400.0,12.548975213336071,24.070885572259368,122.00000000000001
400.0,12.059675213336073,43.70252658711157,200.0
400.0,11.815025213336073,75.17503596634263,400.0
400.0,11.668235213336072,140.833336222508,1000.0
400.0,12.548975213336071,75.17503596634263,122.00000000000001
400.0,12.059675213336073,121.92848836078211,200.0
400.0,11.815025213336073,187.87851867048354,400.0
400.0,11.668235213336072,315.29341373446647,1000.0
400.0,12.548975213336071,243.18415746558625,122.00000000000001
400.0,12.059675213336073,355.51999079219377,200.0
400.0,11.815025213336073,511.6362637702084,400.0
400.0,11.668235213336072,817.7322527234811,1000.0
400.0,12.059675213336073,730.0777551359072,200.0
400.0,12.059675213336073,730.0777551359072,200.0
400.0,11.815025213336073,1037.1868456065079,400.0
400.0,11.668235213336072,1644.4451703827294,1000.0
400.0,11.815025213336073,2081.510055284611,400.0
400.0,11.815025213336073,2081.510055284611,400.0
400.0,11.815025213336073,2081.510055284611,400.0
400.0,11.668235213336072,3293.4270968044143,1000.0
400.0,12.55093076824838,75.17503596634263,100.0
400.0,12.06163076824838,121.92848836078211,200.0
400.0,11.81698076824838,187.87851867048354,400.0
400.0,11.67019076824838,315.29341373446647,1000.0
400.0,12.55093076824838,187.87851867048354,100.0
400.0,12.06163076824838,279.0801191091944,200.0
400.0,11.81698076824838,405.27865987056265,400.0
400.0,11.67019076824838,651.5298948599619,1000.0
400.0,12.55093076824838,511.6362637702084,100.0
400.0,12.06163076824838,730.0777551359072,200.0
400.0,11.81698076824838,1037.1868456065079,400.0
400.0,11.67019076824838,1644.4451703827294,1000.0
400.0,12.06163076824838,1470.1620357902298,200.0
400.0,12.06163076824838,1470.1620357902298,200.0
400.0,11.81698076824838,2081.510055284611,400.0
400.0,11.67019076824838,3293.4270968044143,1000.0
400.0,11.81698076824838,4166.611368573546,400.0
400.0,11.81698076824838,4166.611368573546,400.0
400.0,11.81698076824838,4166.611368573546,400.0
400.0,11.67019076824838,6589.128444658277,1000.0
400.0,12.557038776974244,243.18415746558625,100.0
400.0,12.067738776974243,355.51999079219377,200.0
400.0,11.823088776974243,511.6362637702084,400.0
400.0,11.676298776974244,817.7322527234811,1000.0
400.0,12.557038776974244,511.6362637702084,100.0
400.0,12.067738776974243,730.0777551359072,200.0
400.0,11.823088776974243,1037.1868456065079,400.0
400.0,11.676298776974244,1644.4451703827294,1000.0
400.0,12.557038776974244,1298.6187318558345,100.0
400.0,12.067738776974243,1839.220867850267,200.0
400.0,11.823088776974243,2602.9642219030243,400.0
400.0,11.676298776974244,4117.465962609573,1000.0
400.0,12.067738776974243,3682.502330305114,200.0
400.0,12.067738776974243,3682.502330305114,200.0
400.0,11.823088776974243,5208.8036804788,400.0
400.0,11.676298776974244,8236.75189139552,1000.0
400.0,11.823088776974243,10419.046468655753,400.0
400.0,11.823088776974243,10419.046468655753,400.0
400.0,11.823088776974243,10419.046468655753,400.0
400.0,11.676298776974244,16474.41414302556,1000.0
400.0,12.568073594250619,511.6362637702084,100.0
400.0,12.078773594250618,730.0777551359072,200.0
400.0,11.834123594250618,1037.1868456065079,400.0
400.0,11.68733359425062,1644.4451703827294,1000.0
400.0,12.568073594250619,1037.1868456065079,100.0
400.0,12.078773594250618,1470.1620357902298,200.0
400.0,11.834123594250618,2081.510055284611,400.0
400.0,11.68733359425062,3293.4270968044143,1000.0
400.0,12.568073594250619,2602.9642219030243,100.0
400.0,12.078773594250618,3682.502330305114,200.0
400.0,11.834123594250618,5208.8036804788,400.0
400.0,11.68733359425062,8236.75189139552,1000.0
400.0,12.078773594250618,7367.039163690416,200.0
400.0,12.078773594250618,7367.039163690416,200.0
400.0,11.834123594250618,10419.046468655753,400.0
400.0,11.68733359425062,16474.41414302556,1000.0
400.0,11.834123594250618,20838.812677555852,400.0
400.0,11.834123594250618,20838.812677555852,400.0
400.0,11.834123594250618,20838.812677555852,400.0
400.0,11.68733359425062,32949.28351333446,1000.0
400.0,12.588205376590146,932.4705447117017,100.0
400.0,12.098905376590146,1322.4349875189066,200.0
400.0,11.854255376590146,1872.854470651857,400.0
400.0,11.707465376590147,2963.7645248251033,1000.0
400.0,12.588205376590146,1872.854470651857,100.0
400.0,12.098905376590146,2650.495280930781,200.0
400.0,11.854255376590146,3749.697212062931,400.0
400.0,11.707465376590147,5930.05548389346,1000.0
400.0,12.588205376590146,4687.720826428607,100.0
400.0,12.098905376590146,6630.192023898248,200.0
400.0,11.854255376590146,9377.040531904127,400.0
400.0,11.707465376590147,14826.908661440953,1000.0
400.0,12.098905376590146,13261.514867029406,200.0
400.0,12.098905376590146,13261.514867029406,200.0
400.0,11.854255376590146,18754.880758993793,400.0
400.0,11.707465376590147,29654.3231268765,1000.0
400.0,11.854255376590146,37510.16139755004,400.0
400.0,11.854255376590146,37510.16139755004,400.0
400.0,11.854255376590146,37510.16139755004,400.0
400.0,11.707465376590147,59308.899163838665,1000.0
400.0,14.016875213336071,24.070885572259368,122.00000000000001
400.0,12.793625213336073,43.70252658711157,200.0
400.0,12.185495213336072,75.17503596634263,400.0
400.0,11.815025213336073,140.833336222508,1000.0
400.0,14.016875213336071,75.17503596634263,122.00000000000001
400.0,12.793625213336073,121.92848836078211,200.0
400.0,12.185495213336072,187.87851867048354,400.0
400.0,11.815025213336073,315.29341373446647,1000.0
400.0,14.016875213336071,243.18415746558625,122.00000000000001
400.0,12.793625213336073,355.51999079219377,200.0
400.0,12.185495213336072,511.6362637702084,400.0
400.0,11.815025213336073,817.7322527234811,1000.0
400.0,12.793625213336073,730.0777551359072,200.0
400.0,12.793625213336073,730.0777551359072,200.0
400.0,12.185495213336072,1037.1868456065079,400.0
400.0,11.815025213336073,1644.4451703827294,1000.0
400.0,12.185495213336072,2081.510055284611,400.0
400.0,12.185495213336072,2081.510055284611,400.0
400.0,12.185495213336072,2081.510055284611,400.0
400.0,11.815025213336073,3293.4270968044143,1000.0
400.0,14.01883076824838,75.17503596634263,100.0
400.0,12.79558076824838,121.92848836078211,200.0
400.0,12.18745076824838,187.87851867048354,400.0
400.0,11.81698076824838,315.29341373446647,1000.0
400.0,14.01883076824838,187.87851867048354,100.0
400.0,12.79558076824838,279.0801191091944,200.0
400.0,12.18745076824838,405.27865987056265,400.0
400.0,11.81698076824838,651.5298948599619,1000.0
400.0,14.01883076824838,511.6362637702084,100.0
400.0,12.79558076824838,730.0777551359072,200.0
400.0,12.18745076824838,1037.1868456065079,400.0
400.0,11.81698076824838,1644.4451703827294,1000.0
400.0,12.79558076824838,1470.1620357902298,200.0
400.0,12.79558076824838,1470.1620357902298,200.0
400.0,12.18745076824838,2081.510055284611,400.0
400.0,11.81698076824838,3293.4270968044143,1000.0
400.0,12.18745076824838,4166.611368573546,400.0
400.0,12.18745076824838,4166.611368573546,400.0
400.0,12.18745076824838,4166.611368573546,400.0
400.0,11.81698076824838,6589.128444658277,1000.0
400.0,14.024938776974244,243.18415746558625,100.0
400.0,12.801688776974244,355.51999079219377,200.0
400.0,12.193558776974243,511.6362637702084,400.0
400.0,11.823088776974243,817.7322527234811,1000.0
400.0,14.024938776974244,511.6362637702084,100.0
400.0,12.801688776974244,730.0777551359072,200.0
400.0,12.193558776974243,1037.1868456065079,400.0
400.0,11.823088776974243,1644.4451703827294,1000.0
400.0,14.024938776974244,1298.6187318558345,100.0
400.0,12.801688776974244,1839.220867850267,200.0
400.0,12.193558776974243,2602.9642219030243,400.0
400.0,11.823088776974243,4117.465962609573,1000.0
400.0,12.801688776974244,3682.502330305114,200.0
400.0,12.801688776974244,3682.502330305114,200.0
400.0,12.193558776974243,5208.8036804788,400.0
400.0,11.823088776974243,8236.75189139552,1000.0
400.0,12.193558776974243,10419.046468655753,400.0
400.0,12.193558776974243,10419.046468655753,400.0
400.0,12.193558776974243,10419.046468655753,400.0
400.0,11.823088776974243,16474.41414302556,1000.0
400.0,14.035973594250619,511.6362637702084,100.0
400.0,12.812723594250619,730.0777551359072,200.0
400.0,12.20459359425062,1037.1868456065079,400.0
400.0,11.834123594250618,1644.4451703827294,1000.0
400.0,14.035973594250619,1037.1868456065079,100.0
400.0,12.812723594250619,1470.1620357902298,200.0
400.0,12.20459359425062,2081.510055284611,400.0
400.0,11.834123594250618,3293.4270968044143,1000.0
400.0,14.035973594250619,2602.9642219030243,100.0
400.0,12.812723594250619,3682.502330305114,200.0
400.0,12.20459359425062,5208.8036804788,400.0
400.0,11.834123594250618,8236.75189139552,1000.0
400.0,12.812723594250619,7367.039163690416,200.0
400.0,12.812723594250619,7367.039163690416,200.0
400.0,12.20459359425062,10419.046468655753,400.0
400.0,11.834123594250618,16474.41414302556,1000.0
400.0,12.20459359425062,20838.812677555852,400.0
400.0,12.20459359425062,20838.812677555852,400.0
400.0,12.20459359425062,20838.812677555852,400.0
400.0,11.834123594250618,32949.28351333446,1000.0
400.0,14.056105376590146,932.4705447117017,100.0
400.0,12.832855376590146,1322.4349875189066,200.0
400.0,12.224725376590145,1872.854470651857,400.0
400.0,11.854255376590146,2963.7645248251033,1000.0
400.0,14.056105376590146,1872.854470651857,100.0
400.0,12.832855376590146,2650.495280930781,200.0
400.0,12.224725376590145,3749.697212062931,400.0
400.0,11.854255376590146,5930.05548389346,1000.0
400.0,14.056105376590146,4687.720826428607,100.0
400.0,12.832855376590146,6630.192023898248,200.0
400.0,12.224725376590145,9377.040531904127,400.0
400.0,11.854255376590146,14826.908661440953,1000.0
400.0,12.832855376590146,13261.514867029406,200.0
400.0,12.832855376590146,13261.514867029406,200.0
400.0,12.224725376590145,18754.880758993793,400.0
400.0,11.854255376590146,29654.3231268765,1000.0
400.0,12.224725376590145,37510.16139755004,400.0
400.0,12.224725376590145,37510.16139755004,400.0
400.0,12.224725376590145,37510.16139755004,400.0
400.0,11.854255376590146,59308.899163838665,1000.0
400.0,11.709677745917771,1.722171239825486,122.00000000000001
400.0,11.64676774591777,3.415309290677437,122.00000000000001
400.0,11.61880774591777,6.718759064910667,160.0
400.0,11.59783774591777,16.033789904734498,400.0
400.0,11.709677745917771,6.718759064910667,122.00000000000001
400.0,11.64676774591777,13.021190757963437,122.00000000000001
400.0,11.61880774591777,24.5856859705805,160.0
400.0,11.59783774591777,53.37198972801093,400.0
400.0,11.709677745917771,36.26110823710275,122.00000000000001
400.0,11.64676774591777,63.538307389664276,122.00000000000001
400.0,11.61880774591777,104.99616122512884,160.0
400.0,11.59783774591777,187.87851867048354,400.0
400.0,11.64676774591777,164.24482040828335,122.00000000000001
400.0,11.64676774591777,164.24482040828335,122.00000000000001
400.0,11.61880774591777,246.45631564104448,160.0
400.0,11.59783774591777,405.27865987056265,400.0
400.0,11.61880774591777,517.9552287129192,160.0
400.0,11.61880774591777,517.9552287129192,160.0
400.0,11.61880774591777,517.9552287129192,160.0
400.0,11.59783774591777,827.6277307826878,400.0
400.0,11.711906904051695,6.718759064910667,61.00000000000001
400.0,11.648996904051696,13.021190757963437,80.0
400.0,11.621036904051696,24.5856859705805,160.0
400.0,11.600066904051696,53.37198972801093,400.0
400.0,11.711906904051695,24.5856859705805,61.00000000000001
400.0,11.648996904051696,44.56363070763326,80.0
400.0,11.621036904051696,76.50284960083647,160.0
400.0,11.600066904051696,142.96510666601193,400.0
400.0,11.711906904051695,104.99616122512884,61.00000000000001
400.0,11.648996904051696,164.24482040828335,80.0
400.0,11.621036904051696,246.45631564104448,160.0
400.0,11.600066904051696,405.27865987056265,400.0
400.0,11.648996904051696,360.0506273682001,80.0
400.0,11.648996904051696,360.0506273682001,80.0
400.0,11.621036904051696,517.9552287129192,160.0
400.0,11.600066904051696,827.6277307826878,400.0
400.0,11.621036904051696,1049.67156743077,160.0
400.0,11.621036904051696,1049.67156743077,160.0
400.0,11.621036904051696,1049.67156743077,160.0
400.0,11.600066904051696,1664.1331010951694,400.0
400.0,11.718869489069197,36.26110823710275,40.0
400.0,11.655959489069197,63.538307389664276,80.0
400.0,11.627999489069197,104.99616122512884,160.0
400.0,11.607029489069198,187.87851867048354,400.0
400.0,11.718869489069197,104.99616122512884,40.0
400.0,11.655959489069197,164.24482040828335,80.0
400.0,11.627999489069197,246.45631564104448,160.0
400.0,11.607029489069198,405.27865987056265,400.0
400.0,11.718869489069197,315.2934137344665,40.0
400.0,11.655959489069197,455.60215907996906,80.0
400.0,11.627999489069197,651.529894859962,160.0
400.0,11.607029489069198,1037.1868456065079,400.0
400.0,11.655959489069197,926.6315629078624,80.0
400.0,11.655959489069197,926.6315629078624,80.0
400.0,11.627999489069197,1314.200020237686,160.0
400.0,11.607029489069198,2081.510055284611,400.0
400.0,11.627999489069197,2634.0600199489304,160.0
400.0,11.627999489069197,2634.0600199489304,160.0
400.0,11.627999489069197,2634.0600199489304,160.0
400.0,11.607029489069198,4166.611368573546,400.0
400.0,11.731448196285847,104.99616122512884,40.0
400.0,11.668538196285846,164.24482040828335,80.0
400.0,11.640578196285846,246.45631564104448,160.0
400.0,11.619608196285846,405.27865987056265,400.0
400.0,11.731448196285847,246.45631564104448,40.0
400.0,11.668538196285846,360.0506273682001,80.0
400.0,11.640578196285846,517.9552287129192,160.0
400.0,11.619608196285846,827.6277307826878,400.0
400.0,11.731448196285847,651.529894859962,40.0
400.0,11.668538196285846,926.6315629078624,80.0
400.0,11.640578196285846,1314.200020237686,160.0
400.0,11.619608196285846,2081.510055284611,400.0
400.0,11.668538196285846,1861.2247608009714,80.0
400.0,11.668538196285846,1861.2247608009714,80.0
400.0,11.640578196285846,2634.0600199489304,160.0
400.0,11.619608196285846,4166.611368573546,400.0
400.0,11.640578196285846,5270.961474517694,160.0
400.0,11.640578196285846,5270.961474517694,160.0
400.0,11.640578196285846,5270.961474517694,160.0
400.0,11.619608196285846,8335.021272426464,400.0
400.0,11.754396632082816,218.60836867222173,40.0
400.0,11.691486632082817,321.5240141969373,80.0
400.0,11.663526632082817,464.27240019760734,160.0
400.0,11.642556632082817,743.6285776500472,400.0
400.0,11.754396632082816,464.27240019760734,40.0
400.0,11.691486632082817,663.6749062204681,80.0
400.0,11.663526632082817,943.7182013617164,160.0
400.0,11.642556632082817,1497.0904302711413,400.0
400.0,11.754396632082816,1181.986792871801,40.0
400.0,11.691486632082817,1674.5386905671367,80.0
400.0,11.663526632082817,2370.2545366486193,160.0
400.0,11.642556632082817,3749.697212062931,400.0
400.0,11.691486632082817,3353.5334410317632,80.0
400.0,11.691486632082817,3353.5334410317632,80.0
400.0,11.663526632082817,4743.665225120745,160.0
400.0,11.642556632082817,7501.39254381836,400.0
400.0,11.663526632082817,9488.910497118495,160.0
400.0,11.663526632082817,9488.910497118495,160.0
400.0,11.663526632082817,9488.910497118495,160.0
400.0,11.642556632082817,15003.784646683307,400.0
400.0,11.82850774591777,1.722171239825486,122.00000000000001
400.0,11.709677745917771,3.415309290677437,122.00000000000001
400.0,11.64676774591777,6.718759064910667,160.0
400.0,11.61181774591777,16.033789904734498,400.0
400.0,11.82850774591777,6.718759064910667,122.00000000000001
400.0,11.709677745917771,13.021190757963437,122.00000000000001
400.0,11.64676774591777,24.5856859705805,160.0
400.0,11.61181774591777,53.37198972801093,400.0
400.0,11.82850774591777,36.26110823710275,122.00000000000001
400.0,11.709677745917771,63.538307389664276,122.00000000000001
400.0,11.64676774591777,104.99616122512884,160.0
400.0,11.61181774591777,187.87851867048354,400.0
400.0,11.709677745917771,164.24482040828335,122.00000000000001
400.0,11.709677745917771,164.24482040828335,122.00000000000001
400.0,11.64676774591777,246.45631564104448,160.0
400.0,11.61181774591777,405.27865987056265,400.0
400.0,11.64676774591777,517.9552287129192,160.0
400.0,11.64676774591777,517.9552287129192,160.0
400.0,11.64676774591777,517.9552287129192,160.0
400.0,11.61181774591777,827.6277307826878,400.0
400.0,11.830736904051696,6.718759064910667,61.00000000000001
400.0,11.711906904051695,13.021190757963437,80.0
400.0,11.648996904051696,24.5856859705805,160.0
400.0,11.614046904051696,53.37198972801093,400.0
400.0,11.830736904051696,24.5856859705805,61.00000000000001
400.0,11.711906904051695,44.56363070763326,80.0
400.0,11.648996904051696,76.50284960083647,160.0
400.0,11.614046904051696,142.96510666601193,400.0
400.0,11.830736904051696,104.99616122512884,61.00000000000001
400.0,11.711906904051695,164.24482040828335,80.0
400.0,11.648996904051696,246.45631564104448,160.0
400.0,11.614046904051696,405.27865987056265,400.0
400.0,11.711906904051695,360.0506273682001,80.0
400.0,11.711906904051695,360.0506273682001,80.0
400.0,11.648996904051696,517.9552287129192,160.0
400.0,11.614046904051696,827.6277307826878,400.0
400.0,11.648996904051696,1049.67156743077,160.0
400.0,11.648996904051696,1049.67156743077,160.0
400.0,11.648996904051696,1049.67156743077,160.0
400.0,11.614046904051696,1664.1331010951694,400.0
400.0,11.837699489069198,36.26110823710275,40.0
400.0,11.718869489069197,63.538307389664276,80.0
400.0,11.655959489069197,104.99616122512884,160.0
400.0,11.621009489069198,187.87851867048354,400.0
400.0,11.837699489069198,104.99616122512884,40.0
400.0,11.718869489069197,164.24482040828335,80.0
400.0,11.655959489069197,246.45631564104448,160.0
400.0,11.621009489069198,405.27865987056265,400.0
400.0,11.837699489069198,315.2934137344665,40.0
400.0,11.718869489069197,455.60215907996906,80.0
400.0,11.655959489069197,651.529894859962,160.0
400.0,11.621009489069198,1037.1868456065079,400.0
400.0,11.718869489069197,926.6315629078624,80.0
400.0,11.718869489069197,926.6315629078624,80.0
400.0,11.655959489069197,1314.200020237686,160.0
400.0,11.621009489069198,2081.510055284611,400.0
400.0,11.655959489069197,2634.0600199489304,160.0
400.0,11.655959489069197,2634.0600199489304,160.0
400.0,11.655959489069197,2634.0600199489304,160.0
400.0,11.621009489069198,4166.611368573546,400.0
400.0,11.850278196285846,104.99616122512884,40.0
400.0,11.731448196285847,164.24482040828335,80.0
400.0,11.668538196285846,246.45631564104448,160.0
400.0,11.633588196285846,405.27865987056265,400.0
400.0,11.850278196285846,246.45631564104448,40.0
400.0,11.731448196285847,360.0506273682001,80.0
400.0,11.668538196285846,517.9552287129192,160.0
400.0,11.633588196285846,827.6277307826878,400.0
400.0,11.850278196285846,651.529894859962,40.0
400.0,11.731448196285847,926.6315629078624,80.0
400.0,11.668538196285846,1314.200020237686,160.0
400.0,11.633588196285846,2081.510055284611,400.0
400.0,11.731448196285847,1861.2247608009714,80.0
400.0,11.731448196285847,1861.2247608009714,80.0
400.0,11.668538196285846,2634.0600199489304,160.0
400.0,11.633588196285846,4166.611368573546,400.0
400.0,11.668538196285846,5270.961474517694,160.0
400.0,11.668538196285846,5270.961474517694,160.0
400.0,11.668538196285846,5270.961474517694,160.0
400.0,11.633588196285846,8335.021272426464,400.0
400.0,11.873226632082817,218.60836867222173,40.0
400.0,11.754396632082816,321.5240141969373,80.0
400.0,11.691486632082817,464.27240019760734,160.0
400.0,11.656536632082817,743.6285776500472,400.0
400.0,11.873226632082817,464.27240019760734,40.0
400.0,11.754396632082816,663.6749062204681,80.0
400.0,11.691486632082817,943.7182013617164,160.0
400.0,11.656536632082817,1497.0904302711413,400.0
400.0,11.873226632082817,1181.986792871801,40.0
400.0,11.754396632082816,1674.5386905671367,80.0
400.0,11.691486632082817,2370.2545366486193,160.0
400.0,11.656536632082817,3749.697212062931,400.0
400.0,11.754396632082816,3353.5334410317632,80.0
400.0,11.754396632082816,3353.5334410317632,80.0
400.0,11.691486632082817,4743.665225120745,160.0
400.0,11.656536632082817,7501.39254381836,400.0
400.0,11.691486632082817,9488.910497118495,160.0
400.0,11.691486632082817,9488.910497118495,160.0
400.0,11.691486632082817,9488.910497118495,160.0
400.0,11.656536632082817,15003.784646683307,400.0
400.0,12.198977745917771,1.722171239825486,122.00000000000001
400.0,11.89141774591777,3.415309290677437,122.00000000000001
400.0,11.737637745917771,6.718759064910667,160.0
400.0,11.64676774591777,16.033789904734498,400.0
400.0,12.198977745917771,6.718759064910667,122.00000000000001
400.0,11.89141774591777,13.021190757963437,122.00000000000001
400.0,11.737637745917771,24.5856859705805,160.0
400.0,11.64676774591777,53.37198972801093,400.0
400.0,12.198977745917771,36.26110823710275,122.00000000000001
400.0,11.89141774591777,63.538307389664276,122.00000000000001
400.0,11.737637745917771,104.99616122512884,160.0
400.0,11.64676774591777,187.87851867048354,400.0
400.0,11.89141774591777,164.24482040828335,122.00000000000001
400.0,11.89141774591777,164.24482040828335,122.00000000000001
400.0,11.737637745917771,246.45631564104448,160.0
400.0,11.64676774591777,405.27865987056265,400.0
400.0,11.737637745917771,517.9552287129192,160.0
400.0,11.737637745917771,517.9552287129192,160.0
400.0,11.737637745917771,517.9552287129192,160.0
400.0,11.64676774591777,827.6277307826878,400.0
400.0,12.201206904051695,6.718759064910667,61.00000000000001
400.0,11.893646904051696,13.021190757963437,80.0
400.0,11.739866904051695,24.5856859705805,160.0
400.0,11.648996904051696,53.37198972801093,400.0
400.0,12.201206904051695,24.5856859705805,61.00000000000001
400.0,11.893646904051696,44.56363070763326,80.0
400.0,11.739866904051695,76.50284960083647,160.0
400.0,11.648996904051696,142.96510666601193,400.0
400.0,12.201206904051695,104.99616122512884,61.00000000000001
400.0,11.893646904051696,164.24482040828335,80.0
400.0,11.739866904051695,246.45631564104448,160.0
400.0,11.648996904051696,405.27865987056265,400.0
400.0,11.893646904051696,360.0506273682001,80.0
400.0,11.893646904051696,360.0506273682001,80.0
400.0,11.739866904051695,517.9552287129192,160.0
400.0,11.648996904051696,827.6277307826878,400.0
400.0,11.739866904051695,1049.67156743077,160.0
400.0,11.739866904051695,1049.67156743077,160.0
400.0,11.739866904051695,1049.67156743077,160.0
400.0,11.648996904051696,1664.1331010951694,400.0
400.0,12.208169489069197,36.26110823710275,40.0
400.0,11.900609489069197,63.538307389664276,80.0
400.0,11.746829489069198,104.99616122512884,160.0
400.0,11.655959489069197,187.87851867048354,400.0
400.0,12.208169489069197,104.99616122512884,40.0
400.0,11.900609489069197,164.24482040828335,80.0
400.0,11.746829489069198,246.45631564104448,160.0
400.0,11.655959489069197,405.27865987056265,400.0
400.0,12.208169489069197,315.2934137344665,40.0
400.0,11.900609489069197,455.60215907996906,80.0
400.0,11.746829489069198,651.529894859962,160.0
400.0,11.655959489069197,1037.1868456065079,400.0
400.0,11.900609489069197,926.6315629078624,80.0
400.0,11.900609489069197,926.6315629078624,80.0
400.0,11.746829489069198,1314.200020237686,160.0
400.0,11.655959489069197,2081.510055284611,400.0
400.0,11.746829489069198,2634.0600199489304,160.0
400.0,11.746829489069198,2634.0600199489304,160.0
400.0,11.746829489069198,2634.0600199489304,160.0
400.0,11.655959489069197,4166.611368573546,400.0
400.0,12.220748196285847,104.99616122512884,40.0
400.0,11.913188196285846,164.24482040828335,80.0
400.0,11.759408196285847,246.45631564104448,160.0
400.0,11.668538196285846,405.27865987056265,400.0
400.0,12.220748196285847,246.45631564104448,40.0
400.0,11.913188196285846,360.0506273682001,80.0
400.0,11.759408196285847,517.9552287129192,160.0
400.0,11.668538196285846,827.6277307826878,400.0
400.0,12.220748196285847,651.529894859962,40.0
400.0,11.913188196285846,926.6315629078624,80.0
400.0,11.759408196285847,1314.200020237686,160.0
400.0,11.668538196285846,2081.510055284611,400.0
400.0,11.913188196285846,1861.2247608009714,80.0
400.0,11.913188196285846,1861.2247608009714,80.0
400.0,11.759408196285847,2634.0600199489304,160.0
400.0,11.668538196285846,4166.611368573546,400.0
400.0,11.759408196285847,5270.961474517694,160.0
400.0,11.759408196285847,5270.961474517694,160.0
400.0,11.759408196285847,5270.961474517694,160.0
400.0,11.668538196285846,8335.021272426464,400.0
400.0,12.243696632082816,218.60836867222173,40.0
400.0,11.936136632082817,321.5240141969373,80.0
400.0,11.782356632082816,464.27240019760734,160.0
400.0,11.691486632082817,743.6285776500472,400.0
400.0,12.243696632082816,464.27240019760734,40.0
400.0,11.936136632082817,663.6749062204681,80.0
400.0,11.782356632082816,943.7182013617164,160.0
400.0,11.691486632082817,1497.0904302711413,400.0
400.0,12.243696632082816,1181.986792871801,40.0
400.0,11.936136632082817,1674.5386905671367,80.0
400.0,11.782356632082816,2370.2545366486193,160.0
400.0,11.691486632082817,3749.697212062931,400.0
400.0,11.936136632082817,3353.5334410317632,80.0
400.0,11.936136632082817,3353.5334410317632,80.0
400.0,11.782356632082816,4743.665225120745,160.0
400.0,11.691486632082817,7501.39254381836,400.0
400.0,11.782356632082816,9488.910497118495,160.0
400.0,11.782356632082816,9488.910497118495,160.0
400.0,11.782356632082816,9488.910497118495,160.0
400.0,11.691486632082817,15003.784646683307,400.0
400.0,12.80710774591777,1.722171239825486,122.00000000000001
400.0,12.198977745917771,3.415309290677437,122.00000000000001
400.0,11.89141774591777,6.718759064910667,160.0
400.0,11.709677745917771,16.033789904734498,400.0
400.0,12.80710774591777,6.718759064910667,122.00000000000001
400.0,12.198977745917771,13.021190757963437,122.00000000000001
400.0,11.89141774591777,24.5856859705805,160.0
400.0,11.709677745917771,53.37198972801093,400.0
400.0,12.80710774591777,36.26110823710275,122.00000000000001
400.0,12.198977745917771,63.538307389664276,122.00000000000001
400.0,11.89141774591777,104.99616122512884,160.0
400.0,11.709677745917771,187.87851867048354,400.0
400.0,12.198977745917771,164.24482040828335,122.00000000000001
400.0,12.198977745917771,164.24482040828335,122.00000000000001
400.0,11.89141774591777,246.45631564104448,160.0
400.0,11.709677745917771,405.27865987056265,400.0
400.0,11.89141774591777,517.9552287129192,160.0
400.0,11.89141774591777,517.9552287129192,160.0
400.0,11.89141774591777,517.9552287129192,160.0
400.0,11.709677745917771,827.6277307826878,400.0
400.0,12.809336904051696,6.718759064910667,61.00000000000001
400.0,12.201206904051695,13.021190757963437,80.0
400.0,11.893646904051696,24.5856859705805,160.0
400.0,11.711906904051695,53.37198972801093,400.0
400.0,12.809336904051696,24.5856859705805,61.00000000000001
400.0,12.201206904051695,44.56363070763326,80.0
400.0,11.893646904051696,76.50284960083647,160.0
400.0,11.711906904051695,142.96510666601193,400.0
400.0,12.809336904051696,104.99616122512884,61.00000000000001
400.0,12.201206904051695,164.24482040828335,80.0
400.0,11.893646904051696,246.45631564104448,160.0
400.0,11.711906904051695,405.27865987056265,400.0
400.0,12.201206904051695,360.0506273682001,80.0
400.0,12.201206904051695,360.0506273682001,80.0
400.0,11.893646904051696,517.9552287129192,160.0
400.0,11.711906904051695,827.6277307826878,400.0
400.0,11.893646904051696,1049.67156743077,160.0
400.0,11.893646904051696,1049.67156743077,160.0
400.0,11.893646904051696,1049.67156743077,160.0
400.0,11.711906904051695,1664.1331010951694,400.0
400.0,12.816299489069198,36.26110823710275,40.0
400.0,12.208169489069197,63.538307389664276,80.0
400.0,11.900609489069197,104.99616122512884,160.0
400.0,11.718869489069197,187.87851867048354,400.0
400.0,12.816299489069198,104.99616122512884,40.0
400.0,12.208169489069197,164.24482040828335,80.0
400.0,11.900609489069197,246.45631564104448,160.0
400.0,11.718869489069197,405.27865987056265,400.0
400.0,12.816299489069198,315.2934137344665,40.0
400.0,12.208169489069197,455.60215907996906,80.0
400.0,11.900609489069197,651.529894859962,160.0
400.0,11.718869489069197,1037.1868456065079,400.0
400.0,12.208169489069197,926.6315629078624,80.0
400.0,12.208169489069197,926.6315629078624,80.0
400.0,11.900609489069197,1314.200020237686,160.0
400.0,11.718869489069197,2081.510055284611,400.0
400.0,11.900609489069197,2634.0600199489304,160.0
400.0,11.900609489069197,2634.0600199489304,160.0
400.0,11.900609489069197,2634.0600199489304,160.0
400.0,11.718869489069197,4166.611368573546,400.0
400.0,12.828878196285846,104.99616122512884,40.0
400.0,12.220748196285847,164.24482040828335,80.0
400.0,11.913188196285846,246.45631564104448,160.0
400.0,11.731448196285847,405.27865987056265,400.0
400.0,12.828878196285846,246.45631564104448,40.0
400.0,12.220748196285847,360.0506273682001,80.0
400.0,11.913188196285846,517.9552287129192,160.0
400.0,11.731448196285847,827.6277307826878,400.0
400.0,12.828878196285846,651.529894859962,40.0
400.0,12.220748196285847,926.6315629078624,80.0
400.0,11.913188196285846,1314.200020237686,160.0
400.0,11.731448196285847,2081.510055284611,400.0
400.0,12.220748196285847,1861.2247608009714,80.0
400.0,12.220748196285847,1861.2247608009714,80.0
400.0,11.913188196285846,2634.0600199489304,160.0
400.0,11.731448196285847,4166.611368573546,400.0
400.0,11.913188196285846,5270.961474517694,160.0
400.0,11.913188196285846,5270.961474517694,160.0
400.0,11.913188196285846,5270.961474517694,160.0
400.0,11.731448196285847,8335.021272426464,400.0
400.0,12.851826632082815,218.60836867222173,40.0
400.0,12.243696632082816,321.5240141969373,80.0
400.0,11.936136632082817,464.27240019760734,160.0
400.0,11.754396632082816,743.6285776500472,400.0
400.0,12.851826632082815,464.27240019760734,40.0
400.0,12.243696632082816,663.6749062204681,80.0
400.0,11.936136632082817,943.7182013617164,160.0
400.0,11.754396632082816,1497.0904302711413,400.0
400.0,12.851826632082815,1181.986792871801,40.0
400.0,12.243696632082816,1674.5386905671367,80.0
400.0,11.936136632082817,2370.2545366486193,160.0
400.0,11.754396632082816,3749.697212062931,400.0
400.0,12.243696632082816,3353.5334410317632,80.0
400.0,12.243696632082816,3353.5334410317632,80.0
400.0,11.936136632082817,4743.665225120745,160.0
400.0,11.754396632082816,7501.39254381836,400.0
400.0,11.936136632082817,9488.910497118495,160.0
400.0,11.936136632082817,9488.910497118495,160.0
400.0,11.936136632082817,9488.910497118495,160.0
400.0,11.754396632082816,15003.784646683307,400.0
400.0,14.03035774591777,1.722171239825486,122.00000000000001
400.0,12.80710774591777,3.415309290677437,122.00000000000001
400.0,12.198977745917771,6.718759064910667,160.0
400.0,11.82850774591777,16.033789904734498,400.0
400.0,14.03035774591777,6.718759064910667,122.00000000000001
400.0,12.80710774591777,13.021190757963437,122.00000000000001
400.0,12.198977745917771,24.5856859705805,160.0
400.0,11.82850774591777,53.37198972801093,400.0
400.0,14.03035774591777,36.26110823710275,122.00000000000001
400.0,12.80710774591777,63.538307389664276,122.00000000000001
400.0,12.198977745917771,104.99616122512884,160.0
400.0,11.82850774591777,187.87851867048354,400.0
400.0,12.80710774591777,164.24482040828335,122.00000000000001
400.0,12.80710774591777,164.24482040828335,122.00000000000001
400.0,12.198977745917771,246.45631564104448,160.0
400.0,11.82850774591777,405.27865987056265,400.0
400.0,12.198977745917771,517.9552287129192,160.0
400.0,12.198977745917771,517.9552287129192,160.0
400.0,12.198977745917771,517.9552287129192,160.0
400.0,11.82850774591777,827.6277307826878,400.0
400.0,14.032586904051696,6.718759064910667,61.00000000000001
400.0,12.809336904051696,13.021190757963437,80.0
400.0,12.201206904051695,24.5856859705805,160.0
400.0,11.830736904051696,53.37198972801093,400.0
400.0,14.032586904051696,24.5856859705805,61.00000000000001
400.0,12.809336904051696,44.56363070763326,80.0
400.0,12.201206904051695,76.50284960083647,160.0
400.0,11.830736904051696,142.96510666601193,400.0
400.0,14.032586904051696,104.99616122512884,61.00000000000001
400.0,12.809336904051696,164.24482040828335,80.0
400.0,12.201206904051695,246.45631564104448,160.0
400.0,11.830736904051696,405.27865987056265,400.0
400.0,12.809336904051696,360.0506273682001,80.0
400.0,12.809336904051696,360.0506273682001,80.0
400.0,12.201206904051695,517.9552287129192,160.0
400.0,11.830736904051696,827.6277307826878,400.0
400.0,12.201206904051695,1049.67156743077,160.0
400.0,12.201206904051695,1049.67156743077,160.0
400.0,12.201206904051695,1049.67156743077,160.0
400.0,11.830736904051696,1664.1331010951694,400.0
400.0,14.039549489069199,36.26110823710275,40.0
400.0,12.816299489069198,63.538307389664276,80.0
400.0,12.208169489069197,104.99616122512884,160.0
400.0,11.837699489069198,187.87851867048354,400.0
400.0,14.039549489069199,104.99616122512884,40.0
400.0,12.816299489069198,164.24482040828335,80.0
400.0,12.208169489069197,246.45631564104448,160.0
400.0,11.837699489069198,405.27865987056265,400.0
400.0,14.039549489069199,315.2934137344665,40.0
400.0,12.816299489069198,455.60215907996906,80.0
400.0,12.208169489069197,651.529894859962,160.0
400.0,11.837699489069198,1037.1868456065079,400.0
400.0,12.816299489069198,926.6315629078624,80.0
400.0,12.816299489069198,926.6315629078624,80.0
400.0,12.208169489069197,1314.200020237686,160.0
400.0,11.837699489069198,2081.510055284611,400.0
400.0,12.208169489069197,2634.0600199489304,160.0
400.0,12.208169489069197,2634.0600199489304,160.0
400.0,12.208169489069197,2634.0600199489304,160.0
400.0,11.837699489069198,4166.611368573546,400.0
400.0,14.052128196285846,104.99616122512884,40.0
400.0,12.828878196285846,164.24482040828335,80.0
400.0,12.220748196285847,246.45631564104448,160.0
400.0,11.850278196285846,405.27865987056265,400.0
400.0,14.052128196285846,246.45631564104448,40.0
400.0,12.828878196285846,360.0506273682001,80.0
400.0,12.220748196285847,517.9552287129192,160.0
400.0,11.850278196285846,827.6277307826878,400.0
400.0,14.052128196285846,651.529894859962,40.0
400.0,12.828878196285846,926.6315629078624,80.0
400.0,12.220748196285847,1314.200020237686,160.0
400.0,11.850278196285846,2081.510055284611,400.0
400.0,12.828878196285846,1861.2247608009714,80.0
400.0,12.828878196285846,1861.2247608009714,80.0
400.0,12.220748196285847,2634.0600199489304,160.0
400.0,11.850278196285846,4166.611368573546,400.0
400.0,12.220748196285847,5270.961474517694,160.0
400.0,12.220748196285847,5270.961474517694,160.0
400.0,12.220748196285847,5270.961474517694,160.0
400.0,11.850278196285846,8335.021272426464,400.0
400.0,14.075076632082816,218.60836867222173,40.0
400.0,12.851826632082815,321.5240141969373,80.0
400.0,12.243696632082816,464.27240019760734,160.0
400.0,11.873226632082817,743.6285776500472,400.0
400.0,14.075076632082816,464.27240019760734,40.0
400.0,12.851826632082815,663.6749062204681,80.0
400.0,12.243696632082816,943.7182013617164,160.0
400.0,11.873226632082817,1497.0904302711413,400.0
400.0,14.075076632082816,1181.986792871801,40.0
400.0,12.851826632082815,1674.5386905671367,80.0
400.0,12.243696632082816,2370.2545366486193,160.0
400.0,11.873226632082817,3749.697212062931,400.0
400.0,12.851826632082815,3353.5334410317632,80.0
400.0,12.851826632082815,3353.5334410317632,80.0
400.0,12.243696632082816,4743.665225120745,160.0
400.0,11.873226632082817,7501.39254381836,400.0
400.0,12.243696632082816,9488.910497118495,160.0
400.0,12.243696632082816,9488.910497118495,160.0
400.0,12.243696632082816,9488.910497118495,160.0
400.0,11.873226632082817,15003.784646683307,400.0
400.0,17.686127745917773,1.722171239825486,122.00000000000001
400.0,14.638487745917772,3.415309290677437,122.00000000000001
400.0,13.114667745917771,6.718759064910667,160.0
400.0,12.198977745917771,16.033789904734498,400.0
400.0,17.686127745917773,6.718759064910667,122.00000000000001
400.0,14.638487745917772,13.021190757963437,122.00000000000001
400.0,13.114667745917771,24.5856859705805,160.0
400.0,12.198977745917771,53.37198972801093,400.0
400.0,17.686127745917773,36.26110823710275,122.00000000000001
400.0,14.638487745917772,63.538307389664276,122.00000000000001
400.0,13.114667745917771,104.99616122512884,160.0
400.0,12.198977745917771,187.87851867048354,400.0
400.0,14.638487745917772,164.24482040828335,122.00000000000001
400.0,14.638487745917772,164.24482040828335,122.00000000000001
400.0,13.114667745917771,246.45631564104448,160.0
400.0,12.198977745917771,405.27865987056265,400.0
400.0,13.114667745917771,517.9552287129192,160.0
400.0,13.114667745917771,517.9552287129192,160.0
400.0,13.114667745917771,517.9552287129192,160.0
400.0,12.198977745917771,827.6277307826878,400.0
400.0,17.688356904051695,6.718759064910667,61.00000000000001
400.0,14.640716904051695,13.021190757963437,80.0
400.0,13.116896904051696,24.5856859705805,160.0
400.0,12.201206904051695,53.37198972801093,400.0
400.0,17.688356904051695,24.5856859705805,61.00000000000001
400.0,14.640716904051695,44.56363070763326,80.0
400.0,13.116896904051696,76.50284960083647,160.0
400.0,12.201206904051695,142.96510666601193,400.0
400.0,17.688356904051695,104.99616122512884,61.00000000000001
400.0,14.640716904051695,164.24482040828335,80.0
400.0,13.116896904051696,246.45631564104448,160.0
400.0,12.201206904051695,405.27865987056265,400.0
400.0,14.640716904051695,360.0506273682001,80.0
400.0,14.640716904051695,360.0506273682001,80.0
400.0,13.116896904051696,517.9552287129192,160.0
400.0,12.201206904051695,827.6277307826878,400.0
400.0,13.116896904051696,1049.67156743077,160.0
400.0,13.116896904051696,1049.67156743077,160.0
400.0,13.116896904051696,1049.67156743077,160.0
400.0,12.201206904051695,1664.1331010951694,400.0
400.0,17.6953194890692,36.26110823710275,40.0
400.0,14.647679489069198,63.538307389664276,80.0
400.0,13.123859489069197,104.99616122512884,160.0
400.0,12.208169489069197,187.87851867048354,400.0
400.0,17.6953194890692,104.99616122512884,40.0
400.0,14.647679489069198,164.24482040828335,80.0
400.0,13.123859489069197,246.45631564104448,160.0
400.0,12.208169489069197,405.27865987056265,400.0
400.0,17.6953194890692,315.2934137344665,40.0
400.0,14.647679489069198,455.60215907996906,80.0
400.0,13.123859489069197,651.529894859962,160.0
400.0,12.208169489069197,1037.1868456065079,400.0
400.0,14.647679489069198,926.6315629078624,80.0
400.0,14.647679489069198,926.6315629078624,80.0
400.0,13.123859489069197,1314.200020237686,160.0
400.0,12.208169489069197,2081.510055284611,400.0
400.0,13.123859489069197,2634.0600199489304,160.0
400.0,13.123859489069197,2634.0600199489304,160.0
400.0,13.123859489069197,2634.0600199489304,160.0
400.0,12.208169489069197,4166.611368573546,400.0
400.0,17.707898196285846,104.99616122512884,40.0
400.0,14.660258196285845,164.24482040828335,80.0
400.0,13.136438196285846,246.45631564104448,160.0
400.0,12.220748196285847,405.27865987056265,400.0
400.0,17.707898196285846,246.45631564104448,40.0
400.0,14.660258196285845,360.0506273682001,80.0
400.0,13.136438196285846,517.9552287129192,160.0
400.0,12.220748196285847,827.6277307826878,400.0
400.0,17.707898196285846,651.529894859962,40.0
400.0,14.660258196285845,926.6315629078624,80.0
400.0,13.136438196285846,1314.200020237686,160.0
400.0,12.220748196285847,2081.510055284611,400.0
400.0,14.660258196285845,1861.2247608009714,80.0
400.0,14.660258196285845,1861.2247608009714,80.0
400.0,13.136438196285846,2634.0600199489304,160.0
400.0,12.220748196285847,4166.611368573546,400.0
400.0,13.136438196285846,5270.961474517694,160.0
400.0,13.136438196285846,5270.961474517694,160.0
400.0,13.136438196285846,5270.961474517694,160.0
400.0,12.220748196285847,8335.021272426464,400.0
400.0,17.730846632082816,218.60836867222173,40.0
400.0,14.683206632082817,321.5240141969373,80.0
400.0,13.159386632082816,464.27240019760734,160.0
400.0,12.243696632082816,743.6285776500472,400.0
400.0,17.730846632082816,464.27240019760734,40.0
400.0,14.683206632082817,663.6749062204681,80.0
400.0,13.159386632082816,943.7182013617164,160.0
400.0,12.243696632082816,1497.0904302711413,400.0
400.0,17.730846632082816,1181.986792871801,40.0
400.0,14.683206632082817,1674.5386905671367,80.0
400.0,13.159386632082816,2370.2545366486193,160.0
400.0,12.243696632082816,3749.697212062931,400.0
400.0,14.683206632082817,3353.5334410317632,80.0
400.0,14.683206632082817,3353.5334410317632,80.0
400.0,13.159386632082816,4743.665225120745,160.0
400.0,12.243696632082816,7501.39254381836,400.0
400.0,13.159386632082816,9488.910497118495,160.0
400.0,13.159386632082816,9488.910497118495,160.0
400.0,13.159386632082816,9488.910497118495,160.0
400.0,12.243696632082816,15003.784646683307,400.0
400.0,11.85529939180877,0.2168977061669687,122.00000000000001
400.0,11.736469391808772,0.43332623835727335,122.00000000000001
400.0,11.673559391808771,0.8647848786179982,122.00000000000001
400.0,11.638609391808771,2.148134260905059,200.0
400.0,11.85529939180877,0.8647848786179982,122.00000000000001
400.0,11.736469391808772,1.722171239825486,122.00000000000001
400.0,11.673559391808771,3.415309290677437,122.00000000000001
400.0,11.638609391808771,8.331064349231728,200.0
400.0,11.85529939180877,5.286732042512986,122.00000000000001
400.0,11.736469391808772,10.311339114144602,122.00000000000001
400.0,11.673559391808771,19.68144212518832,122.00000000000001
400.0,11.638609391808771,43.70252658711158,200.0
400.0,11.736469391808772,36.26110823710275,122.00000000000001
400.0,11.736469391808772,36.26110823710275,122.00000000000001
400.0,11.673559391808771,63.538307389664276,122.00000000000001
400.0,11.638609391808771,121.92848836078213,200.0
400.0,11.673559391808771,164.24482040828335,122.00000000000001
400.0,11.673559391808771,164.24482040828335,122.00000000000001
400.0,11.673559391808771,164.24482040828335,122.00000000000001
400.0,11.638609391808771,279.08011910919447,200.0
400.0,11.858072237160492,0.8647848786179982,61.00000000000001
400.0,11.739242237160491,1.722171239825486,61.00000000000001
400.0,11.67633223716049,3.415309290677437,80.0
400.0,11.641382237160492,8.331064349231728,200.0
400.0,11.858072237160492,3.415309290677437,61.00000000000001
400.0,11.739242237160491,6.718759064910667,61.00000000000001
400.0,11.67633223716049,13.021190757963437,80.0
400.0,11.641382237160492,29.929232502678815,200.0
400.0,11.858072237160492,19.68144212518832,61.00000000000001
400.0,11.739242237160491,36.26110823710275,61.00000000000001
400.0,11.67633223716049,63.538307389664276,80.0
400.0,11.641382237160492,121.92848836078213,200.0
400.0,11.739242237160491,104.99616122512884,61.00000000000001
400.0,11.739242237160491,104.99616122512884,61.00000000000001
400.0,11.67633223716049,164.24482040828335,80.0
400.0,11.641382237160492,279.08011910919447,200.0
400.0,11.67633223716049,360.0506273682001,80.0
400.0,11.67633223716049,360.0506273682001,80.0
400.0,11.67633223716049,360.0506273682001,80.0
400.0,11.641382237160492,581.1133102222897,200.0
400.0,11.86673298276123,5.286732042512986,24.400000000000002
400.0,11.74790298276123,10.311339114144602,40.0
400.0,11.68499298276123,19.68144212518832,80.0
400.0,11.65004298276123,43.70252658711158,200.0
400.0,11.86673298276123,19.68144212518832,24.400000000000002
400.0,11.74790298276123,36.26110823710275,40.0
400.0,11.68499298276123,63.538307389664276,80.0
400.0,11.65004298276123,121.92848836078213,200.0
400.0,11.86673298276123,88.3931588833904,24.400000000000002
400.0,11.74790298276123,140.833336222508,40.0
400.0,11.68499298276123,214.10016123627665,80.0
400.0,11.65004298276123,355.51999079219377,200.0
400.0,11.74790298276123,315.2934137344665,40.0
400.0,11.74790298276123,315.2934137344665,40.0
400.0,11.68499298276123,455.60215907996906,80.0
400.0,11.65004298276123,730.0777551359072,200.0
400.0,11.68499298276123,926.6315629078624,80.0
400.0,11.68499298276123,926.6315629078624,80.0
400.0,11.68499298276123,926.6315629078624,80.0
400.0,11.65004298276123,1470.1620357902298,200.0
400.0,11.882379611551501,19.68144212518832,20.0
400.0,11.763549611551502,36.26110823710275,40.0
400.0,11.700639611551502,63.538307389664276,80.0
400.0,11.665689611551501,121.92848836078213,200.0
400.0,11.882379611551501,63.538307389664276,20.0
400.0,11.763549611551502,104.99616122512884,40.0
400.0,11.700639611551502,164.24482040828335,80.0
400.0,11.665689611551501,279.08011910919447,200.0
400.0,11.882379611551501,214.10016123627665,20.0
400.0,11.763549611551502,315.2934137344665,40.0
400.0,11.700639611551502,455.60215907996906,80.0
400.0,11.665689611551501,730.0777551359072,200.0
400.0,11.763549611551502,651.529894859962,40.0
400.0,11.763549611551502,651.529894859962,40.0
400.0,11.700639611551502,926.6315629078624,80.0
400.0,11.665689611551501,1470.1620357902298,200.0
400.0,11.700639611551502,1861.2247608009714,80.0
400.0,11.700639611551502,1861.2247608009714,80.0
400.0,11.700639611551502,1861.2247608009714,80.0
400.0,11.665689611551501,2945.3919555869293,200.0
400.0,11.910925125017094,53.90120474512524,20.0
400.0,11.792095125017093,90.69031359592361,40.0
400.0,11.729185125017095,144.09140457231894,80.0
400.0,11.694235125017094,248.1847059602611,200.0
400.0,11.910925125017094,144.09140457231894,20.0
400.0,11.792095125017093,218.60836867222173,40.0
400.0,11.729185125017095,321.5240141969373,80.0
400.0,11.694235125017094,521.2941657723758,200.0
400.0,11.910925125017094,407.940882886483,20.0
400.0,11.792095125017093,584.8350038759991,40.0
400.0,11.729185125017095,832.8572842858679,80.0
400.0,11.694235125017094,1322.4349875189066,200.0
400.0,11.792095125017093,1181.986792871801,40.0
400.0,11.792095125017093,1181.986792871801,40.0
400.0,11.729185125017095,1674.5386905671367,80.0
400.0,11.694235125017094,2650.495280930781,200.0
400.0,11.729185125017095,3353.5334410317632,80.0
400.0,11.729185125017095,3353.5334410317632,80.0
400.0,11.729185125017095,3353.5334410317632,80.0
400.0,11.694235125017094,5303.814449273789,200.0
400.0,12.09994939180877,0.2168977061669687,122.00000000000001
400.0,11.85529939180877,0.43332623835727335,122.00000000000001
400.0,11.736469391808772,0.8647848786179982,122.00000000000001
400.0,11.659579391808771,2.148134260905059,200.0
400.0,12.09994939180877,0.8647848786179982,122.00000000000001
400.0,11.85529939180877,1.722171239825486,122.00000000000001
400.0,11.736469391808772,3.415309290677437,122.00000000000001
400.0,11.659579391808771,8.331064349231728,200.0
400.0,12.09994939180877,5.286732042512986,122.00000000000001
400.0,11.85529939180877,10.311339114144602,122.00000000000001
400.0,11.736469391808772,19.68144212518832,122.00000000000001
400.0,11.659579391808771,43.70252658711158,200.0
400.0,11.85529939180877,36.26110823710275,122.00000000000001
400.0,11.85529939180877,36.26110823710275,122.00000000000001
400.0,11.736469391808772,63.538307389664276,122.00000000000001
400.0,11.659579391808771,121.92848836078213,200.0
400.0,11.736469391808772,164.24482040828335,122.00000000000001
400.0,11.736469391808772,164.24482040828335,122.00000000000001
400.0,11.736469391808772,164.24482040828335,122.00000000000001
400.0,11.659579391808771,279.08011910919447,200.0
400.0,12.102722237160492,0.8647848786179982,61.00000000000001
400.0,11.858072237160492,1.722171239825486,61.00000000000001
400.0,11.739242237160491,3.415309290677437,80.0
400.0,11.66235223716049,8.331064349231728,200.0
400.0,12.102722237160492,3.415309290677437,61.00000000000001
400.0,11.858072237160492,6.718759064910667,61.00000000000001
400.0,11.739242237160491,13.021190757963437,80.0
400.0,11.66235223716049,29.929232502678815,200.0
400.0,12.102722237160492,19.68144212518832,61.00000000000001
400.0,11.858072237160492,36.26110823710275,61.00000000000001
400.0,11.739242237160491,63.538307389664276,80.0
400.0,11.66235223716049,121.92848836078213,200.0
400.0,11.858072237160492,104.99616122512884,61.00000000000001
400.0,11.858072237160492,104.99616122512884,61.00000000000001
400.0,11.739242237160491,164.24482040828335,80.0
400.0,11.66235223716049,279.08011910919447,200.0
400.0,11.739242237160491,360.0506273682001,80.0
400.0,11.739242237160491,360.0506273682001,80.0
400.0,11.739242237160491,360.0506273682001,80.0
400.0,11.66235223716049,581.1133102222897,200.0
400.0,12.11138298276123,5.286732042512986,24.400000000000002
400.0,11.86673298276123,10.311339114144602,40.0
400.0,11.74790298276123,19.68144212518832,80.0
400.0,11.67101298276123,43.70252658711158,200.0
400.0,12.11138298276123,19.68144212518832,24.400000000000002
400.0,11.86673298276123,36.26110823710275,40.0
400.0,11.74790298276123,63.538307389664276,80.0
400.0,11.67101298276123,121.92848836078213,200.0
400.0,12.11138298276123,88.3931588833904,24.400000000000002
400.0,11.86673298276123,140.833336222508,40.0
400.0,11.74790298276123,214.10016123627665,80.0
400.0,11.67101298276123,355.51999079219377,200.0
400.0,11.86673298276123,315.2934137344665,40.0
400.0,11.86673298276123,315.2934137344665,40.0
400.0,11.74790298276123,455.60215907996906,80.0
400.0,11.67101298276123,730.0777551359072,200.0
400.0,11.74790298276123,926.6315629078624,80.0
400.0,11.74790298276123,926.6315629078624,80.0
400.0,11.74790298276123,926.6315629078624,80.0
400.0,11.67101298276123,1470.1620357902298,200.0
400.0,12.127029611551501,19.68144212518832,20.0
400.0,11.882379611551501,36.26110823710275,40.0
400.0,11.763549611551502,63.538307389664276,80.0
400.0,11.686659611551502,121.92848836078213,200.0
400.0,12.127029611551501,63.538307389664276,20.0
400.0,11.882379611551501,104.99616122512884,40.0
400.0,11.763549611551502,164.24482040828335,80.0
400.0,11.686659611551502,279.08011910919447,200.0
400.0,12.127029611551501,214.10016123627665,20.0
400.0,11.882379611551501,315.2934137344665,40.0
400.0,11.763549611551502,455.60215907996906,80.0
400.0,11.686659611551502,730.0777551359072,200.0
400.0,11.882379611551501,651.529894859962,40.0
400.0,11.882379611551501,651.529894859962,40.0
400.0,11.763549611551502,926.6315629078624,80.0
400.0,11.686659611551502,1470.1620357902298,200.0
400.0,11.763549611551502,1861.2247608009714,80.0
400.0,11.763549611551502,1861.2247608009714,80.0
400.0,11.763549611551502,1861.2247608009714,80.0
400.0,11.686659611551502,2945.3919555869293,200.0
400.0,12.155575125017094,53.90120474512524,20.0
400.0,11.910925125017094,90.69031359592361,40.0
400.0,11.792095125017093,144.09140457231894,80.0
400.0,11.715205125017095,248.1847059602611,200.0
400.0,12.155575125017094,144.09140457231894,20.0
400.0,11.910925125017094,218.60836867222173,40.0
400.0,11.792095125017093,321.5240141969373,80.0
400.0,11.715205125017095,521.2941657723758,200.0
400.0,12.155575125017094,407.940882886483,20.0
400.0,11.910925125017094,584.8350038759991,40.0
400.0,11.792095125017093,832.8572842858679,80.0
400.0,11.715205125017095,1322.4349875189066,200.0
400.0,11.910925125017094,1181.986792871801,40.0
400.0,11.910925125017094,1181.986792871801,40.0
400.0,11.792095125017093,1674.5386905671367,80.0
400.0,11.715205125017095,2650.495280930781,200.0
400.0,11.792095125017093,3353.5334410317632,80.0
400.0,11.792095125017093,3353.5334410317632,80.0
400.0,11.792095125017093,3353.5334410317632,80.0
400.0,11.715205125017095,5303.814449273789,200.0
400.0,12.833899391808771,0.2168977061669687,122.00000000000001
400.0,12.225769391808772,0.43332623835727335,122.00000000000001
400.0,11.918209391808771,0.8647848786179982,122.00000000000001
400.0,11.736469391808772,2.148134260905059,200.0
400.0,12.833899391808771,0.8647848786179982,122.00000000000001
400.0,12.225769391808772,1.722171239825486,122.00000000000001
400.0,11.918209391808771,3.415309290677437,122.00000000000001
400.0,11.736469391808772,8.331064349231728,200.0
400.0,12.833899391808771,5.286732042512986,122.00000000000001
400.0,12.225769391808772,10.311339114144602,122.00000000000001
400.0,11.918209391808771,19.68144212518832,122.00000000000001
400.0,11.736469391808772,43.70252658711158,200.0
400.0,12.225769391808772,36.26110823710275,122.00000000000001
400.0,12.225769391808772,36.26110823710275,122.00000000000001
400.0,11.918209391808771,63.538307389664276,122.00000000000001
400.0,11.736469391808772,121.92848836078213,200.0
400.0,11.918209391808771,164.24482040828335,122.00000000000001
400.0,11.918209391808771,164.24482040828335,122.00000000000001
400.0,11.918209391808771,164.24482040828335,122.00000000000001
400.0,11.736469391808772,279.08011910919447,200.0
400.0,12.836672237160492,0.8647848786179982,61.00000000000001
400.0,12.228542237160491,1.722171239825486,61.00000000000001
400.0,11.92098223716049,3.415309290677437,80.0
400.0,11.739242237160491,8.331064349231728,200.0
400.0,12.836672237160492,3.415309290677437,61.00000000000001
400.0,12.228542237160491,6.718759064910667,61.00000000000001
400.0,11.92098223716049,13.021190757963437,80.0
400.0,11.739242237160491,29.929232502678815,200.0
400.0,12.836672237160492,19.68144212518832,61.00000000000001
400.0,12.228542237160491,36.26110823710275,61.00000000000001
400.0,11.92098223716049,63.538307389664276,80.0
400.0,11.739242237160491,121.92848836078213,200.0
400.0,12.228542237160491,104.99616122512884,61.00000000000001
400.0,12.228542237160491,104.99616122512884,61.00000000000001
400.0,11.92098223716049,164.24482040828335,80.0
400.0,11.739242237160491,279.08011910919447,200.0
400.0,11.92098223716049,360.0506273682001,80.0
400.0,11.92098223716049,360.0506273682001,80.0
400.0,11.92098223716049,360.0506273682001,80.0
400.0,11.739242237160491,581.1133102222897,200.0
400.0,12.84533298276123,5.286732042512986,24.400000000000002
400.0,12.23720298276123,10.311339114144602,40.0
400.0,11.92964298276123,19.68144212518832,80.0
400.0,11.74790298276123,43.70252658711158,200.0
400.0,12.84533298276123,19.68144212518832,24.400000000000002
400.0,12.23720298276123,36.26110823710275,40.0
400.0,11.92964298276123,63.538307389664276,80.0
400.0,11.74790298276123,121.92848836078213,200.0
400.0,12.84533298276123,88.3931588833904,24.400000000000002
400.0,12.23720298276123,140.833336222508,40.0
400.0,11.92964298276123,214.10016123627665,80.0
400.0,11.74790298276123,355.51999079219377,200.0
400.0,12.23720298276123,315.2934137344665,40.0
400.0,12.23720298276123,315.2934137344665,40.0
400.0,11.92964298276123,455.60215907996906,80.0
400.0,11.74790298276123,730.0777551359072,200.0
400.0,11.92964298276123,926.6315629078624,80.0
400.0,11.92964298276123,926.6315629078624,80.0
400.0,11.92964298276123,926.6315629078624,80.0
400.0,11.74790298276123,1470.1620357902298,200.0
400.0,12.860979611551501,19.68144212518832,20.0
400.0,12.252849611551502,36.26110823710275,40.0
400.0,11.945289611551502,63.538307389664276,80.0
400.0,11.763549611551502,121.92848836078213,200.0
400.0,12.860979611551501,63.538307389664276,20.0
400.0,12.252849611551502,104.99616122512884,40.0
400.0,11.945289611551502,164.24482040828335,80.0
400.0,11.763549611551502,279.08011910919447,200.0
400.0,12.860979611551501,214.10016123627665,20.0
400.0,12.252849611551502,315.2934137344665,40.0
400.0,11.945289611551502,455.60215907996906,80.0
400.0,11.763549611551502,730.0777551359072,200.0
400.0,12.252849611551502,651.529894859962,40.0
400.0,12.252849611551502,651.529894859962,40.0
400.0,11.945289611551502,926.6315629078624,80.0
400.0,11.763549611551502,1470.1620357902298,200.0
400.0,11.945289611551502,1861.2247608009714,80.0
400.0,11.945289611551502,1861.2247608009714,80.0
400.0,11.945289611551502,1861.2247608009714,80.0
400.0,11.763549611551502,2945.3919555869293,200.0
400.0,12.889525125017094,53.90120474512524,20.0
400.0,12.281395125017093,90.69031359592361,40.0
400.0,11.973835125017095,144.09140457231894,80.0
400.0,11.792095125017093,248.1847059602611,200.0
400.0,12.889525125017094,144.09140457231894,20.0
400.0,12.281395125017093,218.60836867222173,40.0
400.0,11.973835125017095,321.5240141969373,80.0
400.0,11.792095125017093,521.2941657723758,200.0
400.0,12.889525125017094,407.940882886483,20.0
400.0,12.281395125017093,584.8350038759991,40.0
400.0,11.973835125017095,832.8572842858679,80.0
400.0,11.792095125017093,1322.4349875189066,200.0
400.0,12.281395125017093,1181.986792871801,40.0
400.0,12.281395125017093,1181.986792871801,40.0
400.0,11.973835125017095,1674.5386905671367,80.0
400.0,11.792095125017093,2650.495280930781,200.0
400.0,11.973835125017095,3353.5334410317632,80.0
400.0,11.973835125017095,3353.5334410317632,80.0
400.0,11.973835125017095,3353.5334410317632,80.0
400.0,11.792095125017093,5303.814449273789,200.0
400.0,14.057149391808771,0.2168977061669687,122.00000000000001
400.0,12.833899391808771,0.43332623835727335,122.00000000000001
400.0,12.225769391808772,0.8647848786179982,122.00000000000001
400.0,11.85529939180877,2.148134260905059,200.0
400.0,14.057149391808771,0.8647848786179982,122.00000000000001
400.0,12.833899391808771,1.722171239825486,122.00000000000001
400.0,12.225769391808772,3.415309290677437,122.00000000000001
400.0,11.85529939180877,8.331064349231728,200.0
400.0,14.057149391808771,5.286732042512986,122.00000000000001
400.0,12.833899391808771,10.311339114144602,122.00000000000001
400.0,12.225769391808772,19.68144212518832,122.00000000000001
400.0,11.85529939180877,43.70252658711158,200.0
400.0,12.833899391808771,36.26110823710275,122.00000000000001
400.0,12.833899391808771,36.26110823710275,122.00000000000001
400.0,12.225769391808772,63.538307389664276,122.00000000000001
400.0,11.85529939180877,121.92848836078213,200.0
400.0,12.225769391808772,164.24482040828335,122.00000000000001
400.0,12.225769391808772,164.24482040828335,122.00000000000001
400.0,12.225769391808772,164.24482040828335,122.00000000000001
400.0,11.85529939180877,279.08011910919447,200.0
400.0,14.059922237160492,0.8647848786179982,61.00000000000001
400.0,12.836672237160492,1.722171239825486,61.00000000000001
400.0,12.228542237160491,3.415309290677437,80.0
400.0,11.858072237160492,8.331064349231728,200.0
400.0,14.059922237160492,3.415309290677437,61.00000000000001
400.0,12.836672237160492,6.718759064910667,61.00000000000001
400.0,12.228542237160491,13.021190757963437,80.0
400.0,11.858072237160492,29.929232502678815,200.0
400.0,14.059922237160492,19.68144212518832,61.00000000000001
400.0,12.836672237160492,36.26110823710275,61.00000000000001
400.0,12.228542237160491,63.538307389664276,80.0
400.0,11.858072237160492,121.92848836078213,200.0
400.0,12.836672237160492,104.99616122512884,61.00000000000001
400.0,12.836672237160492,104.99616122512884,61.00000000000001
400.0,12.228542237160491,164.24482040828335,80.0
400.0,11.858072237160492,279.08011910919447,200.0
400.0,12.228542237160491,360.0506273682001,80.0
400.0,12.228542237160491,360.0506273682001,80.0
400.0,12.228542237160491,360.0506273682001,80.0
400.0,11.858072237160492,581.1133102222897,200.0
400.0,14.06858298276123,5.286732042512986,24.400000000000002
400.0,12.84533298276123,10.311339114144602,40.0
400.0,12.23720298276123,19.68144212518832,80.0
400.0,11.86673298276123,43.70252658711158,200.0
400.0,14.06858298276123,19.68144212518832,24.400000000000002
400.0,12.84533298276123,36.26110823710275,40.0
400.0,12.23720298276123,63.538307389664276,80.0
400.0,11.86673298276123,121.92848836078213,200.0
400.0,14.06858298276123,88.3931588833904,24.400000000000002
400.0,12.84533298276123,140.833336222508,40.0
400.0,12.23720298276123,214.10016123627665,80.0
400.0,11.86673298276123,355.51999079219377,200.0
400.0,12.84533298276123,315.2934137344665,40.0
400.0,12.84533298276123,315.2934137344665,40.0
400.0,12.23720298276123,455.60215907996906,80.0
400.0,11.86673298276123,730.0777551359072,200.0
400.0,12.23720298276123,926.6315629078624,80.0
400.0,12.23720298276123,926.6315629078624,80.0
400.0,12.23720298276123,926.6315629078624,80.0
400.0,11.86673298276123,1470.1620357902298,200.0
400.0,14.084229611551502,19.68144212518832,20.0
400.0,12.860979611551501,36.26110823710275,40.0
400.0,12.252849611551502,63.538307389664276,80.0
400.0,11.882379611551501,121.92848836078213,200.0
400.0,14.084229611551502,63.538307389664276,20.0
400.0,12.860979611551501,104.99616122512884,40.0
400.0,12.252849611551502,164.24482040828335,80.0
400.0,11.882379611551501,279.08011910919447,200.0
400.0,14.084229611551502,214.10016123627665,20.0
400.0,12.860979611551501,315.2934137344665,40.0
400.0,12.252849611551502,455.60215907996906,80.0
400.0,11.882379611551501,730.0777551359072,200.0
400.0,12.860979611551501,651.529894859962,40.0
400.0,12.860979611551501,651.529894859962,40.0
400.0,12.252849611551502,926.6315629078624,80.0
400.0,11.882379611551501,1470.1620357902298,200.0
400.0,12.252849611551502,1861.2247608009714,80.0
400.0,12.252849611551502,1861.2247608009714,80.0
400.0,12.252849611551502,1861.2247608009714,80.0
400.0,11.882379611551501,2945.3919555869293,200.0
400.0,14.112775125017095,53.90120474512524,20.0
400.0,12.889525125017094,90.69031359592361,40.0
400.0,12.281395125017093,144.09140457231894,80.0
400.0,11.910925125017094,248.1847059602611,200.0
400.0,14.112775125017095,144.09140457231894,20.0
400.0,12.889525125017094,218.60836867222173,40.0
400.0,12.281395125017093,321.5240141969373,80.0
400.0,11.910925125017094,521.2941657723758,200.0
400.0,14.112775125017095,407.940882886483,20.0
400.0,12.889525125017094,584.8350038759991,40.0
400.0,12.281395125017093,832.8572842858679,80.0
400.0,11.910925125017094,1322.4349875189066,200.0
400.0,12.889525125017094,1181.986792871801,40.0
400.0,12.889525125017094,1181.986792871801,40.0
400.0,12.281395125017093,1674.5386905671367,80.0
400.0,11.910925125017094,2650.495280930781,200.0
400.0,12.281395125017093,3353.5334410317632,80.0
400.0,12.281395125017093,3353.5334410317632,80.0
400.0,12.281395125017093,3353.5334410317632,80.0
400.0,11.910925125017094,5303.814449273789,200.0
400.0,16.496659391808773,0.2168977061669687,122.00000000000001
400.0,14.057149391808771,0.43332623835727335,122.00000000000001
400.0,12.833899391808771,0.8647848786179982,122.00000000000001
400.0,12.09994939180877,2.148134260905059,200.0
400.0,16.496659391808773,0.8647848786179982,122.00000000000001
400.0,14.057149391808771,1.722171239825486,122.00000000000001
400.0,12.833899391808771,3.415309290677437,122.00000000000001
400.0,12.09994939180877,8.331064349231728,200.0
400.0,16.496659391808773,5.286732042512986,122.00000000000001
400.0,14.057149391808771,10.311339114144602,122.00000000000001
400.0,12.833899391808771,19.68144212518832,122.00000000000001
400.0,12.09994939180877,43.70252658711158,200.0
400.0,14.057149391808771,36.26110823710275,122.00000000000001
400.0,14.057149391808771,36.26110823710275,122.00000000000001
400.0,12.833899391808771,63.538307389664276,122.00000000000001
400.0,12.09994939180877,121.92848836078213,200.0
400.0,12.833899391808771,164.24482040828335,122.00000000000001
400.0,12.833899391808771,164.24482040828335,122.00000000000001
400.0,12.833899391808771,164.24482040828335,122.00000000000001
400.0,12.09994939180877,279.08011910919447,200.0
400.0,16.49943223716049,0.8647848786179982,61.00000000000001
400.0,14.059922237160492,1.722171239825486,61.00000000000001
400.0,12.836672237160492,3.415309290677437,80.0
400.0,12.102722237160492,8.331064349231728,200.0
400.0,16.49943223716049,3.415309290677437,61.00000000000001
400.0,14.059922237160492,6.718759064910667,61.00000000000001
400.0,12.836672237160492,13.021190757963437,80.0
400.0,12.102722237160492,29.929232502678815,200.0
400.0,16.49943223716049,19.68144212518832,61.00000000000001
400.0,14.059922237160492,36.26110823710275,61.00000000000001
400.0,12.836672237160492,63.538307389664276,80.0
400.0,12.102722237160492,121.92848836078213,200.0
400.0,14.059922237160492,104.99616122512884,61.00000000000001
400.0,14.059922237160492,104.99616122512884,61.00000000000001
400.0,12.836672237160492,164.24482040828335,80.0
400.0,12.102722237160492,279.08011910919447,200.0
400.0,12.836672237160492,360.0506273682001,80.0
400.0,12.836672237160492,360.0506273682001,80.0
400.0,12.836672237160492,360.0506273682001,80.0
400.0,12.102722237160492,581.1133102222897,200.0
400.0,16.50809298276123,5.286732042512986,24.400000000000002
400.0,14.06858298276123,10.311339114144602,40.0
400.0,12.84533298276123,19.68144212518832,80.0
400.0,12.11138298276123,43.70252658711158,200.0
400.0,16.50809298276123,19.68144212518832,24.400000000000002
400.0,14.06858298276123,36.26110823710275,40.0
400.0,12.84533298276123,63.538307389664276,80.0
400.0,12.11138298276123,121.92848836078213,200.0
400.0,16.50809298276123,88.3931588833904,24.400000000000002
400.0,14.06858298276123,140.833336222508,40.0
400.0,12.84533298276123,214.10016123627665,80.0
400.0,12.11138298276123,355.51999079219377,200.0
400.0,14.06858298276123,315.2934137344665,40.0
400.0,14.06858298276123,315.2934137344665,40.0
400.0,12.84533298276123,455.60215907996906,80.0
400.0,12.11138298276123,730.0777551359072,200.0
400.0,12.84533298276123,926.6315629078624,80.0
400.0,12.84533298276123,926.6315629078624,80.0
400.0,12.84533298276123,926.6315629078624,80.0
400.0,12.11138298276123,1470.1620357902298,200.0
400.0,16.523739611551502,19.68144212518832,20.0
400.0,14.084229611551502,36.26110823710275,40.0
400.0,12.860979611551501,63.538307389664276,80.0
400.0,12.127029611551501,121.92848836078213,200.0
400.0,16.523739611551502,63.538307389664276,20.0
400.0,14.084229611551502,104.99616122512884,40.0
400.0,12.860979611551501,164.24482040828335,80.0
400.0,12.127029611551501,279.08011910919447,200.0
400.0,16.523739611551502,214.10016123627665,20.0
400.0,14.084229611551502,315.2934137344665,40.0
400.0,12.860979611551501,455.60215907996906,80.0
400.0,12.127029611551501,730.0777551359072,200.0
400.0,14.084229611551502,651.529894859962,40.0
400.0,14.084229611551502,651.529894859962,40.0
400.0,12.860979611551501,926.6315629078624,80.0
400.0,12.127029611551501,1470.1620357902298,200.0
400.0,12.860979611551501,1861.2247608009714,80.0
400.0,12.860979611551501,1861.2247608009714,80.0
400.0,12.860979611551501,1861.2247608009714,80.0
400.0,12.127029611551501,2945.3919555869293,200.0
400.0,16.552285125017093,53.90120474512524,20.0
400.0,14.112775125017095,90.69031359592361,40.0
400.0,12.889525125017094,144.09140457231894,80.0
400.0,12.155575125017094,248.1847059602611,200.0
400.0,16.552285125017093,144.09140457231894,20.0
400.0,14.112775125017095,218.60836867222173,40.0
400.0,12.889525125017094,321.5240141969373,80.0
400.0,12.155575125017094,521.2941657723758,200.0
400.0,16.552285125017093,407.940882886483,20.0
400.0,14.112775125017095,584.8350038759991,40.0
400.0,12.889525125017094,832.8572842858679,80.0
400.0,12.155575125017094,1322.4349875189066,200.0
400.0,14.112775125017095,1181.986792871801,40.0
400.0,14.112775125017095,1181.986792871801,40.0
400.0,12.889525125017094,1674.5386905671367,80.0
400.0,12.155575125017094,2650.495280930781,200.0
400.0,12.889525125017094,3353.5334410317632,80.0
400.0,12.889525125017094,3353.5334410317632,80.0
400.0,12.889525125017094,3353.5334410317632,80.0
400.0,12.155575125017094,5303.814449273789,200.0
400.0,23.815189391808772,0.2168977061669687,122.00000000000001
400.0,17.71291939180877,0.43332623835727335,122.00000000000001
400.0,14.665279391808772,0.8647848786179982,122.00000000000001
400.0,12.833899391808771,2.148134260905059,200.0
400.0,23.815189391808772,0.8647848786179982,122.00000000000001
400.0,17.71291939180877,1.722171239825486,122.00000000000001
400.0,14.665279391808772,3.415309290677437,122.00000000000001
400.0,12.833899391808771,8.331064349231728,200.0
400.0,23.815189391808772,5.286732042512986,122.00000000000001
400.0,17.71291939180877,10.311339114144602,122.00000000000001
400.0,14.665279391808772,19.68144212518832,122.00000000000001
400.0,12.833899391808771,43.70252658711158,200.0
400.0,17.71291939180877,36.26110823710275,122.00000000000001
400.0,17.71291939180877,36.26110823710275,122.00000000000001
400.0,14.665279391808772,63.538307389664276,122.00000000000001
400.0,12.833899391808771,121.92848836078213,200.0
400.0,14.665279391808772,164.24482040828335,122.00000000000001
400.0,14.665279391808772,164.24482040828335,122.00000000000001
400.0,14.665279391808772,164.24482040828335,122.00000000000001
400.0,12.833899391808771,279.08011910919447,200.0
400.0,23.817962237160494,0.8647848786179982,61.00000000000001
400.0,17.715692237160493,1.722171239825486,61.00000000000001
400.0,14.668052237160492,3.415309290677437,80.0
400.0,12.836672237160492,8.331064349231728,200.0
400.0,23.817962237160494,3.415309290677437,61.00000000000001
400.0,17.715692237160493,6.718759064910667,61.00000000000001
400.0,14.668052237160492,13.021190757963437,80.0
400.0,12.836672237160492,29.929232502678815,200.0
400.0,23.817962237160494,19.68144212518832,61.00000000000001
400.0,17.715692237160493,36.26110823710275,61.00000000000001
400.0,14.668052237160492,63.538307389664276,80.0
400.0,12.836672237160492,121.92848836078213,200.0
400.0,17.715692237160493,104.99616122512884,61.00000000000001
400.0,17.715692237160493,104.99616122512884,61.00000000000001
400.0,14.668052237160492,164.24482040828335,80.0
400.0,12.836672237160492,279.08011910919447,200.0
400.0,14.668052237160492,360.0506273682001,80.0
400.0,14.668052237160492,360.0506273682001,80.0
400.0,14.668052237160492,360.0506273682001,80.0
400.0,12.836672237160492,581.1133102222897,200.0
400.0,23.82662298276123,5.286732042512986,24.400000000000002
400.0,17.724352982761232,10.311339114144602,40.0
400.0,14.67671298276123,19.68144212518832,80.0
400.0,12.84533298276123,43.70252658711158,200.0
400.0,23.82662298276123,19.68144212518832,24.400000000000002
400.0,17.724352982761232,36.26110823710275,40.0
400.0,14.67671298276123,63.538307389664276,80.0
400.0,12.84533298276123,121.92848836078213,200.0
400.0,23.82662298276123,88.3931588833904,24.400000000000002
400.0,17.724352982761232,140.833336222508,40.0
400.0,14.67671298276123,214.10016123627665,80.0
400.0,12.84533298276123,355.51999079219377,200.0
400.0,17.724352982761232,315.2934137344665,40.0
400.0,17.724352982761232,315.2934137344665,40.0
400.0,14.67671298276123,455.60215907996906,80.0
400.0,12.84533298276123,730.0777551359072,200.0
400.0,14.67671298276123,926.6315629078624,80.0
400.0,14.67671298276123,926.6315629078624,80.0
400.0,14.67671298276123,926.6315629078624,80.0
400.0,12.84533298276123,1470.1620357902298,200.0
400.0,23.8422696115515,19.68144212518832,20.0
400.0,17.739999611551504,36.26110823710275,40.0
400.0,14.692359611551502,63.538307389664276,80.0
400.0,12.860979611551501,121.92848836078213,200.0
400.0,23.8422696115515,63.538307389664276,20.0
400.0,17.739999611551504,104.99616122512884,40.0
400.0,14.692359611551502,164.24482040828335,80.0
400.0,12.860979611551501,279.08011910919447,200.0
400.0,23.8422696115515,214.10016123627665,20.0
400.0,17.739999611551504,315.2934137344665,40.0
400.0,14.692359611551502,455.60215907996906,80.0
400.0,12.860979611551501,730.0777551359072,200.0
400.0,17.739999611551504,651.529894859962,40.0
400.0,17.739999611551504,651.529894859962,40.0
400.0,14.692359611551502,926.6315629078624,80.0
400.0,12.860979611551501,1470.1620357902298,200.0
400.0,14.692359611551502,1861.2247608009714,80.0
400.0,14.692359611551502,1861.2247608009714,80.0
400.0,14.692359611551502,1861.2247608009714,80.0
400.0,12.860979611551501,2945.3919555869293,200.0
400.0,23.870815125017096,53.90120474512524,20.0
400.0,17.768545125017095,90.69031359592361,40.0
400.0,14.720905125017094,144.09140457231894,80.0
400.0,12.889525125017094,248.1847059602611,200.0
400.0,23.870815125017096,144.09140457231894,20.0
400.0,17.768545125017095,218.60836867222173,40.0
400.0,14.720905125017094,321.5240141969373,80.0
400.0,12.889525125017094,521.2941657723758,200.0
400.0,23.870815125017096,407.940882886483,20.0
400.0,17.768545125017095,584.8350038759991,40.0
400.0,14.720905125017094,832.8572842858679,80.0
400.0,12.889525125017094,1322.4349875189066,200.0
400.0,17.768545125017095,1181.986792871801,40.0
400.0,17.768545125017095,1181.986792871801,40.0
400.0,14.720905125017094,1674.5386905671367,80.0
400.0,12.889525125017094,2650.495280930781,200.0
400.0,14.720905125017094,3353.5334410317632,80.0
400.0,14.720905125017094,3353.5334410317632,80.0
400.0,14.720905125017094,3353.5334410317632,80.0
400.0,12.889525125017094,5303.814449273789,200.0
400.0,12.174729704570698,0.027137949507404304,122.00000000000001
400.0,11.930079704570698,0.05426853682924059,122.00000000000001
400.0,11.811249704570699,0.10850764288269157,122.00000000000001
400.0,11.734359704570698,0.2710487349882872,122.00000000000001
400.0,12.174729704570698,0.10850764288269157,122.00000000000001
400.0,11.930079704570698,0.2168977061669687,122.00000000000001
400.0,11.811249704570699,0.43332623835727335,122.00000000000001
400.0,11.734359704570698,1.0798194948513493,122.00000000000001
400.0,12.174729704570698,0.6762503639667875,122.00000000000001
400.0,11.930079704570698,1.3479659286799563,122.00000000000001
400.0,11.811249704570699,2.6780630237678653,122.00000000000001
400.0,11.734359704570698,6.566289288395918,122.00000000000001
400.0,11.930079704570698,5.286732042512986,122.00000000000001
400.0,11.930079704570698,5.286732042512986,122.00000000000001
400.0,11.811249704570699,10.311339114144602,122.00000000000001
400.0,11.734359704570698,24.07088557225937,122.00000000000001
400.0,11.811249704570699,36.26110823710275,122.00000000000001
400.0,11.811249704570699,36.26110823710275,122.00000000000001
400.0,11.811249704570699,36.26110823710275,122.00000000000001
400.0,11.734359704570698,75.17503596634263,122.00000000000001
400.0,12.179020078944593,0.10850764288269157,61.00000000000001
400.0,11.934370078944593,0.2168977061669687,61.00000000000001
400.0,11.815540078944592,0.43332623835727335,61.00000000000001
400.0,11.738650078944591,1.0798194948513493,100.0
400.0,12.179020078944593,0.43332623835727335,61.00000000000001
400.0,11.934370078944593,0.8647848786179982,61.00000000000001
400.0,11.815540078944592,1.722171239825486,61.00000000000001
400.0,11.738650078944591,4.25133166696749,100.0
400.0,12.179020078944593,2.6780630237678653,61.00000000000001
400.0,11.934370078944593,5.286732042512986,61.00000000000001
400.0,11.815540078944592,10.311339114144602,61.00000000000001
400.0,11.738650078944591,24.07088557225937,100.0
400.0,11.934370078944593,19.68144212518832,61.00000000000001
400.0,11.934370078944593,19.68144212518832,61.00000000000001
400.0,11.815540078944592,36.26110823710275,61.00000000000001
400.0,11.738650078944591,75.17503596634263,100.0
400.0,11.815540078944592,104.99616122512884,61.00000000000001
400.0,11.815540078944592,104.99616122512884,61.00000000000001
400.0,11.815540078944592,104.99616122512884,61.00000000000001
400.0,11.738650078944591,187.87851867048354,100.0
400.0,12.19242069681936,0.6762503639667875,24.400000000000002
400.0,11.94777069681936,1.3479659286799563,24.400000000000002
400.0,11.82894069681936,2.6780630237678653,40.0
400.0,11.75205069681936,6.566289288395918,100.0
400.0,12.19242069681936,2.6780630237678653,24.400000000000002
400.0,11.94777069681936,5.286732042512986,24.400000000000002
400.0,11.82894069681936,10.311339114144602,40.0
400.0,11.75205069681936,24.07088557225937,100.0
400.0,12.19242069681936,15.685225317750607,24.400000000000002
400.0,11.94777069681936,29.316480892992523,24.400000000000002
400.0,11.82894069681936,52.373309336059236,40.0
400.0,11.75205069681936,103.30650822877769,100.0
400.0,11.94777069681936,88.3931588833904,24.400000000000002
400.0,11.94777069681936,88.3931588833904,24.400000000000002
400.0,11.82894069681936,140.833336222508,40.0
400.0,11.75205069681936,243.18415746558622,100.0
400.0,11.82894069681936,315.2934137344665,40.0
400.0,11.82894069681936,315.2934137344665,40.0
400.0,11.82894069681936,315.2934137344665,40.0
400.0,11.75205069681936,511.6362637702084,100.0
400.0,12.216630447701421,2.6780630237678653,12.200000000000001
400.0,11.971980447701421,5.286732042512986,20.0
400.0,11.85315044770142,10.311339114144602,40.0
400.0,11.776260447701421,24.07088557225937,100.0
400.0,12.216630447701421,10.311339114144602,12.200000000000001
400.0,11.971980447701421,19.68144212518832,20.0
400.0,11.85315044770142,36.26110823710275,40.0
400.0,11.776260447701421,75.17503596634263,100.0
400.0,12.216630447701421,52.373309336059236,12.200000000000001
400.0,11.971980447701421,88.3931588833904,20.0
400.0,11.85315044770142,140.833336222508,40.0
400.0,11.776260447701421,243.18415746558622,100.0
400.0,11.971980447701421,214.10016123627665,20.0
400.0,11.971980447701421,214.10016123627665,20.0
400.0,11.85315044770142,315.2934137344665,40.0
400.0,11.776260447701421,511.6362637702084,100.0
400.0,11.85315044770142,651.529894859962,40.0
400.0,11.85315044770142,651.529894859962,40.0
400.0,11.85315044770142,651.529894859962,40.0
400.0,11.776260447701421,1037.1868456065079,100.0
400.0,12.260798413789564,8.43099281580527,10.0
400.0,12.016148413789564,16.219216617482143,20.0
400.0,11.897318413789565,30.254632357651293,40.0
400.0,11.820428413789564,64.14645244539655,100.0
400.0,12.260798413789564,30.254632357651293,10.0
400.0,12.016148413789564,53.90120474512524,20.0
400.0,11.897318413789565,90.69031359592361,40.0
400.0,11.820428413789564,165.49665168650404,100.0
400.0,12.260798413789564,122.92768079179412,10.0
400.0,12.016148413789564,189.26791677118416,20.0
400.0,11.897318413789565,280.99810120081924,40.0
400.0,11.820428413789564,458.5654714537649,100.0
400.0,12.016148413789564,407.940882886483,20.0
400.0,12.016148413789564,407.940882886483,20.0
400.0,11.897318413789565,584.8350038759991,40.0
400.0,11.820428413789564,932.4705447117017,100.0
400.0,11.897318413789565,1181.986792871801,40.0
400.0,11.897318413789565,1181.986792871801,40.0
400.0,11.897318413789565,1181.986792871801,40.0
400.0,11.820428413789564,1872.854470651857,100.0
400.0,12.664029704570698,0.027137949507404304,122.00000000000001
400.0,12.174729704570698,0.05426853682924059,122.00000000000001
400.0,11.930079704570698,0.10850764288269157,122.00000000000001
400.0,11.783289704570699,0.2710487349882872,122.00000000000001
400.0,12.664029704570698,0.10850764288269157,122.00000000000001
400.0,12.174729704570698,0.2168977061669687,122.00000000000001
400.0,11.930079704570698,0.43332623835727335,122.00000000000001
400.0,11.783289704570699,1.0798194948513493,122.00000000000001
400.0,12.664029704570698,0.6762503639667875,122.00000000000001
400.0,12.174729704570698,1.3479659286799563,122.00000000000001
400.0,11.930079704570698,2.6780630237678653,122.00000000000001
400.0,11.783289704570699,6.566289288395918,122.00000000000001
400.0,12.174729704570698,5.286732042512986,122.00000000000001
400.0,12.174729704570698,5.286732042512986,122.00000000000001
400.0,11.930079704570698,10.311339114144602,122.00000000000001
400.0,11.783289704570699,24.07088557225937,122.00000000000001
400.0,11.930079704570698,36.26110823710275,122.00000000000001
400.0,11.930079704570698,36.26110823710275,122.00000000000001
400.0,11.930079704570698,36.26110823710275,122.00000000000001
400.0,11.783289704570699,75.17503596634263,122.00000000000001
400.0,12.668320078944593,0.10850764288269157,61.00000000000001
400.0,12.179020078944593,0.2168977061669687,61.00000000000001
400.0,11.934370078944593,0.43332623835727335,61.00000000000001
400.0,11.787580078944591,1.0798194948513493,100.0
400.0,12.668320078944593,0.43332623835727335,61.00000000000001
400.0,12.179020078944593,0.8647848786179982,61.00000000000001
400.0,11.934370078944593,1.722171239825486,61.00000000000001
400.0,11.787580078944591,4.25133166696749,100.0
400.0,12.668320078944593,2.6780630237678653,61.00000000000001
400.0,12.179020078944593,5.286732042512986,61.00000000000001
400.0,11.934370078944593,10.311339114144602,61.00000000000001
400.0,11.787580078944591,24.07088557225937,100.0
400.0,12.179020078944593,19.68144212518832,61.00000000000001
400.0,12.179020078944593,19.68144212518832,61.00000000000001
400.0,11.934370078944593,36.26110823710275,61.00000000000001
400.0,11.787580078944591,75.17503596634263,100.0
400.0,11.934370078944593,104.99616122512884,61.00000000000001
400.0,11.934370078944593,104.99616122512884,61.00000000000001
400.0,11.934370078944593,104.99616122512884,61.00000000000001
400.0,11.787580078944591,187.87851867048354,100.0
400.0,12.68172069681936,0.6762503639667875,24.400000000000002
400.0,12.19242069681936,1.3479659286799563,24.400000000000002
400.0,11.94777069681936,2.6780630237678653,40.0
400.0,11.80098069681936,6.566289288395918,100.0
400.0,12.68172069681936,2.6780630237678653,24.400000000000002
400.0,12.19242069681936,5.286732042512986,24.400000000000002
400.0,11.94777069681936,10.311339114144602,40.0
400.0,11.80098069681936,24.07088557225937,100.0
400.0,12.68172069681936,15.685225317750607,24.400000000000002
400.0,12.19242069681936,29.316480892992523,24.400000000000002
400.0,11.94777069681936,52.373309336059236,40.0
400.0,11.80098069681936,103.30650822877769,100.0
400.0,12.19242069681936,88.3931588833904,24.400000000000002
400.0,12.19242069681936,88.3931588833904,24.400000000000002
400.0,11.94777069681936,140.833336222508,40.0
400.0,11.80098069681936,243.18415746558622,100.0
400.0,11.94777069681936,315.2934137344665,40.0
400.0,11.94777069681936,315.2934137344665,40.0
400.0,11.94777069681936,315.2934137344665,40.0
400.0,11.80098069681936,511.6362637702084,100.0
400.0,12.705930447701421,2.6780630237678653,12.200000000000001
400.0,12.216630447701421,5.286732042512986,20.0
400.0,11.971980447701421,10.311339114144602,40.0
400.0,11.825190447701422,24.07088557225937,100.0
400.0,12.705930447701421,10.311339114144602,12.200000000000001
400.0,12.216630447701421,19.68144212518832,20.0
400.0,11.971980447701421,36.26110823710275,40.0
400.0,11.825190447701422,75.17503596634263,100.0
400.0,12.705930447701421,52.373309336059236,12.200000000000001
400.0,12.216630447701421,88.3931588833904,20.0
400.0,11.971980447701421,140.833336222508,40.0
400.0,11.825190447701422,243.18415746558622,100.0
400.0,12.216630447701421,214.10016123627665,20.0
400.0,12.216630447701421,214.10016123627665,20.0
400.0,11.971980447701421,315.2934137344665,40.0
400.0,11.825190447701422,511.6362637702084,100.0
400.0,11.971980447701421,651.529894859962,40.0
400.0,11.971980447701421,651.529894859962,40.0
400.0,11.971980447701421,651.529894859962,40.0
400.0,11.825190447701422,1037.1868456065079,100.0
400.0,12.750098413789564,8.43099281580527,10.0
400.0,12.260798413789564,16.219216617482143,20.0
400.0,12.016148413789564,30.254632357651293,40.0
400.0,11.869358413789564,64.14645244539655,100.0
400.0,12.750098413789564,30.254632357651293,10.0
400.0,12.260798413789564,53.90120474512524,20.0
400.0,12.016148413789564,90.69031359592361,40.0
400.0,11.869358413789564,165.49665168650404,100.0
400.0,12.750098413789564,122.92768079179412,10.0
400.0,12.260798413789564,189.26791677118416,20.0
400.0,12.016148413789564,280.99810120081924,40.0
400.0,11.869358413789564,458.5654714537649,100.0
400.0,12.260798413789564,407.940882886483,20.0
400.0,12.260798413789564,407.940882886483,20.0
400.0,12.016148413789564,584.8350038759991,40.0
400.0,11.869358413789564,932.4705447117017,100.0
400.0,12.016148413789564,1181.986792871801,40.0
400.0,12.016148413789564,1181.986792871801,40.0
400.0,12.016148413789564,1181.986792871801,40.0
400.0,11.869358413789564,1872.854470651857,100.0
400.0,14.131929704570698,0.027137949507404304,122.00000000000001
400.0,12.908679704570698,0.05426853682924059,122.00000000000001
400.0,12.300549704570697,0.10850764288269157,122.00000000000001
400.0,11.930079704570698,0.2710487349882872,122.00000000000001
400.0,14.131929704570698,0.10850764288269157,122.00000000000001
400.0,12.908679704570698,0.2168977061669687,122.00000000000001
400.0,12.300549704570697,0.43332623835727335,122.00000000000001
400.0,11.930079704570698,1.0798194948513493,122.00000000000001
400.0,14.131929704570698,0.6762503639667875,122.00000000000001
400.0,12.908679704570698,1.3479659286799563,122.00000000000001
400.0,12.300549704570697,2.6780630237678653,122.00000000000001
400.0,11.930079704570698,6.566289288395918,122.00000000000001
400.0,12.908679704570698,5.286732042512986,122.00000000000001
400.0,12.908679704570698,5.286732042512986,122.00000000000001
400.0,12.300549704570697,10.311339114144602,122.00000000000001
400.0,11.930079704570698,24.07088557225937,122.00000000000001
400.0,12.300549704570697,36.26110823710275,122.00000000000001
400.0,12.300549704570697,36.26110823710275,122.00000000000001
400.0,12.300549704570697,36.26110823710275,122.00000000000001
400.0,11.930079704570698,75.17503596634263,122.00000000000001
400.0,14.136220078944593,0.10850764288269157,61.00000000000001
400.0,12.912970078944593,0.2168977061669687,61.00000000000001
400.0,12.304840078944592,0.43332623835727335,61.00000000000001
400.0,11.934370078944593,1.0798194948513493,100.0
400.0,14.136220078944593,0.43332623835727335,61.00000000000001
400.0,12.912970078944593,0.8647848786179982,61.00000000000001
400.0,12.304840078944592,1.722171239825486,61.00000000000001
400.0,11.934370078944593,4.25133166696749,100.0
400.0,14.136220078944593,2.6780630237678653,61.00000000000001
400.0,12.912970078944593,5.286732042512986,61.00000000000001
400.0,12.304840078944592,10.311339114144602,61.00000000000001
400.0,11.934370078944593,24.07088557225937,100.0
400.0,12.912970078944593,19.68144212518832,61.00000000000001
400.0,12.912970078944593,19.68144212518832,61.00000000000001
400.0,12.304840078944592,36.26110823710275,61.00000000000001
400.0,11.934370078944593,75.17503596634263,100.0
400.0,12.304840078944592,104.99616122512884,61.00000000000001
400.0,12.304840078944592,104.99616122512884,61.00000000000001
400.0,12.304840078944592,104.99616122512884,61.00000000000001
400.0,11.934370078944593,187.87851867048354,100.0
400.0,14.14962069681936,0.6762503639667875,24.400000000000002
400.0,12.92637069681936,1.3479659286799563,24.400000000000002
400.0,12.31824069681936,2.6780630237678653,40.0
400.0,11.94777069681936,6.566289288395918,100.0
400.0,14.14962069681936,2.6780630237678653,24.400000000000002
400.0,12.92637069681936,5.286732042512986,24.400000000000002
400.0,12.31824069681936,10.311339114144602,40.0
400.0,11.94777069681936,24.07088557225937,100.0
400.0,14.14962069681936,15.685225317750607,24.400000000000002
400.0,12.92637069681936,29.316480892992523,24.400000000000002
400.0,12.31824069681936,52.373309336059236,40.0
400.0,11.94777069681936,103.30650822877769,100.0
400.0,12.92637069681936,88.3931588833904,24.400000000000002
400.0,12.92637069681936,88.3931588833904,24.400000000000002
400.0,12.31824069681936,140.833336222508,40.0
400.0,11.94777069681936,243.18415746558622,100.0
400.0,12.31824069681936,315.2934137344665,40.0
400.0,12.31824069681936,315.2934137344665,40.0
400.0,12.31824069681936,315.2934137344665,40.0
400.0,11.94777069681936,511.6362637702084,100.0
400.0,14.173830447701421,2.6780630237678653,12.200000000000001
400.0,12.950580447701421,5.286732042512986,20.0
400.0,12.34245044770142,10.311339114144602,40.0
400.0,11.971980447701421,24.07088557225937,100.0
400.0,14.173830447701421,10.311339114144602,12.200000000000001
400.0,12.950580447701421,19.68144212518832,20.0
400.0,12.34245044770142,36.26110823710275,40.0
400.0,11.971980447701421,75.17503596634263,100.0
400.0,14.173830447701421,52.373309336059236,12.200000000000001
400.0,12.950580447701421,88.3931588833904,20.0
400.0,12.34245044770142,140.833336222508,40.0
400.0,11.971980447701421,243.18415746558622,100.0
400.0,12.950580447701421,214.10016123627665,20.0
400.0,12.950580447701421,214.10016123627665,20.0
400.0,12.34245044770142,315.2934137344665,40.0
400.0,11.971980447701421,511.6362637702084,100.0
400.0,12.34245044770142,651.529894859962,40.0
400.0,12.34245044770142,651.529894859962,40.0
400.0,12.34245044770142,651.529894859962,40.0
400.0,11.971980447701421,1037.1868456065079,100.0
400.0,14.217998413789564,8.43099281580527,10.0
400.0,12.994748413789564,16.219216617482143,20.0
400.0,12.386618413789565,30.254632357651293,40.0
400.0,12.016148413789564,64.14645244539655,100.0
400.0,14.217998413789564,30.254632357651293,10.0
400.0,12.994748413789564,53.90120474512524,20.0
400.0,12.386618413789565,90.69031359592361,40.0
400.0,12.016148413789564,165.49665168650404,100.0
400.0,14.217998413789564,122.92768079179412,10.0
400.0,12.994748413789564,189.26791677118416,20.0
400.0,12.386618413789565,280.99810120081924,40.0
400.0,12.016148413789564,458.5654714537649,100.0
400.0,12.994748413789564,407.940882886483,20.0
400.0,12.994748413789564,407.940882886483,20.0
400.0,12.386618413789565,584.8350038759991,40.0
400.0,12.016148413789564,932.4705447117017,100.0
400.0,12.386618413789565,1181.986792871801,40.0
400.0,12.386618413789565,1181.986792871801,40.0
400.0,12.386618413789565,1181.986792871801,40.0
400.0,12.016148413789564,1872.854470651857,100.0
400.0,16.5714397045707,0.027137949507404304,122.00000000000001
400.0,14.131929704570698,0.05426853682924059,122.00000000000001
400.0,12.908679704570698,0.10850764288269157,122.00000000000001
400.0,12.174729704570698,0.2710487349882872,122.00000000000001
400.0,16.5714397045707,0.10850764288269157,122.00000000000001
400.0,14.131929704570698,0.2168977061669687,122.00000000000001
400.0,12.908679704570698,0.43332623835727335,122.00000000000001
400.0,12.174729704570698,1.0798194948513493,122.00000000000001
400.0,16.5714397045707,0.6762503639667875,122.00000000000001
400.0,14.131929704570698,1.3479659286799563,122.00000000000001
400.0,12.908679704570698,2.6780630237678653,122.00000000000001
400.0,12.174729704570698,6.566289288395918,122.00000000000001
400.0,14.131929704570698,5.286732042512986,122.00000000000001
400.0,14.131929704570698,5.286732042512986,122.00000000000001
400.0,12.908679704570698,10.311339114144602,122.00000000000001
400.0,12.174729704570698,24.07088557225937,122.00000000000001
400.0,12.908679704570698,36.26110823710275,122.00000000000001
400.0,12.908679704570698,36.26110823710275,122.00000000000001
400.0,12.908679704570698,36.26110823710275,122.00000000000001
400.0,12.174729704570698,75.17503596634263,122.00000000000001
400.0,16.575730078944595,0.10850764288269157,61.00000000000001
400.0,14.136220078944593,0.2168977061669687,61.00000000000001
400.0,12.912970078944593,0.43332623835727335,61.00000000000001
400.0,12.179020078944593,1.0798194948513493,100.0
400.0,16.575730078944595,0.43332623835727335,61.00000000000001
400.0,14.136220078944593,0.8647848786179982,61.00000000000001
400.0,12.912970078944593,1.722171239825486,61.00000000000001
400.0,12.179020078944593,4.25133166696749,100.0
400.0,16.575730078944595,2.6780630237678653,61.00000000000001
400.0,14.136220078944593,5.286732042512986,61.00000000000001
400.0,12.912970078944593,10.311339114144602,61.00000000000001
400.0,12.179020078944593,24.07088557225937,100.0
400.0,14.136220078944593,19.68144212518832,61.00000000000001
400.0,14.136220078944593,19.68144212518832,61.00000000000001
400.0,12.912970078944593,36.26110823710275,61.00000000000001
400.0,12.179020078944593,75.17503596634263,100.0
400.0,12.912970078944593,104.99616122512884,61.00000000000001
400.0,12.912970078944593,104.99616122512884,61.00000000000001
400.0,12.912970078944593,104.99616122512884,61.00000000000001
400.0,12.179020078944593,187.87851867048354,100.0
400.0,16.58913069681936,0.6762503639667875,24.400000000000002
400.0,14.14962069681936,1.3479659286799563,24.400000000000002
400.0,12.92637069681936,2.6780630237678653,40.0
400.0,12.19242069681936,6.566289288395918,100.0
400.0,16.58913069681936,2.6780630237678653,24.400000000000002
400.0,14.14962069681936,5.286732042512986,24.400000000000002
400.0,12.92637069681936,10.311339114144602,40.0
400.0,12.19242069681936,24.07088557225937,100.0
400.0,16.58913069681936,15.685225317750607,24.400000000000002
400.0,14.14962069681936,29.316480892992523,24.400000000000002
400.0,12.92637069681936,52.373309336059236,40.0
400.0,12.19242069681936,103.30650822877769,100.0
400.0,14.14962069681936,88.3931588833904,24.400000000000002
400.0,14.14962069681936,88.3931588833904,24.400000000000002
400.0,12.92637069681936,140.833336222508,40.0
400.0,12.19242069681936,243.18415746558622,100.0
400.0,12.92637069681936,315.2934137344665,40.0
400.0,12.92637069681936,315.2934137344665,40.0
400.0,12.92637069681936,315.2934137344665,40.0
400.0,12.19242069681936,511.6362637702084,100.0
400.0,16.61334044770142,2.6780630237678653,12.200000000000001
400.0,14.173830447701421,5.286732042512986,20.0
400.0,12.950580447701421,10.311339114144602,40.0
400.0,12.216630447701421,24.07088557225937,100.0
400.0,16.61334044770142,10.311339114144602,12.200000000000001
400.0,14.173830447701421,19.68144212518832,20.0
400.0,12.950580447701421,36.26110823710275,40.0
400.0,12.216630447701421,75.17503596634263,100.0
400.0,16.61334044770142,52.373309336059236,12.200000000000001
400.0,14.173830447701421,88.3931588833904,20.0
400.0,12.950580447701421,140.833336222508,40.0
400.0,12.216630447701421,243.18415746558622,100.0
400.0,14.173830447701421,214.10016123627665,20.0
400.0,14.173830447701421,214.10016123627665,20.0
400.0,12.950580447701421,315.2934137344665,40.0
400.0,12.216630447701421,511.6362637702084,100.0
400.0,12.950580447701421,651.529894859962,40.0
400.0,12.950580447701421,651.529894859962,40.0
400.0,12.950580447701421,651.529894859962,40.0
400.0,12.216630447701421,1037.1868456065079,100.0
400.0,16.657508413789564,8.43099281580527,10.0
400.0,14.217998413789564,16.219216617482143,20.0
400.0,12.994748413789564,30.254632357651293,40.0
400.0,12.260798413789564,64.14645244539655,100.0
400.0,16.657508413789564,30.254632357651293,10.0
400.0,14.217998413789564,53.90120474512524,20.0
400.0,12.994748413789564,90.69031359592361,40.0
400.0,12.260798413789564,165.49665168650404,100.0
400.0,16.657508413789564,122.92768079179412,10.0
400.0,14.217998413789564,189.26791677118416,20.0
400.0,12.994748413789564,280.99810120081924,40.0
400.0,12.260798413789564,458.5654714537649,100.0
400.0,14.217998413789564,407.940882886483,20.0
400.0,14.217998413789564,407.940882886483,20.0
400.0,12.994748413789564,584.8350038759991,40.0
400.0,12.260798413789564,932.4705447117017,100.0
400.0,12.994748413789564,1181.986792871801,40.0
400.0,12.994748413789564,1181.986792871801,40.0
400.0,12.994748413789564,1181.986792871801,40.0
400.0,12.260798413789564,1872.854470651857,100.0
400.0,21.450459704570697,0.027137949507404304,122.00000000000001
400.0,16.5714397045707,0.05426853682924059,122.00000000000001
400.0,14.131929704570698,0.10850764288269157,122.00000000000001
400.0,12.664029704570698,0.2710487349882872,122.00000000000001
400.0,21.450459704570697,0.10850764288269157,122.00000000000001
400.0,16.5714397045707,0.2168977061669687,122.00000000000001
400.0,14.131929704570698,0.43332623835727335,122.00000000000001
400.0,12.664029704570698,1.0798194948513493,122.00000000000001
400.0,21.450459704570697,0.6762503639667875,122.00000000000001
400.0,16.5714397045707,1.3479659286799563,122.00000000000001
400.0,14.131929704570698,2.6780630237678653,122.00000000000001
400.0,12.664029704570698,6.566289288395918,122.00000000000001
400.0,16.5714397045707,5.286732042512986,122.00000000000001
400.0,16.5714397045707,5.286732042512986,122.00000000000001
400.0,14.131929704570698,10.311339114144602,122.00000000000001
400.0,12.664029704570698,24.07088557225937,122.00000000000001
400.0,14.131929704570698,36.26110823710275,122.00000000000001
400.0,14.131929704570698,36.26110823710275,122.00000000000001
400.0,14.131929704570698,36.26110823710275,122.00000000000001
400.0,12.664029704570698,75.17503596634263,122.00000000000001
400.0,21.454750078944592,0.10850764288269157,61.00000000000001
400.0,16.575730078944595,0.2168977061669687,61.00000000000001
400.0,14.136220078944593,0.43332623835727335,61.00000000000001
400.0,12.668320078944593,1.0798194948513493,100.0
400.0,21.454750078944592,0.43332623835727335,61.00000000000001
400.0,16.575730078944595,0.8647848786179982,61.00000000000001
400.0,14.136220078944593,1.722171239825486,61.00000000000001
400.0,12.668320078944593,4.25133166696749,100.0
400.0,21.454750078944592,2.6780630237678653,61.00000000000001
400.0,16.575730078944595,5.286732042512986,61.00000000000001
400.0,14.136220078944593,10.311339114144602,61.00000000000001
400.0,12.668320078944593,24.07088557225937,100.0
400.0,16.575730078944595,19.68144212518832,61.00000000000001
400.0,16.575730078944595,19.68144212518832,61.00000000000001
400.0,14.136220078944593,36.26110823710275,61.00000000000001
400.0,12.668320078944593,75.17503596634263,100.0
400.0,14.136220078944593,104.99616122512884,61.00000000000001
400.0,14.136220078944593,104.99616122512884,61.00000000000001
400.0,14.136220078944593,104.99616122512884,61.00000000000001
400.0,12.668320078944593,187.87851867048354,100.0
400.0,21.46815069681936,0.6762503639667875,24.400000000000002
400.0,16.58913069681936,1.3479659286799563,24.400000000000002
400.0,14.14962069681936,2.6780630237678653,40.0
400.0,12.68172069681936,6.566289288395918,100.0
400.0,21.46815069681936,2.6780630237678653,24.400000000000002
400.0,16.58913069681936,5.286732042512986,24.400000000000002
400.0,14.14962069681936,10.311339114144602,40.0
400.0,12.68172069681936,24.07088557225937,100.0
400.0,21.46815069681936,15.685225317750607,24.400000000000002
400.0,16.58913069681936,29.316480892992523,24.400000000000002
400.0,14.14962069681936,52.373309336059236,40.0
400.0,12.68172069681936,103.30650822877769,100.0
400.0,16.58913069681936,88.3931588833904,24.400000000000002
400.0,16.58913069681936,88.3931588833904,24.400000000000002
400.0,14.14962069681936,140.833336222508,40.0
400.0,12.68172069681936,243.18415746558622,100.0
400.0,14.14962069681936,315.2934137344665,40.0
400.0,14.14962069681936,315.2934137344665,40.0
400.0,14.14962069681936,315.2934137344665,40.0
400.0,12.68172069681936,511.6362637702084,100.0
400.0,21.492360447701422,2.6780630237678653,12.200000000000001
400.0,16.61334044770142,5.286732042512986,20.0
400.0,14.173830447701421,10.311339114144602,40.0
400.0,12.705930447701421,24.07088557225937,100.0
400.0,21.492360447701422,10.311339114144602,12.200000000000001
400.0,16.61334044770142,19.68144212518832,20.0
400.0,14.173830447701421,36.26110823710275,40.0
400.0,12.705930447701421,75.17503596634263,100.0
400.0,21.492360447701422,52.373309336059236,12.200000000000001
400.0,16.61334044770142,88.3931588833904,20.0
400.0,14.173830447701421,140.833336222508,40.0
400.0,12.705930447701421,243.18415746558622,100.0
400.0,16.61334044770142,214.10016123627665,20.0
400.0,16.61334044770142,214.10016123627665,20.0
400.0,14.173830447701421,315.2934137344665,40.0
400.0,12.705930447701421,511.6362637702084,100.0
400.0,14.173830447701421,651.529894859962,40.0
400.0,14.173830447701421,651.529894859962,40.0
400.0,14.173830447701421,651.529894859962,40.0
400.0,12.705930447701421,1037.1868456065079,100.0
400.0,21.536528413789565,8.43099281580527,10.0
400.0,16.657508413789564,16.219216617482143,20.0
400.0,14.217998413789564,30.254632357651293,40.0
400.0,12.750098413789564,64.14645244539655,100.0
400.0,21.536528413789565,30.254632357651293,10.0
400.0,16.657508413789564,53.90120474512524,20.0
400.0,14.217998413789564,90.69031359592361,40.0
400.0,12.750098413789564,165.49665168650404,100.0
400.0,21.536528413789565,122.92768079179412,10.0
400.0,16.657508413789564,189.26791677118416,20.0
400.0,14.217998413789564,280.99810120081924,40.0
400.0,12.750098413789564,458.5654714537649,100.0
400.0,16.657508413789564,407.940882886483,20.0
400.0,16.657508413789564,407.940882886483,20.0
400.0,14.217998413789564,584.8350038759991,40.0
400.0,12.750098413789564,932.4705447117017,100.0
400.0,14.217998413789564,1181.986792871801,40.0
400.0,14.217998413789564,1181.986792871801,40.0
400.0,14.217998413789564,1181.986792871801,40.0
400.0,12.750098413789564,1872.854470651857,100.0
400.0,36.087519704570695,0.027137949507404304,122.00000000000001
400.0,23.889969704570696,0.05426853682924059,122.00000000000001
400.0,17.7876997045707,0.10850764288269157,122.00000000000001
400.0,14.131929704570698,0.2710487349882872,122.00000000000001
400.0,36.087519704570695,0.10850764288269157,122.00000000000001
400.0,23.889969704570696,0.2168977061669687,122.00000000000001
400.0,17.7876997045707,0.43332623835727335,122.00000000000001
400.0,14.131929704570698,1.0798194948513493,122.00000000000001
400.0,36.087519704570695,0.6762503639667875,122.00000000000001
400.0,23.889969704570696,1.3479659286799563,122.00000000000001
400.0,17.7876997045707,2.6780630237678653,122.00000000000001
400.0,14.131929704570698,6.566289288395918,122.00000000000001
400.0,23.889969704570696,5.286732042512986,122.00000000000001
400.0,23.889969704570696,5.286732042512986,122.00000000000001
400.0,17.7876997045707,10.311339114144602,122.00000000000001
400.0,14.131929704570698,24.07088557225937,122.00000000000001
400.0,17.7876997045707,36.26110823710275,122.00000000000001
400.0,17.7876997045707,36.26110823710275,122.00000000000001
400.0,17.7876997045707,36.26110823710275,122.00000000000001
400.0,14.131929704570698,75.17503596634263,122.00000000000001
400.0,36.09181007894459,0.10850764288269157,61.00000000000001
400.0,23.89426007894459,0.2168977061669687,61.00000000000001
400.0,17.791990078944593,0.43332623835727335,61.00000000000001
400.0,14.136220078944593,1.0798194948513493,100.0
400.0,36.09181007894459,0.43332623835727335,61.00000000000001
400.0,23.89426007894459,0.8647848786179982,61.00000000000001
400.0,17.791990078944593,1.722171239825486,61.00000000000001
400.0,14.136220078944593,4.25133166696749,100.0
400.0,36.09181007894459,2.6780630237678653,61.00000000000001
400.0,23.89426007894459,5.286732042512986,61.00000000000001
400.0,17.791990078944593,10.311339114144602,61.00000000000001
400.0,14.136220078944593,24.07088557225937,100.0
400.0,23.89426007894459,19.68144212518832,61.00000000000001
400.0,23.89426007894459,19.68144212518832,61.00000000000001
400.0,17.791990078944593,36.26110823710275,61.00000000000001
400.0,14.136220078944593,75.17503596634263,100.0
400.0,17.791990078944593,104.99616122512884,61.00000000000001
400.0,17.791990078944593,104.99616122512884,61.00000000000001
400.0,17.791990078944593,104.99616122512884,61.00000000000001
400.0,14.136220078944593,187.87851867048354,100.0
400.0,36.105210696819356,0.6762503639667875,24.400000000000002
400.0,23.90766069681936,1.3479659286799563,24.400000000000002
400.0,17.80539069681936,2.6780630237678653,40.0
400.0,14.14962069681936,6.566289288395918,100.0
400.0,36.105210696819356,2.6780630237678653,24.400000000000002
400.0,23.90766069681936,5.286732042512986,24.400000000000002
400.0,17.80539069681936,10.311339114144602,40.0
400.0,14.14962069681936,24.07088557225937,100.0
400.0,36.105210696819356,15.685225317750607,24.400000000000002
400.0,23.90766069681936,29.316480892992523,24.400000000000002
400.0,17.80539069681936,52.373309336059236,40.0
400.0,14.14962069681936,103.30650822877769,100.0
400.0,23.90766069681936,88.3931588833904,24.400000000000002
400.0,23.90766069681936,88.3931588833904,24.400000000000002
400.0,17.80539069681936,140.833336222508,40.0
400.0,14.14962069681936,243.18415746558622,100.0
400.0,17.80539069681936,315.2934137344665,40.0
400.0,17.80539069681936,315.2934137344665,40.0
400.0,17.80539069681936,315.2934137344665,40.0
400.0,14.14962069681936,511.6362637702084,100.0
400.0,36.12942044770142,2.6780630237678653,12.200000000000001
400.0,23.93187044770142,5.286732042512986,20.0
400.0,17.829600447701424,10.311339114144602,40.0
400.0,14.173830447701421,24.07088557225937,100.0
400.0,36.12942044770142,10.311339114144602,12.200000000000001
400.0,23.93187044770142,19.68144212518832,20.0
400.0,17.829600447701424,36.26110823710275,40.0
400.0,14.173830447701421,75.17503596634263,100.0
400.0,36.12942044770142,52.373309336059236,12.200000000000001
400.0,23.93187044770142,88.3931588833904,20.0
400.0,17.829600447701424,140.833336222508,40.0
400.0,14.173830447701421,243.18415746558622,100.0
400.0,23.93187044770142,214.10016123627665,20.0
400.0,23.93187044770142,214.10016123627665,20.0
400.0,17.829600447701424,315.2934137344665,40.0
400.0,14.173830447701421,511.6362637702084,100.0
400.0,17.829600447701424,651.529894859962,40.0
400.0,17.829600447701424,651.529894859962,40.0
400.0,17.829600447701424,651.529894859962,40.0
400.0,14.173830447701421,1037.1868456065079,100.0
400.0,36.17358841378956,8.43099281580527,10.0
400.0,23.976038413789563,16.219216617482143,20.0
400.0,17.873768413789563,30.254632357651293,40.0
400.0,14.217998413789564,64.14645244539655,100.0
400.0,36.17358841378956,30.254632357651293,10.0
400.0,23.976038413789563,53.90120474512524,20.0
400.0,17.873768413789563,90.69031359592361,40.0
400.0,14.217998413789564,165.49665168650404,100.0
400.0,36.17358841378956,122.92768079179412,10.0
400.0,23.976038413789563,189.26791677118416,20.0
400.0,17.873768413789563,280.99810120081924,40.0
400.0,14.217998413789564,458.5654714537649,100.0
400.0,23.976038413789563,407.940882886483,20.0
400.0,23.976038413789563,407.940882886483,20.0
400.0,17.873768413789563,584.8350038759991,40.0
400.0,14.217998413789564,932.4705447117017,100.0
400.0,17.873768413789563,1181.986792871801,40.0
400.0,17.873768413789563,1181.986792871801,40.0
400.0,17.873768413789563,1181.986792871801,40.0
400.0,14.217998413789564,1872.854470651857,100.0
400.0,12.458808922796372,0.009890776192746581,122.00000000000001
400.0,12.116298922796371,0.01978057423189054,122.00000000000001
400.0,11.948538922796372,0.039557236719827985,122.00000000000001
400.0,11.843688922796371,0.0988637711161663,122.00000000000001
400.0,12.458808922796372,0.039557236719827985,122.00000000000001
400.0,12.116298922796371,0.07909883342348767,122.00000000000001
400.0,11.948538922796372,0.15813516239529704,122.00000000000001
400.0,11.843688922796371,0.39487023157181916,122.00000000000001
400.0,12.458808922796372,0.24697645838640125,122.00000000000001
400.0,12.116298922796371,0.49334482061317764,122.00000000000001
400.0,11.948538922796372,0.9842706711334313,122.00000000000001
400.0,11.843688922796371,2.442797826068187,122.00000000000001
400.0,12.116298922796371,1.958971257656974,122.00000000000001
400.0,12.116298922796371,1.958971257656974,122.00000000000001
400.0,11.948538922796372,3.880484975139208,122.00000000000001
400.0,11.843688922796371,9.43561615565876,122.00000000000001
400.0,11.948538922796372,14.70512632820105,122.00000000000001
400.0,11.948538922796372,14.70512632820105,122.00000000000001
400.0,11.948538922796372,14.70512632820105,122.00000000000001
400.0,11.843688922796371,33.49064318799397,122.00000000000001
400.0,12.464892385124593,0.039557236719827985,61.00000000000001
400.0,12.122382385124592,0.07909883342348767,61.00000000000001
400.0,11.954622385124592,0.15813516239529704,61.00000000000001
400.0,11.849772385124592,0.39487023157181916,71.42857142857143
400.0,12.464892385124593,0.15813516239529704,61.00000000000001
400.0,12.122382385124592,0.31602075086397186,61.00000000000001
400.0,11.954622385124592,0.631046740764876,61.00000000000001
400.0,11.849772385124592,1.5702260122784781,71.42857142857143
400.0,12.464892385124593,0.9842706711334313,61.00000000000001
400.0,12.122382385124592,1.958971257656974,61.00000000000001
400.0,11.954622385124592,3.880484975139208,61.00000000000001
400.0,11.849772385124592,9.43561615565876,71.42857142857143
400.0,12.122382385124592,7.617367902158643,61.00000000000001
400.0,12.122382385124592,7.617367902158643,61.00000000000001
400.0,11.954622385124592,14.70512632820105,61.00000000000001
400.0,11.849772385124592,33.49064318799397,71.42857142857143
400.0,11.954622385124592,49.537408652562824,61.00000000000001
400.0,11.954622385124592,49.537408652562824,61.00000000000001
400.0,11.954622385124592,49.537408652562824,61.00000000000001
400.0,11.849772385124592,98.47886969462803,71.42857142857143
400.0,12.483893560059828,0.24697645838640125,24.400000000000002
400.0,12.141383560059829,0.49334482061317764,24.400000000000002
400.0,11.973623560059828,0.9842706711334313,28.571428571428573
400.0,11.868773560059829,2.442797826068187,71.42857142857143
400.0,12.483893560059828,0.9842706711334313,24.400000000000002
400.0,12.141383560059829,1.958971257656974,24.400000000000002
400.0,11.973623560059828,3.880484975139208,28.571428571428573
400.0,11.868773560059829,9.43561615565876,71.42857142857143
400.0,12.483893560059828,5.999379510736294,24.400000000000002
400.0,12.141383560059829,11.66401614158795,24.400000000000002
400.0,11.973623560059828,22.141630418058657,28.571428571428573
400.0,11.868773560059829,48.597644891697776,71.42857142857143
400.0,12.141383560059829,40.45430129252675,24.400000000000002
400.0,12.141383560059829,40.45430129252675,24.400000000000002
400.0,11.973623560059828,70.13271422662939,28.571428571428573
400.0,11.868773560059829,132.69389834592113,71.42857142857143
400.0,11.973623560059828,177.7149728610208,28.571428571428573
400.0,11.973623560059828,177.7149728610208,28.571428571428573
400.0,11.973623560059828,177.7149728610208,28.571428571428573
400.0,11.868773560059829,299.71790133731304,71.42857142857143
400.0,12.518221358669376,0.9842706711334313,12.200000000000001
400.0,12.175711358669375,1.958971257656974,14.285714285714286
400.0,12.007951358669374,3.880484975139208,28.571428571428573
400.0,11.903101358669375,9.43561615565876,71.42857142857143
400.0,12.518221358669376,3.880484975139208,12.200000000000001
400.0,12.175711358669375,7.617367902158643,14.285714285714286
400.0,12.007951358669374,14.70512632820105,28.571428571428573
400.0,11.903101358669375,33.49064318799397,71.42857142857143
400.0,12.518221358669376,22.141630418058657,12.200000000000001
400.0,12.175711358669375,40.45430129252675,14.285714285714286
400.0,12.007951358669374,70.13271422662939,28.571428571428573
400.0,11.903101358669375,132.69389834592113,71.42857142857143
400.0,12.175711358669375,114.63072761156806,14.285714285714286
400.0,12.175711358669375,114.63072761156806,14.285714285714286
400.0,12.007951358669374,177.7149728610208,28.571428571428573
400.0,11.903101358669375,299.71790133731304,71.42857142857143
400.0,12.007951358669374,385.81674785265915,28.571428571428573
400.0,12.007951358669374,385.81674785265915,28.571428571428573
400.0,12.007951358669374,385.81674785265915,28.571428571428573
400.0,11.903101358669375,621.2061906047256,71.42857142857143
400.0,12.580848564221933,3.1546194558615688,7.142857142857143
400.0,12.238338564221934,6.213503902838238,14.285714285714286
400.0,12.070578564221933,12.068841317544504,28.571428571428573
400.0,11.965728564221934,27.888903688200248,71.42857142857143
400.0,12.580848564221933,12.068841317544504,7.142857142857143
400.0,12.238338564221934,22.873154645180172,14.285714285714286
400.0,12.070578564221933,41.689949620244484,28.571428571428573
400.0,11.965728564221934,84.86093050918903,71.42857142857143
400.0,12.580848564221933,59.69759112669604,7.142857142857143
400.0,12.238338564221934,99.33015075384783,14.285714285714286
400.0,12.070578564221933,156.28803886359063,28.571428571428573
400.0,11.965728564221934,266.8874109377727,71.42857142857143
400.0,12.238338564221934,235.46764294560336,14.285714285714286
400.0,12.238338564221934,235.46764294560336,14.285714285714286
400.0,12.070578564221933,344.839725110031,28.571428571428573
400.0,11.965728564221934,557.4760891784972,71.42857142857143
400.0,12.070578564221933,709.1928415720115,28.571428571428573
400.0,12.070578564221933,709.1928415720115,28.571428571428573
400.0,12.070578564221933,709.1928415720115,28.571428571428573
400.0,11.965728564221934,1127.823298762157,71.42857142857143
400.0,13.143828922796372,0.009890776192746581,122.00000000000001
400.0,12.458808922796372,0.01978057423189054,122.00000000000001
400.0,12.116298922796371,0.039557236719827985,122.00000000000001
400.0,11.913588922796372,0.0988637711161663,122.00000000000001
400.0,13.143828922796372,0.039557236719827985,122.00000000000001
400.0,12.458808922796372,0.07909883342348767,122.00000000000001
400.0,12.116298922796371,0.15813516239529704,122.00000000000001
400.0,11.913588922796372,0.39487023157181916,122.00000000000001
400.0,13.143828922796372,0.24697645838640125,122.00000000000001
400.0,12.458808922796372,0.49334482061317764,122.00000000000001
400.0,12.116298922796371,0.9842706711334313,122.00000000000001
400.0,11.913588922796372,2.442797826068187,122.00000000000001
400.0,12.458808922796372,1.958971257656974,122.00000000000001
400.0,12.458808922796372,1.958971257656974,122.00000000000001
400.0,12.116298922796371,3.880484975139208,122.00000000000001
400.0,11.913588922796372,9.43561615565876,122.00000000000001
400.0,12.116298922796371,14.70512632820105,122.00000000000001
400.0,12.116298922796371,14.70512632820105,122.00000000000001
400.0,12.116298922796371,14.70512632820105,122.00000000000001
400.0,11.913588922796372,33.49064318799397,122.00000000000001
400.0,13.149912385124592,0.039557236719827985,61.00000000000001
400.0,12.464892385124593,0.07909883342348767,61.00000000000001
400.0,12.122382385124592,0.15813516239529704,61.00000000000001
400.0,11.919672385124592,0.39487023157181916,71.42857142857143
400.0,13.149912385124592,0.15813516239529704,61.00000000000001
400.0,12.464892385124593,0.31602075086397186,61.00000000000001
400.0,12.122382385124592,0.631046740764876,61.00000000000001
400.0,11.919672385124592,1.5702260122784781,71.42857142857143
400.0,13.149912385124592,0.9842706711334313,61.00000000000001
400.0,12.464892385124593,1.958971257656974,61.00000000000001
400.0,12.122382385124592,3.880484975139208,61.00000000000001
400.0,11.919672385124592,9.43561615565876,71.42857142857143
400.0,12.464892385124593,7.617367902158643,61.00000000000001
400.0,12.464892385124593,7.617367902158643,61.00000000000001
400.0,12.122382385124592,14.70512632820105,61.00000000000001
400.0,11.919672385124592,33.49064318799397,71.42857142857143
400.0,12.122382385124592,49.537408652562824,61.00000000000001
400.0,12.122382385124592,49.537408652562824,61.00000000000001
400.0,12.122382385124592,49.537408652562824,61.00000000000001
400.0,11.919672385124592,98.47886969462803,71.42857142857143
400.0,13.168913560059828,0.24697645838640125,24.400000000000002
400.0,12.483893560059828,0.49334482061317764,24.400000000000002
400.0,12.141383560059829,0.9842706711334313,28.571428571428573
400.0,11.93867356005983,2.442797826068187,71.42857142857143
400.0,13.168913560059828,0.9842706711334313,24.400000000000002
400.0,12.483893560059828,1.958971257656974,24.400000000000002
400.0,12.141383560059829,3.880484975139208,28.571428571428573
400.0,11.93867356005983,9.43561615565876,71.42857142857143
400.0,13.168913560059828,5.999379510736294,24.400000000000002
400.0,12.483893560059828,11.66401614158795,24.400000000000002
400.0,12.141383560059829,22.141630418058657,28.571428571428573
400.0,11.93867356005983,48.597644891697776,71.42857142857143
400.0,12.483893560059828,40.45430129252675,24.400000000000002
400.0,12.483893560059828,40.45430129252675,24.400000000000002
400.0,12.141383560059829,70.13271422662939,28.571428571428573
400.0,11.93867356005983,132.69389834592113,71.42857142857143
400.0,12.141383560059829,177.7149728610208,28.571428571428573
400.0,12.141383560059829,177.7149728610208,28.571428571428573
400.0,12.141383560059829,177.7149728610208,28.571428571428573
400.0,11.93867356005983,299.71790133731304,71.42857142857143
400.0,13.203241358669375,0.9842706711334313,12.200000000000001
400.0,12.518221358669376,1.958971257656974,14.285714285714286
400.0,12.175711358669375,3.880484975139208,28.571428571428573
400.0,11.973001358669375,9.43561615565876,71.42857142857143
400.0,13.203241358669375,3.880484975139208,12.200000000000001
400.0,12.518221358669376,7.617367902158643,14.285714285714286
400.0,12.175711358669375,14.70512632820105,28.571428571428573
400.0,11.973001358669375,33.49064318799397,71.42857142857143
400.0,13.203241358669375,22.141630418058657,12.200000000000001
400.0,12.518221358669376,40.45430129252675,14.285714285714286
400.0,12.175711358669375,70.13271422662939,28.571428571428573
400.0,11.973001358669375,132.69389834592113,71.42857142857143
400.0,12.518221358669376,114.63072761156806,14.285714285714286
400.0,12.518221358669376,114.63072761156806,14.285714285714286
400.0,12.175711358669375,177.7149728610208,28.571428571428573
400.0,11.973001358669375,299.71790133731304,71.42857142857143
400.0,12.175711358669375,385.81674785265915,28.571428571428573
400.0,12.175711358669375,385.81674785265915,28.571428571428573
400.0,12.175711358669375,385.81674785265915,28.571428571428573
400.0,11.973001358669375,621.2061906047256,71.42857142857143
400.0,13.265868564221933,3.1546194558615688,7.142857142857143
400.0,12.580848564221933,6.213503902838238,14.285714285714286
400.0,12.238338564221934,12.068841317544504,28.571428571428573
400.0,12.035628564221934,27.888903688200248,71.42857142857143
400.0,13.265868564221933,12.068841317544504,7.142857142857143
400.0,12.580848564221933,22.873154645180172,14.285714285714286
400.0,12.238338564221934,41.689949620244484,28.571428571428573
400.0,12.035628564221934,84.86093050918903,71.42857142857143
400.0,13.265868564221933,59.69759112669604,7.142857142857143
400.0,12.580848564221933,99.33015075384783,14.285714285714286
400.0,12.238338564221934,156.28803886359063,28.571428571428573
400.0,12.035628564221934,266.8874109377727,71.42857142857143
400.0,12.580848564221933,235.46764294560336,14.285714285714286
400.0,12.580848564221933,235.46764294560336,14.285714285714286
400.0,12.238338564221934,344.839725110031,28.571428571428573
400.0,12.035628564221934,557.4760891784972,71.42857142857143
400.0,12.238338564221934,709.1928415720115,28.571428571428573
400.0,12.238338564221934,709.1928415720115,28.571428571428573
400.0,12.238338564221934,709.1928415720115,28.571428571428573
400.0,12.035628564221934,1127.823298762157,71.42857142857143
400.0,15.191898922796373,0.009890776192746581,122.00000000000001
400.0,13.486338922796373,0.01978057423189054,122.00000000000001
400.0,12.633558922796372,0.039557236719827985,122.00000000000001
400.0,12.116298922796371,0.0988637711161663,122.00000000000001
400.0,15.191898922796373,0.039557236719827985,122.00000000000001
400.0,13.486338922796373,0.07909883342348767,122.00000000000001
400.0,12.633558922796372,0.15813516239529704,122.00000000000001
400.0,12.116298922796371,0.39487023157181916,122.00000000000001
400.0,15.191898922796373,0.24697645838640125,122.00000000000001
400.0,13.486338922796373,0.49334482061317764,122.00000000000001
400.0,12.633558922796372,0.9842706711334313,122.00000000000001
400.0,12.116298922796371,2.442797826068187,122.00000000000001
400.0,13.486338922796373,1.958971257656974,122.00000000000001
400.0,13.486338922796373,1.958971257656974,122.00000000000001
400.0,12.633558922796372,3.880484975139208,122.00000000000001
400.0,12.116298922796371,9.43561615565876,122.00000000000001
400.0,12.633558922796372,14.70512632820105,122.00000000000001
400.0,12.633558922796372,14.70512632820105,122.00000000000001
400.0,12.633558922796372,14.70512632820105,122.00000000000001
400.0,12.116298922796371,33.49064318799397,122.00000000000001
400.0,15.197982385124591,0.039557236719827985,61.00000000000001
400.0,13.492422385124591,0.07909883342348767,61.00000000000001
400.0,12.639642385124592,0.15813516239529704,61.00000000000001
400.0,12.122382385124592,0.39487023157181916,71.42857142857143
400.0,15.197982385124591,0.15813516239529704,61.00000000000001
400.0,13.492422385124591,0.31602075086397186,61.00000000000001
400.0,12.639642385124592,0.631046740764876,61.00000000000001
400.0,12.122382385124592,1.5702260122784781,71.42857142857143
400.0,15.197982385124591,0.9842706711334313,61.00000000000001
400.0,13.492422385124591,1.958971257656974,61.00000000000001
400.0,12.639642385124592,3.880484975139208,61.00000000000001
400.0,12.122382385124592,9.43561615565876,71.42857142857143
400.0,13.492422385124591,7.617367902158643,61.00000000000001
400.0,13.492422385124591,7.617367902158643,61.00000000000001
400.0,12.639642385124592,14.70512632820105,61.00000000000001
400.0,12.122382385124592,33.49064318799397,71.42857142857143
400.0,12.639642385124592,49.537408652562824,61.00000000000001
400.0,12.639642385124592,49.537408652562824,61.00000000000001
400.0,12.639642385124592,49.537408652562824,61.00000000000001
400.0,12.122382385124592,98.47886969462803,71.42857142857143
400.0,15.216983560059829,0.24697645838640125,24.400000000000002
400.0,13.511423560059828,0.49334482061317764,24.400000000000002
400.0,12.65864356005983,0.9842706711334313,28.571428571428573
400.0,12.141383560059829,2.442797826068187,71.42857142857143
400.0,15.216983560059829,0.9842706711334313,24.400000000000002
400.0,13.511423560059828,1.958971257656974,24.400000000000002
400.0,12.65864356005983,3.880484975139208,28.571428571428573
400.0,12.141383560059829,9.43561615565876,71.42857142857143
400.0,15.216983560059829,5.999379510736294,24.400000000000002
400.0,13.511423560059828,11.66401614158795,24.400000000000002
400.0,12.65864356005983,22.141630418058657,28.571428571428573
400.0,12.141383560059829,48.597644891697776,71.42857142857143
400.0,13.511423560059828,40.45430129252675,24.400000000000002
400.0,13.511423560059828,40.45430129252675,24.400000000000002
400.0,12.65864356005983,70.13271422662939,28.571428571428573
400.0,12.141383560059829,132.69389834592113,71.42857142857143
400.0,12.65864356005983,177.7149728610208,28.571428571428573
400.0,12.65864356005983,177.7149728610208,28.571428571428573
400.0,12.65864356005983,177.7149728610208,28.571428571428573
400.0,12.141383560059829,299.71790133731304,71.42857142857143
400.0,15.251311358669374,0.9842706711334313,12.200000000000001
400.0,13.545751358669374,1.958971257656974,14.285714285714286
400.0,12.692971358669375,3.880484975139208,28.571428571428573
400.0,12.175711358669375,9.43561615565876,71.42857142857143
400.0,15.251311358669374,3.880484975139208,12.200000000000001
400.0,13.545751358669374,7.617367902158643,14.285714285714286
400.0,12.692971358669375,14.70512632820105,28.571428571428573
400.0,12.175711358669375,33.49064318799397,71.42857142857143
400.0,15.251311358669374,22.141630418058657,12.200000000000001
400.0,13.545751358669374,40.45430129252675,14.285714285714286
400.0,12.692971358669375,70.13271422662939,28.571428571428573
400.0,12.175711358669375,132.69389834592113,71.42857142857143
400.0,13.545751358669374,114.63072761156806,14.285714285714286
400.0,13.545751358669374,114.63072761156806,14.285714285714286
400.0,12.692971358669375,177.7149728610208,28.571428571428573
400.0,12.175711358669375,299.71790133731304,71.42857142857143
400.0,12.692971358669375,385.81674785265915,28.571428571428573
400.0,12.692971358669375,385.81674785265915,28.571428571428573
400.0,12.692971358669375,385.81674785265915,28.571428571428573
400.0,12.175711358669375,621.2061906047256,71.42857142857143
400.0,15.313938564221933,3.1546194558615688,7.142857142857143
400.0,13.608378564221933,6.213503902838238,14.285714285714286
400.0,12.755598564221934,12.068841317544504,28.571428571428573
400.0,12.238338564221934,27.888903688200248,71.42857142857143
400.0,15.313938564221933,12.068841317544504,7.142857142857143
400.0,13.608378564221933,22.873154645180172,14.285714285714286
400.0,12.755598564221934,41.689949620244484,28.571428571428573
400.0,12.238338564221934,84.86093050918903,71.42857142857143
400.0,15.313938564221933,59.69759112669604,7.142857142857143
400.0,13.608378564221933,99.33015075384783,14.285714285714286
400.0,12.755598564221934,156.28803886359063,28.571428571428573
400.0,12.238338564221934,266.8874109377727,71.42857142857143
400.0,13.608378564221933,235.46764294560336,14.285714285714286
400.0,13.608378564221933,235.46764294560336,14.285714285714286
400.0,12.755598564221934,344.839725110031,28.571428571428573
400.0,12.238338564221934,557.4760891784972,71.42857142857143
400.0,12.755598564221934,709.1928415720115,28.571428571428573
400.0,12.755598564221934,709.1928415720115,28.571428571428573
400.0,12.755598564221934,709.1928415720115,28.571428571428573
400.0,12.238338564221934,1127.823298762157,71.42857142857143
400.0,18.610008922796375,0.009890776192746581,122.00000000000001
400.0,15.191898922796373,0.01978057423189054,122.00000000000001
400.0,13.486338922796373,0.039557236719827985,122.00000000000001
400.0,12.458808922796372,0.0988637711161663,122.00000000000001
400.0,18.610008922796375,0.039557236719827985,122.00000000000001
400.0,15.191898922796373,0.07909883342348767,122.00000000000001
400.0,13.486338922796373,0.15813516239529704,122.00000000000001
400.0,12.458808922796372,0.39487023157181916,122.00000000000001
400.0,18.610008922796375,0.24697645838640125,122.00000000000001
400.0,15.191898922796373,0.49334482061317764,122.00000000000001
400.0,13.486338922796373,0.9842706711334313,122.00000000000001
400.0,12.458808922796372,2.442797826068187,122.00000000000001
400.0,15.191898922796373,1.958971257656974,122.00000000000001
400.0,15.191898922796373,1.958971257656974,122.00000000000001
400.0,13.486338922796373,3.880484975139208,122.00000000000001
400.0,12.458808922796372,9.43561615565876,122.00000000000001
400.0,13.486338922796373,14.70512632820105,122.00000000000001
400.0,13.486338922796373,14.70512632820105,122.00000000000001
400.0,13.486338922796373,14.70512632820105,122.00000000000001
400.0,12.458808922796372,33.49064318799397,122.00000000000001
400.0,18.616092385124592,0.039557236719827985,61.00000000000001
400.0,15.197982385124591,0.07909883342348767,61.00000000000001
400.0,13.492422385124591,0.15813516239529704,61.00000000000001
400.0,12.464892385124593,0.39487023157181916,71.42857142857143
400.0,18.616092385124592,0.15813516239529704,61.00000000000001
400.0,15.197982385124591,0.31602075086397186,61.00000000000001
400.0,13.492422385124591,0.631046740764876,61.00000000000001
400.0,12.464892385124593,1.5702260122784781,71.42857142857143
400.0,18.616092385124592,0.9842706711334313,61.00000000000001
400.0,15.197982385124591,1.958971257656974,61.00000000000001
400.0,13.492422385124591,3.880484975139208,61.00000000000001
400.0,12.464892385124593,9.43561615565876,71.42857142857143
400.0,15.197982385124591,7.617367902158643,61.00000000000001
400.0,15.197982385124591,7.617367902158643,61.00000000000001
400.0,13.492422385124591,14.70512632820105,61.00000000000001
400.0,12.464892385124593,33.49064318799397,71.42857142857143
400.0,13.492422385124591,49.537408652562824,61.00000000000001
400.0,13.492422385124591,49.537408652562824,61.00000000000001
400.0,13.492422385124591,49.537408652562824,61.00000000000001
400.0,12.464892385124593,98.47886969462803,71.42857142857143
400.0,18.63509356005983,0.24697645838640125,24.400000000000002
400.0,15.216983560059829,0.49334482061317764,24.400000000000002
400.0,13.511423560059828,0.9842706711334313,28.571428571428573
400.0,12.483893560059828,2.442797826068187,71.42857142857143
400.0,18.63509356005983,0.9842706711334313,24.400000000000002
400.0,15.216983560059829,1.958971257656974,24.400000000000002
400.0,13.511423560059828,3.880484975139208,28.571428571428573
400.0,12.483893560059828,9.43561615565876,71.42857142857143
400.0,18.63509356005983,5.999379510736294,24.400000000000002
400.0,15.216983560059829,11.66401614158795,24.400000000000002
400.0,13.511423560059828,22.141630418058657,28.571428571428573
400.0,12.483893560059828,48.597644891697776,71.42857142857143
400.0,15.216983560059829,40.45430129252675,24.400000000000002
400.0,15.216983560059829,40.45430129252675,24.400000000000002
400.0,13.511423560059828,70.13271422662939,28.571428571428573
400.0,12.483893560059828,132.69389834592113,71.42857142857143
400.0,13.511423560059828,177.7149728610208,28.571428571428573
400.0,13.511423560059828,177.7149728610208,28.571428571428573
400.0,13.511423560059828,177.7149728610208,28.571428571428573
400.0,12.483893560059828,299.71790133731304,71.42857142857143
400.0,18.669421358669375,0.9842706711334313,12.200000000000001
400.0,15.251311358669374,1.958971257656974,14.285714285714286
400.0,13.545751358669374,3.880484975139208,28.571428571428573
400.0,12.518221358669376,9.43561615565876,71.42857142857143
400.0,18.669421358669375,3.880484975139208,12.200000000000001
400.0,15.251311358669374,7.617367902158643,14.285714285714286
400.0,13.545751358669374,14.70512632820105,28.571428571428573
400.0,12.518221358669376,33.49064318799397,71.42857142857143
400.0,18.669421358669375,22.141630418058657,12.200000000000001
400.0,15.251311358669374,40.45430129252675,14.285714285714286
400.0,13.545751358669374,70.13271422662939,28.571428571428573
400.0,12.518221358669376,132.69389834592113,71.42857142857143
400.0,15.251311358669374,114.63072761156806,14.285714285714286
400.0,15.251311358669374,114.63072761156806,14.285714285714286
400.0,13.545751358669374,177.7149728610208,28.571428571428573
400.0,12.518221358669376,299.71790133731304,71.42857142857143
400.0,13.545751358669374,385.81674785265915,28.571428571428573
400.0,13.545751358669374,385.81674785265915,28.571428571428573
400.0,13.545751358669374,385.81674785265915,28.571428571428573
400.0,12.518221358669376,621.2061906047256,71.42857142857143
400.0,18.732048564221934,3.1546194558615688,7.142857142857143
400.0,15.313938564221933,6.213503902838238,14.285714285714286
400.0,13.608378564221933,12.068841317544504,28.571428571428573
400.0,12.580848564221933,27.888903688200248,71.42857142857143
400.0,18.732048564221934,12.068841317544504,7.142857142857143
400.0,15.313938564221933,22.873154645180172,14.285714285714286
400.0,13.608378564221933,41.689949620244484,28.571428571428573
400.0,12.580848564221933,84.86093050918903,71.42857142857143
400.0,18.732048564221934,59.69759112669604,7.142857142857143
400.0,15.313938564221933,99.33015075384783,14.285714285714286
400.0,13.608378564221933,156.28803886359063,28.571428571428573
400.0,12.580848564221933,266.8874109377727,71.42857142857143
400.0,15.313938564221933,235.46764294560336,14.285714285714286
400.0,15.313938564221933,235.46764294560336,14.285714285714286
400.0,13.608378564221933,344.839725110031,28.571428571428573
400.0,12.580848564221933,557.4760891784972,71.42857142857143
400.0,13.608378564221933,709.1928415720115,28.571428571428573
400.0,13.608378564221933,709.1928415720115,28.571428571428573
400.0,13.608378564221933,709.1928415720115,28.571428571428573
400.0,12.580848564221933,1127.823298762157,71.42857142857143
400.0,25.43923892279637,0.009890776192746581,122.00000000000001
400.0,18.610008922796375,0.01978057423189054,122.00000000000001
400.0,15.191898922796373,0.039557236719827985,122.00000000000001
400.0,13.143828922796372,0.0988637711161663,122.00000000000001
400.0,25.43923892279637,0.039557236719827985,122.00000000000001
400.0,18.610008922796375,0.07909883342348767,122.00000000000001
400.0,15.191898922796373,0.15813516239529704,122.00000000000001
400.0,13.143828922796372,0.39487023157181916,122.00000000000001
400.0,25.43923892279637,0.24697645838640125,122.00000000000001
400.0,18.610008922796375,0.49334482061317764,122.00000000000001
400.0,15.191898922796373,0.9842706711334313,122.00000000000001
400.0,13.143828922796372,2.442797826068187,122.00000000000001
400.0,18.610008922796375,1.958971257656974,122.00000000000001
400.0,18.610008922796375,1.958971257656974,122.00000000000001
400.0,15.191898922796373,3.880484975139208,122.00000000000001
400.0,13.143828922796372,9.43561615565876,122.00000000000001
400.0,15.191898922796373,14.70512632820105,122.00000000000001
400.0,15.191898922796373,14.70512632820105,122.00000000000001
400.0,15.191898922796373,14.70512632820105,122.00000000000001
400.0,13.143828922796372,33.49064318799397,122.00000000000001
400.0,25.44532238512459,0.039557236719827985,61.00000000000001
400.0,18.616092385124592,0.07909883342348767,61.00000000000001
400.0,15.197982385124591,0.15813516239529704,61.00000000000001
400.0,13.149912385124592,0.39487023157181916,71.42857142857143
400.0,25.44532238512459,0.15813516239529704,61.00000000000001
400.0,18.616092385124592,0.31602075086397186,61.00000000000001
400.0,15.197982385124591,0.631046740764876,61.00000000000001
400.0,13.149912385124592,1.5702260122784781,71.42857142857143
400.0,25.44532238512459,0.9842706711334313,61.00000000000001
400.0,18.616092385124592,1.958971257656974,61.00000000000001
400.0,15.197982385124591,3.880484975139208,61.00000000000001
400.0,13.149912385124592,9.43561615565876,71.42857142857143
400.0,18.616092385124592,7.617367902158643,61.00000000000001
400.0,18.616092385124592,7.617367902158643,61.00000000000001
400.0,15.197982385124591,14.70512632820105,61.00000000000001
400.0,13.149912385124592,33.49064318799397,71.42857142857143
400.0,15.197982385124591,49.537408652562824,61.00000000000001
400.0,15.197982385124591,49.537408652562824,61.00000000000001
400.0,15.197982385124591,49.537408652562824,61.00000000000001
400.0,13.149912385124592,98.47886969462803,71.42857142857143
400.0,25.464323560059828,0.24697645838640125,24.400000000000002
400.0,18.63509356005983,0.49334482061317764,24.400000000000002
400.0,15.216983560059829,0.9842706711334313,28.571428571428573
400.0,13.168913560059828,2.442797826068187,71.42857142857143
400.0,25.464323560059828,0.9842706711334313,24.400000000000002
400.0,18.63509356005983,1.958971257656974,24.400000000000002
400.0,15.216983560059829,3.880484975139208,28.571428571428573
400.0,13.168913560059828,9.43561615565876,71.42857142857143
400.0,25.464323560059828,5.999379510736294,24.400000000000002
400.0,18.63509356005983,11.66401614158795,24.400000000000002
400.0,15.216983560059829,22.141630418058657,28.571428571428573
400.0,13.168913560059828,48.597644891697776,71.42857142857143
400.0,18.63509356005983,40.45430129252675,24.400000000000002
400.0,18.63509356005983,40.45430129252675,24.400000000000002
400.0,15.216983560059829,70.13271422662939,28.571428571428573
400.0,13.168913560059828,132.69389834592113,71.42857142857143
400.0,15.216983560059829,177.7149728610208,28.571428571428573
400.0,15.216983560059829,177.7149728610208,28.571428571428573
400.0,15.216983560059829,177.7149728610208,28.571428571428573
400.0,13.168913560059828,299.71790133731304,71.42857142857143
400.0,25.498651358669377,0.9842706711334313,12.200000000000001
400.0,18.669421358669375,1.958971257656974,14.285714285714286
400.0,15.251311358669374,3.880484975139208,28.571428571428573
400.0,13.203241358669375,9.43561615565876,71.42857142857143
400.0,25.498651358669377,3.880484975139208,12.200000000000001
400.0,18.669421358669375,7.617367902158643,14.285714285714286
400.0,15.251311358669374,14.70512632820105,28.571428571428573
400.0,13.203241358669375,33.49064318799397,71.42857142857143
400.0,25.498651358669377,22.141630418058657,12.200000000000001
400.0,18.669421358669375,40.45430129252675,14.285714285714286
400.0,15.251311358669374,70.13271422662939,28.571428571428573
400.0,13.203241358669375,132.69389834592113,71.42857142857143
400.0,18.669421358669375,114.63072761156806,14.285714285714286
400.0,18.669421358669375,114.63072761156806,14.285714285714286
400.0,15.251311358669374,177.7149728610208,28.571428571428573
400.0,13.203241358669375,299.71790133731304,71.42857142857143
400.0,15.251311358669374,385.81674785265915,28.571428571428573
400.0,15.251311358669374,385.81674785265915,28.571428571428573
400.0,15.251311358669374,385.81674785265915,28.571428571428573
400.0,13.203241358669375,621.2061906047256,71.42857142857143
400.0,25.561278564221933,3.1546194558615688,7.142857142857143
400.0,18.732048564221934,6.213503902838238,14.285714285714286
400.0,15.313938564221933,12.068841317544504,28.571428571428573
400.0,13.265868564221933,27.888903688200248,71.42857142857143
400.0,25.561278564221933,12.068841317544504,7.142857142857143
400.0,18.732048564221934,22.873154645180172,14.285714285714286
400.0,15.313938564221933,41.689949620244484,28.571428571428573
400.0,13.265868564221933,84.86093050918903,71.42857142857143
400.0,25.561278564221933,59.69759112669604,7.142857142857143
400.0,18.732048564221934,99.33015075384783,14.285714285714286
400.0,15.313938564221933,156.28803886359063,28.571428571428573
400.0,13.265868564221933,266.8874109377727,71.42857142857143
400.0,18.732048564221934,235.46764294560336,14.285714285714286
400.0,18.732048564221934,235.46764294560336,14.285714285714286
400.0,15.313938564221933,344.839725110031,28.571428571428573
400.0,13.265868564221933,557.4760891784972,71.42857142857143
400.0,15.313938564221933,709.1928415720115,28.571428571428573
400.0,15.313938564221933,709.1928415720115,28.571428571428573
400.0,15.313938564221933,709.1928415720115,28.571428571428573
400.0,13.265868564221933,1127.823298762157,71.42857142857143
400.0,45.93391892279637,0.009890776192746581,122.00000000000001
400.0,28.85734892279637,0.01978057423189054,122.00000000000001
400.0,20.315568922796373,0.039557236719827985,122.00000000000001
400.0,15.191898922796373,0.0988637711161663,122.00000000000001
400.0,45.93391892279637,0.039557236719827985,122.00000000000001
400.0,28.85734892279637,0.07909883342348767,122.00000000000001
400.0,20.315568922796373,0.15813516239529704,122.00000000000001
400.0,15.191898922796373,0.39487023157181916,122.00000000000001
400.0,45.93391892279637,0.24697645838640125,122.00000000000001
400.0,28.85734892279637,0.49334482061317764,122.00000000000001
400.0,20.315568922796373,0.9842706711334313,122.00000000000001
400.0,15.191898922796373,2.442797826068187,122.00000000000001
400.0,28.85734892279637,1.958971257656974,122.00000000000001
400.0,28.85734892279637,1.958971257656974,122.00000000000001
400.0,20.315568922796373,3.880484975139208,122.00000000000001
400.0,15.191898922796373,9.43561615565876,122.00000000000001
400.0,20.315568922796373,14.70512632820105,122.00000000000001
400.0,20.315568922796373,14.70512632820105,122.00000000000001
400.0,20.315568922796373,14.70512632820105,122.00000000000001
400.0,15.191898922796373,33.49064318799397,122.00000000000001
400.0,45.94000238512459,0.039557236719827985,61.00000000000001
400.0,28.86343238512459,0.07909883342348767,61.00000000000001
400.0,20.321652385124594,0.15813516239529704,61.00000000000001
400.0,15.197982385124591,0.39487023157181916,71.42857142857143
400.0,45.94000238512459,0.15813516239529704,61.00000000000001
400.0,28.86343238512459,0.31602075086397186,61.00000000000001
400.0,20.321652385124594,0.631046740764876,61.00000000000001
400.0,15.197982385124591,1.5702260122784781,71.42857142857143
400.0,45.94000238512459,0.9842706711334313,61.00000000000001
400.0,28.86343238512459,1.958971257656974,61.00000000000001
400.0,20.321652385124594,3.880484975139208,61.00000000000001
400.0,15.197982385124591,9.43561615565876,71.42857142857143
400.0,28.86343238512459,7.617367902158643,61.00000000000001
400.0,28.86343238512459,7.617367902158643,61.00000000000001
400.0,20.321652385124594,14.70512632820105,61.00000000000001
400.0,15.197982385124591,33.49064318799397,71.42857142857143
400.0,20.321652385124594,49.537408652562824,61.00000000000001
400.0,20.321652385124594,49.537408652562824,61.00000000000001
400.0,20.321652385124594,49.537408652562824,61.00000000000001
400.0,15.197982385124591,98.47886969462803,71.42857142857143
400.0,45.95900356005983,0.24697645838640125,24.400000000000002
400.0,28.882433560059827,0.49334482061317764,24.400000000000002
400.0,20.340653560059827,0.9842706711334313,28.571428571428573
400.0,15.216983560059829,2.442797826068187,71.42857142857143
400.0,45.95900356005983,0.9842706711334313,24.400000000000002
400.0,28.882433560059827,1.958971257656974,24.400000000000002
400.0,20.340653560059827,3.880484975139208,28.571428571428573
400.0,15.216983560059829,9.43561615565876,71.42857142857143
400.0,45.95900356005983,5.999379510736294,24.400000000000002
400.0,28.882433560059827,11.66401614158795,24.400000000000002
400.0,20.340653560059827,22.141630418058657,28.571428571428573
400.0,15.216983560059829,48.597644891697776,71.42857142857143
400.0,28.882433560059827,40.45430129252675,24.400000000000002
400.0,28.882433560059827,40.45430129252675,24.400000000000002
400.0,20.340653560059827,70.13271422662939,28.571428571428573
400.0,15.216983560059829,132.69389834592113,71.42857142857143
400.0,20.340653560059827,177.7149728610208,28.571428571428573
400.0,20.340653560059827,177.7149728610208,28.571428571428573
400.0,20.340653560059827,177.7149728610208,28.571428571428573
400.0,15.216983560059829,299.71790133731304,71.42857142857143
400.0,45.99333135866937,0.9842706711334313,12.200000000000001
400.0,28.916761358669373,1.958971257656974,14.285714285714286
400.0,20.374981358669373,3.880484975139208,28.571428571428573
400.0,15.251311358669374,9.43561615565876,71.42857142857143
400.0,45.99333135866937,3.880484975139208,12.200000000000001
400.0,28.916761358669373,7.617367902158643,14.285714285714286
400.0,20.374981358669373,14.70512632820105,28.571428571428573
400.0,15.251311358669374,33.49064318799397,71.42857142857143
400.0,45.99333135866937,22.141630418058657,12.200000000000001
400.0,28.916761358669373,40.45430129252675,14.285714285714286
400.0,20.374981358669373,70.13271422662939,28.571428571428573
400.0,15.251311358669374,132.69389834592113,71.42857142857143
400.0,28.916761358669373,114.63072761156806,14.285714285714286
400.0,28.916761358669373,114.63072761156806,14.285714285714286
400.0,20.374981358669373,177.7149728610208,28.571428571428573
400.0,15.251311358669374,299.71790133731304,71.42857142857143
400.0,20.374981358669373,385.81674785265915,28.571428571428573
400.0,20.374981358669373,385.81674785265915,28.571428571428573
400.0,20.374981358669373,385.81674785265915,28.571428571428573
400.0,15.251311358669374,621.2061906047256,71.42857142857143
400.0,46.05595856422193,3.1546194558615688,7.142857142857143
400.0,28.97938856422193,6.213503902838238,14.285714285714286
400.0,20.437608564221932,12.068841317544504,28.571428571428573
400.0,15.313938564221933,27.888903688200248,71.42857142857143
400.0,46.05595856422193,12.068841317544504,7.142857142857143
400.0,28.97938856422193,22.873154645180172,14.285714285714286
400.0,20.437608564221932,41.689949620244484,28.571428571428573
400.0,15.313938564221933,84.86093050918903,71.42857142857143
400.0,46.05595856422193,59.69759112669604,7.142857142857143
400.0,28.97938856422193,99.33015075384783,14.285714285714286
400.0,20.437608564221932,156.28803886359063,28.571428571428573
400.0,15.313938564221933,266.8874109377727,71.42857142857143
400.0,28.97938856422193,235.46764294560336,14.285714285714286
400.0,28.97938856422193,235.46764294560336,14.285714285714286
400.0,20.437608564221932,344.839725110031,28.571428571428573
400.0,15.313938564221933,557.4760891784972,71.42857142857143
400.0,20.437608564221932,709.1928415720115,28.571428571428573
400.0,20.437608564221932,709.1928415720115,28.571428571428573
400.0,20.437608564221932,709.1928415720115,28.571428571428573
400.0,15.313938564221933,1127.823298762157,71.42857142857143
500.0,11.594219353888937,142.80718009271226,250.0
500.0,11.580239353888937,216.83166262918098,500.0
500.0,11.573249353888936,319.0683128727452,1000.0
500.0,11.573249353888936,517.4870740351275,2500.0
500.0,11.594219353888937,319.0683128727452,250.0
500.0,11.580239353888937,460.85474889545753,500.0
500.0,11.573249353888936,658.8871478793795,1000.0
500.0,11.573249353888936,1048.746499290479,2500.0
500.0,11.594219353888937,826.8945346979189,250.0
500.0,11.580239353888937,1173.582747861788,500.0
500.0,11.573249353888936,1662.6742630522524,1000.0
500.0,11.573249353888936,2631.7558539335014,2500.0
500.0,11.580239353888937,2353.4905081025445,500.0
500.0,11.580239353888937,2353.4905081025445,500.0
500.0,11.573249353888936,3329.8360571952003,1000.0
500.0,11.573249353888936,5266.355619952388,2500.0
500.0,11.573249353888936,6661.921563081238,1000.0
500.0,11.573249353888936,6661.921563081238,1000.0
500.0,11.573249353888936,6661.921563081238,1000.0
500.0,11.573249353888936,10534.134637080371,2500.0
500.0,11.596091384997564,319.0683128727452,250.0
500.0,11.582111384997564,460.85474889545753,500.0
500.0,11.575121384997566,658.8871478793795,1000.0
500.0,11.575121384997566,1048.746499290479,2500.0
500.0,11.596091384997564,658.8871478793795,250.0
500.0,11.582111384997564,936.9820241720579,500.0
500.0,11.575121384997566,1328.7979035583983,1000.0
500.0,11.575121384997566,2104.5527178956772,2500.0
500.0,11.596091384997564,1662.6742630522524,250.0
500.0,11.582111384997564,2353.4905081025445,500.0
500.0,11.575121384997566,3329.8360571952003,1000.0
500.0,11.575121384997566,5266.355619952388,2500.0
500.0,11.582111384997564,4710.159533773401,500.0
500.0,11.582111384997564,4710.159533773401,500.0
500.0,11.575121384997566,6661.921563081238,1000.0
500.0,11.575121384997566,10534.134637080371,2500.0
500.0,11.575121384997566,13324.968563000959,1000.0
500.0,11.575121384997566,13324.968563000959,1000.0
500.0,11.575121384997566,13324.968563000959,1000.0
500.0,11.575121384997566,21068.981153103177,2500.0
500.0,11.601938514257206,826.8945346979189,250.0
500.0,11.587958514257206,1173.582747861788,500.0
500.0,11.580968514257204,1662.6742630522524,1000.0
500.0,11.580968514257204,2631.7558539335014,2500.0
500.0,11.601938514257206,1662.6742630522524,250.0
500.0,11.587958514257206,2353.4905081025445,500.0
500.0,11.580968514257204,3329.8360571952003,1000.0
500.0,11.580968514257204,5266.355619952388,2500.0
500.0,11.601938514257206,4162.969728340059,250.0
500.0,11.587958514257206,5888.176735934821,500.0
500.0,11.580968514257204,8327.73956265929,1000.0
500.0,11.580968514257204,13167.88185440471,2500.0
500.0,11.587958514257206,11777.62668302635,500.0
500.0,11.587958514257206,11777.62668302635,500.0
500.0,11.580968514257204,16656.379543233998,1000.0
500.0,11.580968514257204,26336.333229282,2500.0
500.0,11.580968514257204,33313.20934106301,1000.0
500.0,11.580968514257204,33313.20934106301,1000.0
500.0,11.580968514257204,33313.20934106301,1000.0
500.0,11.580968514257204,52672.95123034681,2500.0
500.0,11.61250202290091,1662.6742630522524,250.0
500.0,11.59852202290091,2353.4905081025445,500.0
500.0,11.59153202290091,3329.8360571952003,1000.0
500.0,11.59153202290091,5266.355619952388,2500.0
500.0,11.61250202290091,3329.8360571952003,250.0
500.0,11.59852202290091,4710.159533773401,500.0
500.0,11.59153202290091,6661.921563081238,1000.0
500.0,11.59153202290091,10534.134637080371,2500.0
500.0,11.61250202290091,8327.73956265929,250.0
500.0,11.59852202290091,11777.62668302635,500.0
500.0,11.59153202290091,16656.379543233998,1000.0
500.0,11.59153202290091,26336.333229282,2500.0
500.0,11.59852202290091,23555.890100692497,500.0
500.0,11.59852202290091,23555.890100692497,500.0
500.0,11.59153202290091,33313.20934106301,1000.0
500.0,11.59153202290091,52672.95123034681,2500.0
500.0,11.59153202290091,66626.64381512886,1000.0
500.0,11.59153202290091,66626.64381512886,1000.0
500.0,11.59153202290091,66626.64381512886,1000.0
500.0,11.59153202290091,105346.04484802841,2500.0
500.0,11.631773955677911,2996.5360728380424,250.0
500.0,11.61779395567791,4238.919698061259,500.0
500.0,11.61080395567791,5995.571038300291,1000.0
500.0,11.61080395567791,9480.620989668449,2500.0
500.0,11.631773955677911,5995.571038300291,250.0
500.0,11.61779395567791,8479.607301066422,500.0
500.0,11.61080395567791,11992.392500043681,1000.0
500.0,11.61080395567791,18962.032940267516,2500.0
500.0,11.631773955677911,14990.678221431885,250.0
500.0,11.61779395567791,21200.25628169605,500.0
500.0,11.61080395567791,29981.856721781944,1000.0
500.0,11.61080395567791,47405.636067666484,2500.0
500.0,11.61779395567791,42400.866321386144,500.0
500.0,11.61779395567791,42400.866321386144,500.0
500.0,11.61080395567791,59963.96359084915,1000.0
500.0,11.61080395567791,94811.43034335734,2500.0
500.0,11.61080395567791,119928.05225631924,1000.0
500.0,11.61080395567791,119928.05225631924,1000.0
500.0,11.61080395567791,119928.05225631924,1000.0
500.0,11.61080395567791,189622.93979097434,2500.0
500.0,11.615189353888937,142.80718009271226,250.0
500.0,11.594219353888937,216.83166262918098,500.0
500.0,11.580239353888937,319.0683128727452,1000.0
500.0,11.573249353888936,517.4870740351275,2500.0
500.0,11.615189353888937,319.0683128727452,250.0
500.0,11.594219353888937,460.85474889545753,500.0
500.0,11.580239353888937,658.8871478793795,1000.0
500.0,11.573249353888936,1048.746499290479,2500.0
500.0,11.615189353888937,826.8945346979189,250.0
500.0,11.594219353888937,1173.582747861788,500.0
500.0,11.580239353888937,1662.6742630522524,1000.0
500.0,11.573249353888936,2631.7558539335014,2500.0
500.0,11.594219353888937,2353.4905081025445,500.0
500.0,11.594219353888937,2353.4905081025445,500.0
500.0,11.580239353888937,3329.8360571952003,1000.0
500.0,11.573249353888936,5266.355619952388,2500.0
500.0,11.580239353888937,6661.921563081238,1000.0
500.0,11.580239353888937,6661.921563081238,1000.0
500.0,11.580239353888937,6661.921563081238,1000.0
500.0,11.573249353888936,10534.134637080371,2500.0
500.0,11.617061384997564,319.0683128727452,250.0
500.0,11.596091384997564,460.85474889545753,500.0
500.0,11.582111384997564,658.8871478793795,1000.0
500.0,11.575121384997566,1048.746499290479,2500.0
500.0,11.617061384997564,658.8871478793795,250.0
500.0,11.596091384997564,936.9820241720579,500.0
500.0,11.582111384997564,1328.7979035583983,1000.0
500.0,11.575121384997566,2104.5527178956772,2500.0
500.0,11.617061384997564,1662.6742630522524,250.0
500.0,11.596091384997564,2353.4905081025445,500.0
500.0,11.582111384997564,3329.8360571952003,1000.0
500.0,11.575121384997566,5266.355619952388,2500.0
500.0,11.596091384997564,4710.159533773401,500.0
500.0,11.596091384997564,4710.159533773401,500.0
500.0,11.582111384997564,6661.921563081238,1000.0
500.0,11.575121384997566,10534.134637080371,2500.0
500.0,11.582111384997564,13324.968563000959,1000.0
500.0,11.582111384997564,13324.968563000959,1000.0
500.0,11.582111384997564,13324.968563000959,1000.0
500.0,11.575121384997566,21068.981153103177,2500.0
500.0,11.622908514257205,826.8945346979189,250.0
500.0,11.601938514257206,1173.582747861788,500.0
500.0,11.587958514257206,1662.6742630522524,1000.0
500.0,11.580968514257204,2631.7558539335014,2500.0
500.0,11.622908514257205,1662.6742630522524,250.0
500.0,11.601938514257206,2353.4905081025445,500.0
500.0,11.587958514257206,3329.8360571952003,1000.0
500.0,11.580968514257204,5266.355619952388,2500.0
500.0,11.622908514257205,4162.969728340059,250.0
500.0,11.601938514257206,5888.176735934821,500.0
500.0,11.587958514257206,8327.73956265929,1000.0
500.0,11.580968514257204,13167.88185440471,2500.0
500.0,11.601938514257206,11777.62668302635,500.0
500.0,11.601938514257206,11777.62668302635,500.0
500.0,11.587958514257206,16656.379543233998,1000.0
500.0,11.580968514257204,26336.333229282,2500.0
500.0,11.587958514257206,33313.20934106301,1000.0
500.0,11.587958514257206,33313.20934106301,1000.0
500.0,11.587958514257206,33313.20934106301,1000.0
500.0,11.580968514257204,52672.95123034681,2500.0
500.0,11.63347202290091,1662.6742630522524,250.0
500.0,11.61250202290091,2353.4905081025445,500.0
500.0,11.59852202290091,3329.8360571952003,1000.0
500.0,11.59153202290091,5266.355619952388,2500.0
500.0,11.63347202290091,3329.8360571952003,250.0
500.0,11.61250202290091,4710.159533773401,500.0
500.0,11.59852202290091,6661.921563081238,1000.0
500.0,11.59153202290091,10534.134637080371,2500.0
500.0,11.63347202290091,8327.73956265929,250.0
500.0,11.61250202290091,11777.62668302635,500.0
500.0,11.59852202290091,16656.379543233998,1000.0
500.0,11.59153202290091,26336.333229282,2500.0
500.0,11.61250202290091,23555.890100692497,500.0
500.0,11.61250202290091,23555.890100692497,500.0
500.0,11.59852202290091,33313.20934106301,1000.0
500.0,11.59153202290091,52672.95123034681,2500.0
500.0,11.59852202290091,66626.64381512886,1000.0
500.0,11.59852202290091,66626.64381512886,1000.0
500.0,11.59852202290091,66626.64381512886,1000.0
500.0,11.59153202290091,105346.04484802841,2500.0
500.0,11.652743955677911,2996.5360728380424,250.0
500.0,11.631773955677911,4238.919698061259,500.0
500.0,11.61779395567791,5995.571038300291,1000.0
500.0,11.61080395567791,9480.620989668449,2500.0
500.0,11.652743955677911,5995.571038300291,250.0
500.0,11.631773955677911,8479.607301066422,500.0
500.0,11.61779395567791,11992.392500043681,1000.0
500.0,11.61080395567791,18962.032940267516,2500.0
500.0,11.652743955677911,14990.678221431885,250.0
500.0,11.631773955677911,21200.25628169605,500.0
500.0,11.61779395567791,29981.856721781944,1000.0
500.0,11.61080395567791,47405.636067666484,2500.0
500.0,11.631773955677911,42400.866321386144,500.0
500.0,11.631773955677911,42400.866321386144,500.0
500.0,11.61779395567791,59963.96359084915,1000.0
500.0,11.61080395567791,94811.43034335734,2500.0
500.0,11.61779395567791,119928.05225631924,1000.0
500.0,11.61779395567791,119928.05225631924,1000.0
500.0,11.61779395567791,119928.05225631924,1000.0
500.0,11.61080395567791,189622.93979097434,2500.0
500.0,11.692079353888936,142.80718009271226,250.0
500.0,11.629169353888937,216.83166262918098,500.0
500.0,11.601209353888937,319.0683128727452,1000.0
500.0,11.580239353888937,517.4870740351275,2500.0
500.0,11.692079353888936,319.0683128727452,250.0
500.0,11.629169353888937,460.85474889545753,500.0
500.0,11.601209353888937,658.8871478793795,1000.0
500.0,11.580239353888937,1048.746499290479,2500.0
500.0,11.692079353888936,826.8945346979189,250.0
500.0,11.629169353888937,1173.582747861788,500.0
500.0,11.601209353888937,1662.6742630522524,1000.0
500.0,11.580239353888937,2631.7558539335014,2500.0
500.0,11.629169353888937,2353.4905081025445,500.0
500.0,11.629169353888937,2353.4905081025445,500.0
500.0,11.601209353888937,3329.8360571952003,1000.0
500.0,11.580239353888937,5266.355619952388,2500.0
500.0,11.601209353888937,6661.921563081238,1000.0
500.0,11.601209353888937,6661.921563081238,1000.0
500.0,11.601209353888937,6661.921563081238,1000.0
500.0,11.580239353888937,10534.134637080371,2500.0
500.0,11.693951384997565,319.0683128727452,250.0
500.0,11.631041384997564,460.85474889545753,500.0
500.0,11.603081384997564,658.8871478793795,1000.0
500.0,11.582111384997564,1048.746499290479,2500.0
500.0,11.693951384997565,658.8871478793795,250.0
500.0,11.631041384997564,936.9820241720579,500.0
500.0,11.603081384997564,1328.7979035583983,1000.0
500.0,11.582111384997564,2104.5527178956772,2500.0
500.0,11.693951384997565,1662.6742630522524,250.0
500.0,11.631041384997564,2353.4905081025445,500.0
500.0,11.603081384997564,3329.8360571952003,1000.0
500.0,11.582111384997564,5266.355619952388,2500.0
500.0,11.631041384997564,4710.159533773401,500.0
500.0,11.631041384997564,4710.159533773401,500.0
500.0,11.603081384997564,6661.921563081238,1000.0
500.0,11.582111384997564,10534.134637080371,2500.0
500.0,11.603081384997564,13324.968563000959,1000.0
500.0,11.603081384997564,13324.968563000959,1000.0
500.0,11.603081384997564,13324.968563000959,1000.0
500.0,11.582111384997564,21068.981153103177,2500.0
500.0,11.699798514257205,826.8945346979189,250.0
500.0,11.636888514257205,1173.582747861788,500.0
500.0,11.608928514257205,1662.6742630522524,1000.0
500.0,11.587958514257206,2631.7558539335014,2500.0
500.0,11.699798514257205,1662.6742630522524,250.0
500.0,11.636888514257205,2353.4905081025445,500.0
500.0,11.608928514257205,3329.8360571952003,1000.0
500.0,11.587958514257206,5266.355619952388,2500.0
500.0,11.699798514257205,4162.969728340059,250.0
500.0,11.636888514257205,5888.176735934821,500.0
500.0,11.608928514257205,8327.73956265929,1000.0
500.0,11.587958514257206,13167.88185440471,2500.0
500.0,11.636888514257205,11777.62668302635,500.0
500.0,11.636888514257205,11777.62668302635,500.0
500.0,11.608928514257205,16656.379543233998,1000.0
500.0,11.587958514257206,26336.333229282,2500.0
500.0,11.608928514257205,33313.20934106301,1000.0
500.0,11.608928514257205,33313.20934106301,1000.0
500.0,11.608928514257205,33313.20934106301,1000.0
500.0,11.587958514257206,52672.95123034681,2500.0
500.0,11.710362022900911,1662.6742630522524,250.0
500.0,11.64745202290091,2353.4905081025445,500.0
500.0,11.61949202290091,3329.8360571952003,1000.0
500.0,11.59852202290091,5266.355619952388,2500.0
500.0,11.710362022900911,3329.8360571952003,250.0
500.0,11.64745202290091,4710.159533773401,500.0
500.0,11.61949202290091,6661.921563081238,1000.0
500.0,11.59852202290091,10534.134637080371,2500.0
500.0,11.710362022900911,8327.73956265929,250.0
500.0,11.64745202290091,11777.62668302635,500.0
500.0,11.61949202290091,16656.379543233998,1000.0
500.0,11.59852202290091,26336.333229282,2500.0
500.0,11.64745202290091,23555.890100692497,500.0
500.0,11.64745202290091,23555.890100692497,500.0
500.0,11.61949202290091,33313.20934106301,1000.0
500.0,11.59852202290091,52672.95123034681,2500.0
500.0,11.61949202290091,66626.64381512886,1000.0
500.0,11.61949202290091,66626.64381512886,1000.0
500.0,11.61949202290091,66626.64381512886,1000.0
500.0,11.59852202290091,105346.04484802841,2500.0
500.0,11.72963395567791,2996.5360728380424,250.0
500.0,11.66672395567791,4238.919698061259,500.0
500.0,11.638763955677911,5995.571038300291,1000.0
500.0,11.61779395567791,9480.620989668449,2500.0
500.0,11.72963395567791,5995.571038300291,250.0
500.0,11.66672395567791,8479.607301066422,500.0
500.0,11.638763955677911,11992.392500043681,1000.0
500.0,11.61779395567791,18962.032940267516,2500.0
500.0,11.72963395567791,14990.678221431885,250.0
500.0,11.66672395567791,21200.25628169605,500.0
500.0,11.638763955677911,29981.856721781944,1000.0
500.0,11.61779395567791,47405.636067666484,2500.0
500.0,11.66672395567791,42400.866321386144,500.0
500.0,11.66672395567791,42400.866321386144,500.0
500.0,11.638763955677911,59963.96359084915,1000.0
500.0,11.61779395567791,94811.43034335734,2500.0
500.0,11.638763955677911,119928.05225631924,1000.0
500.0,11.638763955677911,119928.05225631924,1000.0
500.0,11.638763955677911,119928.05225631924,1000.0
500.0,11.61779395567791,189622.93979097434,2500.0
500.0,11.810909353888936,142.80718009271226,250.0
500.0,11.692079353888936,216.83166262918098,500.0
500.0,11.629169353888937,319.0683128727452,1000.0
500.0,11.594219353888937,517.4870740351275,2500.0
500.0,11.810909353888936,319.0683128727452,250.0
500.0,11.692079353888936,460.85474889545753,500.0
500.0,11.629169353888937,658.8871478793795,1000.0
500.0,11.594219353888937,1048.746499290479,2500.0
500.0,11.810909353888936,826.8945346979189,250.0
500.0,11.692079353888936,1173.582747861788,500.0
500.0,11.629169353888937,1662.6742630522524,1000.0
500.0,11.594219353888937,2631.7558539335014,2500.0
500.0,11.692079353888936,2353.4905081025445,500.0
500.0,11.692079353888936,2353.4905081025445,500.0
500.0,11.629169353888937,3329.8360571952003,1000.0
500.0,11.594219353888937,5266.355619952388,2500.0
500.0,11.629169353888937,6661.921563081238,1000.0
500.0,11.629169353888937,6661.921563081238,1000.0
500.0,11.629169353888937,6661.921563081238,1000.0
500.0,11.594219353888937,10534.134637080371,2500.0
500.0,11.812781384997564,319.0683128727452,250.0
500.0,11.693951384997565,460.85474889545753,500.0
500.0,11.631041384997564,658.8871478793795,1000.0
500.0,11.596091384997564,1048.746499290479,2500.0
500.0,11.812781384997564,658.8871478793795,250.0
500.0,11.693951384997565,936.9820241720579,500.0
500.0,11.631041384997564,1328.7979035583983,1000.0
500.0,11.596091384997564,2104.5527178956772,2500.0
500.0,11.812781384997564,1662.6742630522524,250.0
500.0,11.693951384997565,2353.4905081025445,500.0
500.0,11.631041384997564,3329.8360571952003,1000.0
500.0,11.596091384997564,5266.355619952388,2500.0
500.0,11.693951384997565,4710.159533773401,500.0
500.0,11.693951384997565,4710.159533773401,500.0
500.0,11.631041384997564,6661.921563081238,1000.0
500.0,11.596091384997564,10534.134637080371,2500.0
500.0,11.631041384997564,13324.968563000959,1000.0
500.0,11.631041384997564,13324.968563000959,1000.0
500.0,11.631041384997564,13324.968563000959,1000.0
500.0,11.596091384997564,21068.981153103177,2500.0
500.0,11.818628514257206,826.8945346979189,250.0
500.0,11.699798514257205,1173.582747861788,500.0
500.0,11.636888514257205,1662.6742630522524,1000.0
500.0,11.601938514257206,2631.7558539335014,2500.0
500.0,11.818628514257206,1662.6742630522524,250.0
500.0,11.699798514257205,2353.4905081025445,500.0
500.0,11.636888514257205,3329.8360571952003,1000.0
500.0,11.601938514257206,5266.355619952388,2500.0
500.0,11.818628514257206,4162.969728340059,250.0
500.0,11.699798514257205,5888.176735934821,500.0
500.0,11.636888514257205,8327.73956265929,1000.0
500.0,11.601938514257206,13167.88185440471,2500.0
500.0,11.699798514257205,11777.62668302635,500.0
500.0,11.699798514257205,11777.62668302635,500.0
500.0,11.636888514257205,16656.379543233998,1000.0
500.0,11.601938514257206,26336.333229282,2500.0
500.0,11.636888514257205,33313.20934106301,1000.0
500.0,11.636888514257205,33313.20934106301,1000.0
500.0,11.636888514257205,33313.20934106301,1000.0
500.0,11.601938514257206,52672.95123034681,2500.0
500.0,11.82919202290091,1662.6742630522524,250.0
500.0,11.710362022900911,2353.4905081025445,500.0
500.0,11.64745202290091,3329.8360571952003,1000.0
500.0,11.61250202290091,5266.355619952388,2500.0
500.0,11.82919202290091,3329.8360571952003,250.0
500.0,11.710362022900911,4710.159533773401,500.0
500.0,11.64745202290091,6661.921563081238,1000.0
500.0,11.61250202290091,10534.134637080371,2500.0
500.0,11.82919202290091,8327.73956265929,250.0
500.0,11.710362022900911,11777.62668302635,500.0
500.0,11.64745202290091,16656.379543233998,1000.0
500.0,11.61250202290091,26336.333229282,2500.0
500.0,11.710362022900911,23555.890100692497,500.0
500.0,11.710362022900911,23555.890100692497,500.0
500.0,11.64745202290091,33313.20934106301,1000.0
500.0,11.61250202290091,52672.95123034681,2500.0
500.0,11.64745202290091,66626.64381512886,1000.0
500.0,11.64745202290091,66626.64381512886,1000.0
500.0,11.64745202290091,66626.64381512886,1000.0
500.0,11.61250202290091,105346.04484802841,2500.0
500.0,11.84846395567791,2996.5360728380424,250.0
500.0,11.72963395567791,4238.919698061259,500.0
500.0,11.66672395567791,5995.571038300291,1000.0
500.0,11.631773955677911,9480.620989668449,2500.0
500.0,11.84846395567791,5995.571038300291,250.0
500.0,11.72963395567791,8479.607301066422,500.0
500.0,11.66672395567791,11992.392500043681,1000.0
500.0,11.631773955677911,18962.032940267516,2500.0
500.0,11.84846395567791,14990.678221431885,250.0
500.0,11.72963395567791,21200.25628169605,500.0
500.0,11.66672395567791,29981.856721781944,1000.0
500.0,11.631773955677911,47405.636067666484,2500.0
500.0,11.72963395567791,42400.866321386144,500.0
500.0,11.72963395567791,42400.866321386144,500.0
500.0,11.66672395567791,59963.96359084915,1000.0
500.0,11.631773955677911,94811.43034335734,2500.0
500.0,11.66672395567791,119928.05225631924,1000.0
500.0,11.66672395567791,119928.05225631924,1000.0
500.0,11.66672395567791,119928.05225631924,1000.0
500.0,11.631773955677911,189622.93979097434,2500.0
500.0,12.055559353888937,142.80718009271226,250.0
500.0,11.810909353888936,216.83166262918098,500.0
500.0,11.692079353888936,319.0683128727452,1000.0
500.0,11.615189353888937,517.4870740351275,2500.0
500.0,12.055559353888937,319.0683128727452,250.0
500.0,11.810909353888936,460.85474889545753,500.0
500.0,11.692079353888936,658.8871478793795,1000.0
500.0,11.615189353888937,1048.746499290479,2500.0
500.0,12.055559353888937,826.8945346979189,250.0
500.0,11.810909353888936,1173.582747861788,500.0
500.0,11.692079353888936,1662.6742630522524,1000.0
500.0,11.615189353888937,2631.7558539335014,2500.0
500.0,11.810909353888936,2353.4905081025445,500.0
500.0,11.810909353888936,2353.4905081025445,500.0
500.0,11.692079353888936,3329.8360571952003,1000.0
500.0,11.615189353888937,5266.355619952388,2500.0
500.0,11.692079353888936,6661.921563081238,1000.0
500.0,11.692079353888936,6661.921563081238,1000.0
500.0,11.692079353888936,6661.921563081238,1000.0
500.0,11.615189353888937,10534.134637080371,2500.0
500.0,12.057431384997564,319.0683128727452,250.0
500.0,11.812781384997564,460.85474889545753,500.0
500.0,11.693951384997565,658.8871478793795,1000.0
500.0,11.617061384997564,1048.746499290479,2500.0
500.0,12.057431384997564,658.8871478793795,250.0
500.0,11.812781384997564,936.9820241720579,500.0
500.0,11.693951384997565,1328.7979035583983,1000.0
500.0,11.617061384997564,2104.5527178956772,2500.0
500.0,12.057431384997564,1662.6742630522524,250.0
500.0,11.812781384997564,2353.4905081025445,500.0
500.0,11.693951384997565,3329.8360571952003,1000.0
500.0,11.617061384997564,5266.355619952388,2500.0
500.0,11.812781384997564,4710.159533773401,500.0
500.0,11.812781384997564,4710.159533773401,500.0
500.0,11.693951384997565,6661.921563081238,1000.0
500.0,11.617061384997564,10534.134637080371,2500.0
500.0,11.693951384997565,13324.968563000959,1000.0
500.0,11.693951384997565,13324.968563000959,1000.0
500.0,11.693951384997565,13324.968563000959,1000.0
500.0,11.617061384997564,21068.981153103177,2500.0
500.0,12.063278514257206,826.8945346979189,250.0
500.0,11.818628514257206,1173.582747861788,500.0
500.0,11.699798514257205,1662.6742630522524,1000.0
500.0,11.622908514257205,2631.7558539335014,2500.0
500.0,12.063278514257206,1662.6742630522524,250.0
500.0,11.818628514257206,2353.4905081025445,500.0
500.0,11.699798514257205,3329.8360571952003,1000.0
500.0,11.622908514257205,5266.355619952388,2500.0
500.0,12.063278514257206,4162.969728340059,250.0
500.0,11.818628514257206,5888.176735934821,500.0
500.0,11.699798514257205,8327.73956265929,1000.0
500.0,11.622908514257205,13167.88185440471,2500.0
500.0,11.818628514257206,11777.62668302635,500.0
500.0,11.818628514257206,11777.62668302635,500.0
500.0,11.699798514257205,16656.379543233998,1000.0
500.0,11.622908514257205,26336.333229282,2500.0
500.0,11.699798514257205,33313.20934106301,1000.0
500.0,11.699798514257205,33313.20934106301,1000.0
500.0,11.699798514257205,33313.20934106301,1000.0
500.0,11.622908514257205,52672.95123034681,2500.0
500.0,12.07384202290091,1662.6742630522524,250.0
500.0,11.82919202290091,2353.4905081025445,500.0
500.0,11.710362022900911,3329.8360571952003,1000.0
500.0,11.63347202290091,5266.355619952388,2500.0
500.0,12.07384202290091,3329.8360571952003,250.0
500.0,11.82919202290091,4710.159533773401,500.0
500.0,11.710362022900911,6661.921563081238,1000.0
500.0,11.63347202290091,10534.134637080371,2500.0
500.0,12.07384202290091,8327.73956265929,250.0
500.0,11.82919202290091,11777.62668302635,500.0
500.0,11.710362022900911,16656.379543233998,1000.0
500.0,11.63347202290091,26336.333229282,2500.0
500.0,11.82919202290091,23555.890100692497,500.0
500.0,11.82919202290091,23555.890100692497,500.0
500.0,11.710362022900911,33313.20934106301,1000.0
500.0,11.63347202290091,52672.95123034681,2500.0
500.0,11.710362022900911,66626.64381512886,1000.0
500.0,11.710362022900911,66626.64381512886,1000.0
500.0,11.710362022900911,66626.64381512886,1000.0
500.0,11.63347202290091,105346.04484802841,2500.0
500.0,12.09311395567791,2996.5360728380424,250.0
500.0,11.84846395567791,4238.919698061259,500.0
500.0,11.72963395567791,5995.571038300291,1000.0
500.0,11.652743955677911,9480.620989668449,2500.0
500.0,12.09311395567791,5995.571038300291,250.0
500.0,11.84846395567791,8479.607301066422,500.0
500.0,11.72963395567791,11992.392500043681,1000.0
500.0,11.652743955677911,18962.032940267516,2500.0
500.0,12.09311395567791,14990.678221431885,250.0
500.0,11.84846395567791,21200.25628169605,500.0
500.0,11.72963395567791,29981.856721781944,1000.0
500.0,11.652743955677911,47405.636067666484,2500.0
500.0,11.84846395567791,42400.866321386144,500.0
500.0,11.84846395567791,42400.866321386144,500.0
500.0,11.72963395567791,59963.96359084915,1000.0
500.0,11.652743955677911,94811.43034335734,2500.0
500.0,11.72963395567791,119928.05225631924,1000.0
500.0,11.72963395567791,119928.05225631924,1000.0
500.0,11.72963395567791,119928.05225631924,1000.0
500.0,11.652743955677911,189622.93979097434,2500.0
500.0,12.789509353888937,142.80718009271226,250.0
500.0,12.181379353888936,216.83166262918098,500.0
500.0,11.873819353888937,319.0683128727452,1000.0
500.0,11.692079353888936,517.4870740351275,2500.0
500.0,12.789509353888937,319.0683128727452,250.0
500.0,12.181379353888936,460.85474889545753,500.0
500.0,11.873819353888937,658.8871478793795,1000.0
500.0,11.692079353888936,1048.746499290479,2500.0
500.0,12.789509353888937,826.8945346979189,250.0
500.0,12.181379353888936,1173.582747861788,500.0
500.0,11.873819353888937,1662.6742630522524,1000.0
500.0,11.692079353888936,2631.7558539335014,2500.0
500.0,12.181379353888936,2353.4905081025445,500.0
500.0,12.181379353888936,2353.4905081025445,500.0
500.0,11.873819353888937,3329.8360571952003,1000.0
500.0,11.692079353888936,5266.355619952388,2500.0
500.0,11.873819353888937,6661.921563081238,1000.0
500.0,11.873819353888937,6661.921563081238,1000.0
500.0,11.873819353888937,6661.921563081238,1000.0
500.0,11.692079353888936,10534.134637080371,2500.0
500.0,12.791381384997564,319.0683128727452,250.0
500.0,12.183251384997565,460.85474889545753,500.0
500.0,11.875691384997564,658.8871478793795,1000.0
500.0,11.693951384997565,1048.746499290479,2500.0
500.0,12.791381384997564,658.8871478793795,250.0
500.0,12.183251384997565,936.9820241720579,500.0
500.0,11.875691384997564,1328.7979035583983,1000.0
500.0,11.693951384997565,2104.5527178956772,2500.0
500.0,12.791381384997564,1662.6742630522524,250.0
500.0,12.183251384997565,2353.4905081025445,500.0
500.0,11.875691384997564,3329.8360571952003,1000.0
500.0,11.693951384997565,5266.355619952388,2500.0
500.0,12.183251384997565,4710.159533773401,500.0
500.0,12.183251384997565,4710.159533773401,500.0
500.0,11.875691384997564,6661.921563081238,1000.0
500.0,11.693951384997565,10534.134637080371,2500.0
500.0,11.875691384997564,13324.968563000959,1000.0
500.0,11.875691384997564,13324.968563000959,1000.0
500.0,11.875691384997564,13324.968563000959,1000.0
500.0,11.693951384997565,21068.981153103177,2500.0
500.0,12.797228514257206,826.8945346979189,250.0
500.0,12.189098514257205,1173.582747861788,500.0
500.0,11.881538514257205,1662.6742630522524,1000.0
500.0,11.699798514257205,2631.7558539335014,2500.0
500.0,12.797228514257206,1662.6742630522524,250.0
500.0,12.189098514257205,2353.4905081025445,500.0
500.0,11.881538514257205,3329.8360571952003,1000.0
500.0,11.699798514257205,5266.355619952388,2500.0
500.0,12.797228514257206,4162.969728340059,250.0
500.0,12.189098514257205,5888.176735934821,500.0
500.0,11.881538514257205,8327.73956265929,1000.0
500.0,11.699798514257205,13167.88185440471,2500.0
500.0,12.189098514257205,11777.62668302635,500.0
500.0,12.189098514257205,11777.62668302635,500.0
500.0,11.881538514257205,16656.379543233998,1000.0
500.0,11.699798514257205,26336.333229282,2500.0
500.0,11.881538514257205,33313.20934106301,1000.0
500.0,11.881538514257205,33313.20934106301,1000.0
500.0,11.881538514257205,33313.20934106301,1000.0
500.0,11.699798514257205,52672.95123034681,2500.0
500.0,12.80779202290091,1662.6742630522524,250.0
500.0,12.19966202290091,2353.4905081025445,500.0
500.0,11.892102022900911,3329.8360571952003,1000.0
500.0,11.710362022900911,5266.355619952388,2500.0
500.0,12.80779202290091,3329.8360571952003,250.0
500.0,12.19966202290091,4710.159533773401,500.0
500.0,11.892102022900911,6661.921563081238,1000.0
500.0,11.710362022900911,10534.134637080371,2500.0
500.0,12.80779202290091,8327.73956265929,250.0
500.0,12.19966202290091,11777.62668302635,500.0
500.0,11.892102022900911,16656.379543233998,1000.0
500.0,11.710362022900911,26336.333229282,2500.0
500.0,12.19966202290091,23555.890100692497,500.0
500.0,12.19966202290091,23555.890100692497,500.0
500.0,11.892102022900911,33313.20934106301,1000.0
500.0,11.710362022900911,52672.95123034681,2500.0
500.0,11.892102022900911,66626.64381512886,1000.0
500.0,11.892102022900911,66626.64381512886,1000.0
500.0,11.892102022900911,66626.64381512886,1000.0
500.0,11.710362022900911,105346.04484802841,2500.0
500.0,12.827063955677911,2996.5360728380424,250.0
500.0,12.21893395567791,4238.919698061259,500.0
500.0,11.91137395567791,5995.571038300291,1000.0
500.0,11.72963395567791,9480.620989668449,2500.0
500.0,12.827063955677911,5995.571038300291,250.0
500.0,12.21893395567791,8479.607301066422,500.0
500.0,11.91137395567791,11992.392500043681,1000.0
500.0,11.72963395567791,18962.032940267516,2500.0
500.0,12.827063955677911,14990.678221431885,250.0
500.0,12.21893395567791,21200.25628169605,500.0
500.0,11.91137395567791,29981.856721781944,1000.0
500.0,11.72963395567791,47405.636067666484,2500.0
500.0,12.21893395567791,42400.866321386144,500.0
500.0,12.21893395567791,42400.866321386144,500.0
500.0,11.91137395567791,59963.96359084915,1000.0
500.0,11.72963395567791,94811.43034335734,2500.0
500.0,11.91137395567791,119928.05225631924,1000.0
500.0,11.91137395567791,119928.05225631924,1000.0
500.0,11.91137395567791,119928.05225631924,1000.0
500.0,11.72963395567791,189622.93979097434,2500.0
500.0,11.619305213336073,29.88369708372231,152.5
500.0,11.598335213336073,53.29787083856834,250.0
500.0,11.584355213336073,89.7842598310105,500.0
500.0,11.577365213336073,164.06928135247696,1250.0
500.0,11.619305213336073,89.7842598310105,152.5
500.0,11.598335213336073,142.80718009271226,250.0
500.0,11.584355213336073,216.83166262918098,500.0
500.0,11.577365213336073,359.71500222628714,1250.0
500.0,11.619305213336073,278.8111645921395,152.5
500.0,11.598335213336073,404.90537039353825,250.0
500.0,11.584355213336073,580.5914984558938,500.0
500.0,11.577365213336073,925.8129308002952,1250.0
500.0,11.598335213336073,826.8945346979189,250.0
500.0,11.598335213336073,826.8945346979189,250.0
500.0,11.584355213336073,1173.582747861788,500.0
500.0,11.577365213336073,1859.5943081059274,1250.0
500.0,11.584355213336073,2353.4905081025445,500.0
500.0,11.584355213336073,2353.4905081025445,500.0
500.0,11.584355213336073,2353.4905081025445,500.0
500.0,11.577365213336073,3723.205092368139,1250.0
500.0,11.62126076824838,89.7842598310105,125.0
500.0,11.60029076824838,142.80718009271226,250.0
500.0,11.58631076824838,216.83166262918098,500.0
500.0,11.57932076824838,359.71500222628714,1250.0
500.0,11.62126076824838,216.83166262918098,125.0
500.0,11.60029076824838,319.0683128727452,250.0
500.0,11.58631076824838,460.85474889545753,500.0
500.0,11.57932076824838,738.2865188288206,1250.0
500.0,11.62126076824838,580.5914984558938,125.0
500.0,11.60029076824838,826.8945346979189,250.0
500.0,11.58631076824838,1173.582747861788,500.0
500.0,11.57932076824838,1859.5943081059274,1250.0
500.0,11.60029076824838,1662.6742630522524,250.0
500.0,11.60029076824838,1662.6742630522524,250.0
500.0,11.58631076824838,2353.4905081025445,500.0
500.0,11.57932076824838,3723.205092368139,1250.0
500.0,11.58631076824838,4710.159533773401,500.0
500.0,11.58631076824838,4710.159533773401,500.0
500.0,11.58631076824838,4710.159533773401,500.0
500.0,11.57932076824838,7448.422492541856,1250.0
500.0,11.627368776974244,278.8111645921395,125.0
500.0,11.606398776974244,404.90537039353825,250.0
500.0,11.592418776974243,580.5914984558938,500.0
500.0,11.585428776974243,925.8129308002952,1250.0
500.0,11.627368776974244,580.5914984558938,125.0
500.0,11.606398776974244,826.8945346979189,250.0
500.0,11.592418776974243,1173.582747861788,500.0
500.0,11.585428776974243,1859.5943081059274,1250.0
500.0,11.627368776974244,1468.8719559038939,125.0
500.0,11.606398776974244,2079.6876720844934,250.0
500.0,11.592418776974243,2942.8161883264083,500.0
500.0,11.585428776974243,4654.609930570205,1250.0
500.0,11.606398776974244,4162.969728340059,250.0
500.0,11.606398776974244,4162.969728340059,250.0
500.0,11.592418776974243,5888.176735934821,500.0
500.0,11.585428776974243,9310.830098906348,1250.0
500.0,11.592418776974243,11777.62668302635,500.0
500.0,11.592418776974243,11777.62668302635,500.0
500.0,11.592418776974243,11777.62668302635,500.0
500.0,11.585428776974243,18622.465577848263,1250.0
500.0,11.638403594250619,580.5914984558938,125.0
500.0,11.617433594250619,826.8945346979189,250.0
500.0,11.603453594250619,1173.582747861788,500.0
500.0,11.596463594250618,1859.5943081059274,1250.0
500.0,11.638403594250619,1173.582747861788,125.0
500.0,11.617433594250619,1662.6742630522524,250.0
500.0,11.603453594250619,2353.4905081025445,500.0
500.0,11.596463594250618,3723.205092368139,1250.0
500.0,11.638403594250619,2942.8161883264083,125.0
500.0,11.617433594250619,4162.969728340059,250.0
500.0,11.603453594250619,5888.176735934821,500.0
500.0,11.596463594250618,9310.830098906348,1250.0
500.0,11.617433594250619,8327.73956265929,250.0
500.0,11.617433594250619,8327.73956265929,250.0
500.0,11.603453594250619,11777.62668302635,500.0
500.0,11.596463594250618,18622.465577848263,1250.0
500.0,11.603453594250619,23555.890100692497,500.0
500.0,11.603453594250619,23555.890100692497,500.0
500.0,11.603453594250619,23555.890100692497,500.0
500.0,11.596463594250618,37245.333878370744,1250.0
500.0,11.658535376590146,1055.3389862723257,125.0
500.0,11.637565376590146,1495.7769324213382,250.0
500.0,11.623585376590146,2117.6947044741296,500.0
500.0,11.616595376590146,3350.6015200730426,1250.0
500.0,11.658535376590146,2117.6947044741296,125.0
500.0,11.637565376590146,2996.5360728380424,250.0
500.0,11.623585376590146,4238.919698061259,500.0
500.0,11.616595376590146,6703.438583525905,1250.0
500.0,11.658535376590146,5299.179907801585,125.0
500.0,11.637565376590146,7494.838894398072,250.0
500.0,11.623585376590146,10599.774404988682,500.0
500.0,11.616595376590146,16760.162341782747,1250.0
500.0,11.637565376590146,14990.678221431885,250.0
500.0,11.637565376590146,14990.678221431885,250.0
500.0,11.623585376590146,21200.25628169605,500.0
500.0,11.616595376590146,33520.77215036621,1250.0
500.0,11.623585376590146,42400.866321386144,500.0
500.0,11.623585376590146,42400.866321386144,500.0
500.0,11.623585376590146,42400.866321386144,500.0
500.0,11.616595376590146,67041.76803973281,1250.0
500.0,11.668235213336072,29.88369708372231,152.5
500.0,11.619305213336073,53.29787083856834,250.0
500.0,11.598335213336073,89.7842598310105,500.0
500.0,11.584355213336073,164.06928135247696,1250.0
500.0,11.668235213336072,89.7842598310105,152.5
500.0,11.619305213336073,142.80718009271226,250.0
500.0,11.598335213336073,216.83166262918098,500.0
500.0,11.584355213336073,359.71500222628714,1250.0
500.0,11.668235213336072,278.8111645921395,152.5
500.0,11.619305213336073,404.90537039353825,250.0
500.0,11.598335213336073,580.5914984558938,500.0
500.0,11.584355213336073,925.8129308002952,1250.0
500.0,11.619305213336073,826.8945346979189,250.0
500.0,11.619305213336073,826.8945346979189,250.0
500.0,11.598335213336073,1173.582747861788,500.0
500.0,11.584355213336073,1859.5943081059274,1250.0
500.0,11.598335213336073,2353.4905081025445,500.0
500.0,11.598335213336073,2353.4905081025445,500.0
500.0,11.598335213336073,2353.4905081025445,500.0
500.0,11.584355213336073,3723.205092368139,1250.0
500.0,11.67019076824838,89.7842598310105,125.0
500.0,11.62126076824838,142.80718009271226,250.0
500.0,11.60029076824838,216.83166262918098,500.0
500.0,11.58631076824838,359.71500222628714,1250.0
500.0,11.67019076824838,216.83166262918098,125.0
500.0,11.62126076824838,319.0683128727452,250.0
500.0,11.60029076824838,460.85474889545753,500.0
500.0,11.58631076824838,738.2865188288206,1250.0
500.0,11.67019076824838,580.5914984558938,125.0
500.0,11.62126076824838,826.8945346979189,250.0
500.0,11.60029076824838,1173.582747861788,500.0
500.0,11.58631076824838,1859.5943081059274,1250.0
500.0,11.62126076824838,1662.6742630522524,250.0
500.0,11.62126076824838,1662.6742630522524,250.0
500.0,11.60029076824838,2353.4905081025445,500.0
500.0,11.58631076824838,3723.205092368139,1250.0
500.0,11.60029076824838,4710.159533773401,500.0
500.0,11.60029076824838,4710.159533773401,500.0
500.0,11.60029076824838,4710.159533773401,500.0
500.0,11.58631076824838,7448.422492541856,1250.0
500.0,11.676298776974244,278.8111645921395,125.0
500.0,11.627368776974244,404.90537039353825,250.0
500.0,11.606398776974244,580.5914984558938,500.0
500.0,11.592418776974243,925.8129308002952,1250.0
500.0,11.676298776974244,580.5914984558938,125.0
500.0,11.627368776974244,826.8945346979189,250.0
500.0,11.606398776974244,1173.582747861788,500.0
500.0,11.592418776974243,1859.5943081059274,1250.0
500.0,11.676298776974244,1468.8719559038939,125.0
500.0,11.627368776974244,2079.6876720844934,250.0
500.0,11.606398776974244,2942.8161883264083,500.0
500.0,11.592418776974243,4654.609930570205,1250.0
500.0,11.627368776974244,4162.969728340059,250.0
500.0,11.627368776974244,4162.969728340059,250.0
500.0,11.606398776974244,5888.176735934821,500.0
500.0,11.592418776974243,9310.830098906348,1250.0
500.0,11.606398776974244,11777.62668302635,500.0
500.0,11.606398776974244,11777.62668302635,500.0
500.0,11.606398776974244,11777.62668302635,500.0
500.0,11.592418776974243,18622.465577848263,1250.0
500.0,11.68733359425062,580.5914984558938,125.0
500.0,11.638403594250619,826.8945346979189,250.0
500.0,11.617433594250619,1173.582747861788,500.0
500.0,11.603453594250619,1859.5943081059274,1250.0
500.0,11.68733359425062,1173.582747861788,125.0
500.0,11.638403594250619,1662.6742630522524,250.0
500.0,11.617433594250619,2353.4905081025445,500.0
500.0,11.603453594250619,3723.205092368139,1250.0
500.0,11.68733359425062,2942.8161883264083,125.0
500.0,11.638403594250619,4162.969728340059,250.0
500.0,11.617433594250619,5888.176735934821,500.0
500.0,11.603453594250619,9310.830098906348,1250.0
500.0,11.638403594250619,8327.73956265929,250.0
500.0,11.638403594250619,8327.73956265929,250.0
500.0,11.617433594250619,11777.62668302635,500.0
500.0,11.603453594250619,18622.465577848263,1250.0
500.0,11.617433594250619,23555.890100692497,500.0
500.0,11.617433594250619,23555.890100692497,500.0
500.0,11.617433594250619,23555.890100692497,500.0
500.0,11.603453594250619,37245.333878370744,1250.0
500.0,11.707465376590147,1055.3389862723257,125.0
500.0,11.658535376590146,1495.7769324213382,250.0
500.0,11.637565376590146,2117.6947044741296,500.0
500.0,11.623585376590146,3350.6015200730426,1250.0
500.0,11.707465376590147,2117.6947044741296,125.0
500.0,11.658535376590146,2996.5360728380424,250.0
500.0,11.637565376590146,4238.919698061259,500.0
500.0,11.623585376590146,6703.438583525905,1250.0
500.0,11.707465376590147,5299.179907801585,125.0
500.0,11.658535376590146,7494.838894398072,250.0
500.0,11.637565376590146,10599.774404988682,500.0
500.0,11.623585376590146,16760.162341782747,1250.0
500.0,11.658535376590146,14990.678221431885,250.0
500.0,11.658535376590146,14990.678221431885,250.0
500.0,11.637565376590146,21200.25628169605,500.0
500.0,11.623585376590146,33520.77215036621,1250.0
500.0,11.637565376590146,42400.866321386144,500.0
500.0,11.637565376590146,42400.866321386144,500.0
500.0,11.637565376590146,42400.866321386144,500.0
500.0,11.623585376590146,67041.76803973281,1250.0
500.0,11.815025213336073,29.88369708372231,152.5
500.0,11.696195213336072,53.29787083856834,250.0
500.0,11.633285213336073,89.7842598310105,500.0
500.0,11.598335213336073,164.06928135247696,1250.0
500.0,11.815025213336073,89.7842598310105,152.5
500.0,11.696195213336072,142.80718009271226,250.0
500.0,11.633285213336073,216.83166262918098,500.0
500.0,11.598335213336073,359.71500222628714,1250.0
500.0,11.815025213336073,278.8111645921395,152.5
500.0,11.696195213336072,404.90537039353825,250.0
500.0,11.633285213336073,580.5914984558938,500.0
500.0,11.598335213336073,925.8129308002952,1250.0
500.0,11.696195213336072,826.8945346979189,250.0
500.0,11.696195213336072,826.8945346979189,250.0
500.0,11.633285213336073,1173.582747861788,500.0
500.0,11.598335213336073,1859.5943081059274,1250.0
500.0,11.633285213336073,2353.4905081025445,500.0
500.0,11.633285213336073,2353.4905081025445,500.0
500.0,11.633285213336073,2353.4905081025445,500.0
500.0,11.598335213336073,3723.205092368139,1250.0
500.0,11.81698076824838,89.7842598310105,125.0
500.0,11.69815076824838,142.80718009271226,250.0
500.0,11.63524076824838,216.83166262918098,500.0
500.0,11.60029076824838,359.71500222628714,1250.0
500.0,11.81698076824838,216.83166262918098,125.0
500.0,11.69815076824838,319.0683128727452,250.0
500.0,11.63524076824838,460.85474889545753,500.0
500.0,11.60029076824838,738.2865188288206,1250.0
500.0,11.81698076824838,580.5914984558938,125.0
500.0,11.69815076824838,826.8945346979189,250.0
500.0,11.63524076824838,1173.582747861788,500.0
500.0,11.60029076824838,1859.5943081059274,1250.0
500.0,11.69815076824838,1662.6742630522524,250.0
500.0,11.69815076824838,1662.6742630522524,250.0
500.0,11.63524076824838,2353.4905081025445,500.0
500.0,11.60029076824838,3723.205092368139,1250.0
500.0,11.63524076824838,4710.159533773401,500.0
500.0,11.63524076824838,4710.159533773401,500.0
500.0,11.63524076824838,4710.159533773401,500.0
500.0,11.60029076824838,7448.422492541856,1250.0
500.0,11.823088776974243,278.8111645921395,125.0
500.0,11.704258776974243,404.90537039353825,250.0
500.0,11.641348776974244,580.5914984558938,500.0
500.0,11.606398776974244,925.8129308002952,1250.0
500.0,11.823088776974243,580.5914984558938,125.0
500.0,11.704258776974243,826.8945346979189,250.0
500.0,11.641348776974244,1173.582747861788,500.0
500.0,11.606398776974244,1859.5943081059274,1250.0
500.0,11.823088776974243,1468.8719559038939,125.0
500.0,11.704258776974243,2079.6876720844934,250.0
500.0,11.641348776974244,2942.8161883264083,500.0
500.0,11.606398776974244,4654.609930570205,1250.0
500.0,11.704258776974243,4162.969728340059,250.0
500.0,11.704258776974243,4162.969728340059,250.0
500.0,11.641348776974244,5888.176735934821,500.0
500.0,11.606398776974244,9310.830098906348,1250.0
500.0,11.641348776974244,11777.62668302635,500.0
500.0,11.641348776974244,11777.62668302635,500.0
500.0,11.641348776974244,11777.62668302635,500.0
500.0,11.606398776974244,18622.465577848263,1250.0
500.0,11.834123594250618,580.5914984558938,125.0
500.0,11.71529359425062,826.8945346979189,250.0
500.0,11.652383594250619,1173.582747861788,500.0
500.0,11.617433594250619,1859.5943081059274,1250.0
500.0,11.834123594250618,1173.582747861788,125.0
500.0,11.71529359425062,1662.6742630522524,250.0
500.0,11.652383594250619,2353.4905081025445,500.0
500.0,11.617433594250619,3723.205092368139,1250.0
500.0,11.834123594250618,2942.8161883264083,125.0
500.0,11.71529359425062,4162.969728340059,250.0
500.0,11.652383594250619,5888.176735934821,500.0
500.0,11.617433594250619,9310.830098906348,1250.0
500.0,11.71529359425062,8327.73956265929,250.0
500.0,11.71529359425062,8327.73956265929,250.0
500.0,11.652383594250619,11777.62668302635,500.0
500.0,11.617433594250619,18622.465577848263,1250.0
500.0,11.652383594250619,23555.890100692497,500.0
500.0,11.652383594250619,23555.890100692497,500.0
500.0,11.652383594250619,23555.890100692497,500.0
500.0,11.617433594250619,37245.333878370744,1250.0
500.0,11.854255376590146,1055.3389862723257,125.0
500.0,11.735425376590145,1495.7769324213382,250.0
500.0,11.672515376590146,2117.6947044741296,500.0
500.0,11.637565376590146,3350.6015200730426,1250.0
500.0,11.854255376590146,2117.6947044741296,125.0
500.0,11.735425376590145,2996.5360728380424,250.0
500.0,11.672515376590146,4238.919698061259,500.0
500.0,11.637565376590146,6703.438583525905,1250.0
500.0,11.854255376590146,5299.179907801585,125.0
500.0,11.735425376590145,7494.838894398072,250.0
500.0,11.672515376590146,10599.774404988682,500.0
500.0,11.637565376590146,16760.162341782747,1250.0
500.0,11.735425376590145,14990.678221431885,250.0
500.0,11.735425376590145,14990.678221431885,250.0
500.0,11.672515376590146,21200.25628169605,500.0
500.0,11.637565376590146,33520.77215036621,1250.0
500.0,11.672515376590146,42400.866321386144,500.0
500.0,11.672515376590146,42400.866321386144,500.0
500.0,11.672515376590146,42400.866321386144,500.0
500.0,11.637565376590146,67041.76803973281,1250.0
500.0,12.059675213336073,29.88369708372231,152.5
500.0,11.815025213336073,53.29787083856834,250.0
500.0,11.696195213336072,89.7842598310105,500.0
500.0,11.619305213336073,164.06928135247696,1250.0
500.0,12.059675213336073,89.7842598310105,152.5
500.0,11.815025213336073,142.80718009271226,250.0
500.0,11.696195213336072,216.83166262918098,500.0
500.0,11.619305213336073,359.71500222628714,1250.0
500.0,12.059675213336073,278.8111645921395,152.5
500.0,11.815025213336073,404.90537039353825,250.0
500.0,11.696195213336072,580.5914984558938,500.0
500.0,11.619305213336073,925.8129308002952,1250.0
500.0,11.815025213336073,826.8945346979189,250.0
500.0,11.815025213336073,826.8945346979189,250.0
500.0,11.696195213336072,1173.582747861788,500.0
500.0,11.619305213336073,1859.5943081059274,1250.0
500.0,11.696195213336072,2353.4905081025445,500.0
500.0,11.696195213336072,2353.4905081025445,500.0
500.0,11.696195213336072,2353.4905081025445,500.0
500.0,11.619305213336073,3723.205092368139,1250.0
500.0,12.06163076824838,89.7842598310105,125.0
500.0,11.81698076824838,142.80718009271226,250.0
500.0,11.69815076824838,216.83166262918098,500.0
500.0,11.62126076824838,359.71500222628714,1250.0
500.0,12.06163076824838,216.83166262918098,125.0
500.0,11.81698076824838,319.0683128727452,250.0
500.0,11.69815076824838,460.85474889545753,500.0
500.0,11.62126076824838,738.2865188288206,1250.0
500.0,12.06163076824838,580.5914984558938,125.0
500.0,11.81698076824838,826.8945346979189,250.0
500.0,11.69815076824838,1173.582747861788,500.0
500.0,11.62126076824838,1859.5943081059274,1250.0
500.0,11.81698076824838,1662.6742630522524,250.0
500.0,11.81698076824838,1662.6742630522524,250.0
500.0,11.69815076824838,2353.4905081025445,500.0
500.0,11.62126076824838,3723.205092368139,1250.0
500.0,11.69815076824838,4710.159533773401,500.0
500.0,11.69815076824838,4710.159533773401,500.0
500.0,11.69815076824838,4710.159533773401,500.0
500.0,11.62126076824838,7448.422492541856,1250.0
500.0,12.067738776974243,278.8111645921395,125.0
500.0,11.823088776974243,404.90537039353825,250.0
500.0,11.704258776974243,580.5914984558938,500.0
500.0,11.627368776974244,925.8129308002952,1250.0
500.0,12.067738776974243,580.5914984558938,125.0
500.0,11.823088776974243,826.8945346979189,250.0
500.0,11.704258776974243,1173.582747861788,500.0
500.0,11.627368776974244,1859.5943081059274,1250.0
500.0,12.067738776974243,1468.8719559038939,125.0
500.0,11.823088776974243,2079.6876720844934,250.0
500.0,11.704258776974243,2942.8161883264083,500.0
500.0,11.627368776974244,4654.609930570205,1250.0
500.0,11.823088776974243,4162.969728340059,250.0
500.0,11.823088776974243,4162.969728340059,250.0
500.0,11.704258776974243,5888.176735934821,500.0
500.0,11.627368776974244,9310.830098906348,1250.0
500.0,11.704258776974243,11777.62668302635,500.0
500.0,11.704258776974243,11777.62668302635,500.0
500.0,11.704258776974243,11777.62668302635,500.0
500.0,11.627368776974244,18622.465577848263,1250.0
500.0,12.078773594250618,580.5914984558938,125.0
500.0,11.834123594250618,826.8945346979189,250.0
500.0,11.71529359425062,1173.582747861788,500.0
500.0,11.638403594250619,1859.5943081059274,1250.0
500.0,12.078773594250618,1173.582747861788,125.0
500.0,11.834123594250618,1662.6742630522524,250.0
500.0,11.71529359425062,2353.4905081025445,500.0
500.0,11.638403594250619,3723.205092368139,1250.0
500.0,12.078773594250618,2942.8161883264083,125.0
500.0,11.834123594250618,4162.969728340059,250.0
500.0,11.71529359425062,5888.176735934821,500.0
500.0,11.638403594250619,9310.830098906348,1250.0
500.0,11.834123594250618,8327.73956265929,250.0
500.0,11.834123594250618,8327.73956265929,250.0
500.0,11.71529359425062,11777.62668302635,500.0
500.0,11.638403594250619,18622.465577848263,1250.0
500.0,11.71529359425062,23555.890100692497,500.0
500.0,11.71529359425062,23555.890100692497,500.0
500.0,11.71529359425062,23555.890100692497,500.0
500.0,11.638403594250619,37245.333878370744,1250.0
500.0,12.098905376590146,1055.3389862723257,125.0
500.0,11.854255376590146,1495.7769324213382,250.0
500.0,11.735425376590145,2117.6947044741296,500.0
500.0,11.658535376590146,3350.6015200730426,1250.0
500.0,12.098905376590146,2117.6947044741296,125.0
500.0,11.854255376590146,2996.5360728380424,250.0
500.0,11.735425376590145,4238.919698061259,500.0
500.0,11.658535376590146,6703.438583525905,1250.0
500.0,12.098905376590146,5299.179907801585,125.0
500.0,11.854255376590146,7494.838894398072,250.0
500.0,11.735425376590145,10599.774404988682,500.0
500.0,11.658535376590146,16760.162341782747,1250.0
500.0,11.854255376590146,14990.678221431885,250.0
500.0,11.854255376590146,14990.678221431885,250.0
500.0,11.735425376590145,21200.25628169605,500.0
500.0,11.658535376590146,33520.77215036621,1250.0
500.0,11.735425376590145,42400.866321386144,500.0
500.0,11.735425376590145,42400.866321386144,500.0
500.0,11.735425376590145,42400.866321386144,500.0
500.0,11.658535376590146,67041.76803973281,1250.0
500.0,12.548975213336071,29.88369708372231,152.5
500.0,12.059675213336073,53.29787083856834,250.0
500.0,11.815025213336073,89.7842598310105,500.0
500.0,11.668235213336072,164.06928135247696,1250.0
500.0,12.548975213336071,89.7842598310105,152.5
500.0,12.059675213336073,142.80718009271226,250.0
500.0,11.815025213336073,216.83166262918098,500.0
500.0,11.668235213336072,359.71500222628714,1250.0
500.0,12.548975213336071,278.8111645921395,152.5
500.0,12.059675213336073,404.90537039353825,250.0
500.0,11.815025213336073,580.5914984558938,500.0
500.0,11.668235213336072,925.8129308002952,1250.0
500.0,12.059675213336073,826.8945346979189,250.0
500.0,12.059675213336073,826.8945346979189,250.0
500.0,11.815025213336073,1173.582747861788,500.0
500.0,11.668235213336072,1859.5943081059274,1250.0
500.0,11.815025213336073,2353.4905081025445,500.0
500.0,11.815025213336073,2353.4905081025445,500.0
500.0,11.815025213336073,2353.4905081025445,500.0
500.0,11.668235213336072,3723.205092368139,1250.0
500.0,12.55093076824838,89.7842598310105,125.0
500.0,12.06163076824838,142.80718009271226,250.0
500.0,11.81698076824838,216.83166262918098,500.0
500.0,11.67019076824838,359.71500222628714,1250.0
500.0,12.55093076824838,216.83166262918098,125.0
500.0,12.06163076824838,319.0683128727452,250.0
500.0,11.81698076824838,460.85474889545753,500.0
500.0,11.67019076824838,738.2865188288206,1250.0
500.0,12.55093076824838,580.5914984558938,125.0
500.0,12.06163076824838,826.8945346979189,250.0
500.0,11.81698076824838,1173.582747861788,500.0
500.0,11.67019076824838,1859.5943081059274,1250.0
500.0,12.06163076824838,1662.6742630522524,250.0
500.0,12.06163076824838,1662.6742630522524,250.0
500.0,11.81698076824838,2353.4905081025445,500.0
500.0,11.67019076824838,3723.205092368139,1250.0
500.0,11.81698076824838,4710.159533773401,500.0
500.0,11.81698076824838,4710.159533773401,500.0
500.0,11.81698076824838,4710.159533773401,500.0
500.0,11.67019076824838,7448.422492541856,1250.0
500.0,12.557038776974244,278.8111645921395,125.0
500.0,12.067738776974243,404.90537039353825,250.0
500.0,11.823088776974243,580.5914984558938,500.0
500.0,11.676298776974244,925.8129308002952,1250.0
500.0,12.557038776974244,580.5914984558938,125.0
500.0,12.067738776974243,826.8945346979189,250.0
500.0,11.823088776974243,1173.582747861788,500.0
500.0,11.676298776974244,1859.5943081059274,1250.0
500.0,12.557038776974244,1468.8719559038939,125.0
500.0,12.067738776974243,2079.6876720844934,250.0
500.0,11.823088776974243,2942.8161883264083,500.0
500.0,11.676298776974244,4654.609930570205,1250.0
500.0,12.067738776974243,4162.969728340059,250.0
500.0,12.067738776974243,4162.969728340059,250.0
500.0,11.823088776974243,5888.176735934821,500.0
500.0,11.676298776974244,9310.830098906348,1250.0
500.0,11.823088776974243,11777.62668302635,500.0
500.0,11.823088776974243,11777.62668302635,500.0
500.0,11.823088776974243,11777.62668302635,500.0
500.0,11.676298776974244,18622.465577848263,1250.0
500.0,12.568073594250619,580.5914984558938,125.0
500.0,12.078773594250618,826.8945346979189,250.0
500.0,11.834123594250618,1173.582747861788,500.0
500.0,11.68733359425062,1859.5943081059274,1250.0
500.0,12.568073594250619,1173.582747861788,125.0
500.0,12.078773594250618,1662.6742630522524,250.0
500.0,11.834123594250618,2353.4905081025445,500.0
500.0,11.68733359425062,3723.205092368139,1250.0
500.0,12.568073594250619,2942.8161883264083,125.0
500.0,12.078773594250618,4162.969728340059,250.0
500.0,11.834123594250618,5888.176735934821,500.0
500.0,11.68733359425062,9310.830098906348,1250.0
500.0,12.078773594250618,8327.73956265929,250.0
500.0,12.078773594250618,8327.73956265929,250.0
500.0,11.834123594250618,11777.62668302635,500.0
500.0,11.68733359425062,18622.465577848263,1250.0
500.0,11.834123594250618,23555.890100692497,500.0
500.0,11.834123594250618,23555.890100692497,500.0
500.0,11.834123594250618,23555.890100692497,500.0
500.0,11.68733359425062,37245.333878370744,1250.0
500.0,12.588205376590146,1055.3389862723257,125.0
500.0,12.098905376590146,1495.7769324213382,250.0
500.0,11.854255376590146,2117.6947044741296,500.0
500.0,11.707465376590147,3350.6015200730426,1250.0
500.0,12.588205376590146,2117.6947044741296,125.0
500.0,12.098905376590146,2996.5360728380424,250.0
500.0,11.854255376590146,4238.919698061259,500.0
500.0,11.707465376590147,6703.438583525905,1250.0
500.0,12.588205376590146,5299.179907801585,125.0
500.0,12.098905376590146,7494.838894398072,250.0
500.0,11.854255376590146,10599.774404988682,500.0
500.0,11.707465376590147,16760.162341782747,1250.0
500.0,12.098905376590146,14990.678221431885,250.0
500.0,12.098905376590146,14990.678221431885,250.0
500.0,11.854255376590146,21200.25628169605,500.0
500.0,11.707465376590147,33520.77215036621,1250.0
500.0,11.854255376590146,42400.866321386144,500.0
500.0,11.854255376590146,42400.866321386144,500.0
500.0,11.854255376590146,42400.866321386144,500.0
500.0,11.707465376590147,67041.76803973281,1250.0
500.0,14.016875213336071,29.88369708372231,152.5
500.0,12.793625213336073,53.29787083856834,250.0
500.0,12.185495213336072,89.7842598310105,500.0
500.0,11.815025213336073,164.06928135247696,1250.0
500.0,14.016875213336071,89.7842598310105,152.5
500.0,12.793625213336073,142.80718009271226,250.0
500.0,12.185495213336072,216.83166262918098,500.0
500.0,11.815025213336073,359.71500222628714,1250.0
500.0,14.016875213336071,278.8111645921395,152.5
500.0,12.793625213336073,404.90537039353825,250.0
500.0,12.185495213336072,580.5914984558938,500.0
500.0,11.815025213336073,925.8129308002952,1250.0
500.0,12.793625213336073,826.8945346979189,250.0
500.0,12.793625213336073,826.8945346979189,250.0
500.0,12.185495213336072,1173.582747861788,500.0
500.0,11.815025213336073,1859.5943081059274,1250.0
500.0,12.185495213336072,2353.4905081025445,500.0
500.0,12.185495213336072,2353.4905081025445,500.0
500.0,12.185495213336072,2353.4905081025445,500.0
500.0,11.815025213336073,3723.205092368139,1250.0
500.0,14.01883076824838,89.7842598310105,125.0
500.0,12.79558076824838,142.80718009271226,250.0
500.0,12.18745076824838,216.83166262918098,500.0
500.0,11.81698076824838,359.71500222628714,1250.0
500.0,14.01883076824838,216.83166262918098,125.0
500.0,12.79558076824838,319.0683128727452,250.0
500.0,12.18745076824838,460.85474889545753,500.0
500.0,11.81698076824838,738.2865188288206,1250.0
500.0,14.01883076824838,580.5914984558938,125.0
500.0,12.79558076824838,826.8945346979189,250.0
500.0,12.18745076824838,1173.582747861788,500.0
500.0,11.81698076824838,1859.5943081059274,1250.0
500.0,12.79558076824838,1662.6742630522524,250.0
500.0,12.79558076824838,1662.6742630522524,250.0
500.0,12.18745076824838,2353.4905081025445,500.0
500.0,11.81698076824838,3723.205092368139,1250.0
500.0,12.18745076824838,4710.159533773401,500.0
500.0,12.18745076824838,4710.159533773401,500.0
500.0,12.18745076824838,4710.159533773401,500.0
500.0,11.81698076824838,7448.422492541856,1250.0
500.0,14.024938776974244,278.8111645921395,125.0
500.0,12.801688776974244,404.90537039353825,250.0
500.0,12.193558776974243,580.5914984558938,500.0
500.0,11.823088776974243,925.8129308002952,1250.0
500.0,14.024938776974244,580.5914984558938,125.0
500.0,12.801688776974244,826.8945346979189,250.0
500.0,12.193558776974243,1173.582747861788,500.0
500.0,11.823088776974243,1859.5943081059274,1250.0
500.0,14.024938776974244,1468.8719559038939,125.0
500.0,12.801688776974244,2079.6876720844934,250.0
500.0,12.193558776974243,2942.8161883264083,500.0
500.0,11.823088776974243,4654.609930570205,1250.0
500.0,12.801688776974244,4162.969728340059,250.0
500.0,12.801688776974244,4162.969728340059,250.0
500.0,12.193558776974243,5888.176735934821,500.0
500.0,11.823088776974243,9310.830098906348,1250.0
500.0,12.193558776974243,11777.62668302635,500.0
500.0,12.193558776974243,11777.62668302635,500.0
500.0,12.193558776974243,11777.62668302635,500.0
500.0,11.823088776974243,18622.465577848263,1250.0
500.0,14.035973594250619,580.5914984558938,125.0
500.0,12.812723594250619,826.8945346979189,250.0
500.0,12.20459359425062,1173.582747861788,500.0
500.0,11.834123594250618,1859.5943081059274,1250.0
500.0,14.035973594250619,1173.582747861788,125.0
500.0,12.812723594250619,1662.6742630522524,250.0
500.0,12.20459359425062,2353.4905081025445,500.0
500.0,11.834123594250618,3723.205092368139,1250.0
500.0,14.035973594250619,2942.8161883264083,125.0
500.0,12.812723594250619,4162.969728340059,250.0
500.0,12.20459359425062,5888.176735934821,500.0
500.0,11.834123594250618,9310.830098906348,1250.0
500.0,12.812723594250619,8327.73956265929,250.0
500.0,12.812723594250619,8327.73956265929,250.0
500.0,12.20459359425062,11777.62668302635,500.0
500.0,11.834123594250618,18622.465577848263,1250.0
500.0,12.20459359425062,23555.890100692497,500.0
500.0,12.20459359425062,23555.890100692497,500.0
500.0,12.20459359425062,23555.890100692497,500.0
500.0,11.834123594250618,37245.333878370744,1250.0
500.0,14.056105376590146,1055.3389862723257,125.0
500.0,12.832855376590146,1495.7769324213382,250.0
500.0,12.224725376590145,2117.6947044741296,500.0
500.0,11.854255376590146,3350.6015200730426,1250.0
500.0,14.056105376590146,2117.6947044741296,125.0
500.0,12.832855376590146,2996.5360728380424,250.0
500.0,12.224725376590145,4238.919698061259,500.0
500.0,11.854255376590146,6703.438583525905,1250.0
500.0,14.056105376590146,5299.179907801585,125.0
500.0,12.832855376590146,7494.838894398072,250.0
500.0,12.224725376590145,10599.774404988682,500.0
500.0,11.854255376590146,16760.162341782747,1250.0
500.0,12.832855376590146,14990.678221431885,250.0
500.0,12.832855376590146,14990.678221431885,250.0
500.0,12.224725376590145,21200.25628169605,500.0
500.0,11.854255376590146,33520.77215036621,1250.0
500.0,12.224725376590145,42400.866321386144,500.0
500.0,12.224725376590145,42400.866321386144,500.0
500.0,12.224725376590145,42400.866321386144,500.0
500.0,11.854255376590146,67041.76803973281,1250.0
500.0,11.709677745917771,2.1953302091396787,152.5
500.0,11.64676774591777,4.343754294587768,152.5
500.0,11.61880774591777,8.508564659316917,200.0
500.0,11.59783774591777,20.078861115539183,500.0
500.0,11.709677745917771,8.508564659316917,152.5
500.0,11.64676774591777,16.363056830378138,152.5
500.0,11.61880774591777,30.50678406231046,200.0
500.0,11.59783774591777,64.61689784275224,500.0
500.0,11.709677745917771,44.49969518237231,152.5
500.0,11.64676774591777,76.40438499148418,152.5
500.0,11.61880774591777,123.6996886728805,200.0
500.0,11.59783774591777,216.83166262918098,500.0
500.0,11.64676774591777,190.34108720178708,152.5
500.0,11.64676774591777,190.34108720178708,152.5
500.0,11.61880774591777,282.4795912481768,200.0
500.0,11.59783774591777,460.85474889545753,500.0
500.0,11.61880774591777,587.7103441848798,200.0
500.0,11.61880774591777,587.7103441848798,200.0
500.0,11.61880774591777,587.7103441848798,200.0
500.0,11.59783774591777,936.9820241720579,500.0
500.0,11.711906904051695,8.508564659316917,76.25
500.0,11.648996904051696,16.363056830378138,100.0
500.0,11.621036904051696,30.50678406231046,200.0
500.0,11.600066904051696,64.61689784275224,500.0
500.0,11.711906904051695,30.50678406231046,76.25
500.0,11.648996904051696,54.31075926991216,100.0
500.0,11.621036904051696,91.30459749017922,200.0
500.0,11.600066904051696,166.46361110479913,500.0
500.0,11.711906904051695,123.6996886728805,76.25
500.0,11.648996904051696,190.34108720178708,100.0
500.0,11.621036904051696,282.4795912481768,200.0
500.0,11.600066904051696,460.85474889545753,500.0
500.0,11.648996904051696,409.9974826225198,100.0
500.0,11.648996904051696,409.9974826225198,100.0
500.0,11.621036904051696,587.7103441848798,200.0
500.0,11.600066904051696,936.9820241720579,500.0
500.0,11.621036904051696,1187.6818588612155,200.0
500.0,11.621036904051696,1187.6818588612155,200.0
500.0,11.621036904051696,1187.6818588612155,200.0
500.0,11.600066904051696,1881.8405385430249,500.0
500.0,11.718869489069197,44.49969518237231,50.0
500.0,11.655959489069197,76.40438499148418,100.0
500.0,11.627999489069197,123.6996886728805,200.0
500.0,11.607029489069198,216.83166262918098,500.0
500.0,11.718869489069197,123.6996886728805,50.0
500.0,11.655959489069197,190.34108720178708,100.0
500.0,11.627999489069197,282.4795912481768,200.0
500.0,11.607029489069198,460.85474889545753,500.0
500.0,11.718869489069197,359.71500222628725,50.0
500.0,11.655959489069197,517.4870740351276,100.0
500.0,11.627999489069197,738.2865188288207,200.0
500.0,11.607029489069198,1173.582747861788,500.0
500.0,11.655959489069197,1048.7464992904793,100.0
500.0,11.655959489069197,1048.7464992904793,100.0
500.0,11.627999489069197,1486.473909937591,200.0
500.0,11.607029489069198,2353.4905081025445,500.0
500.0,11.627999489069197,2977.960809499212,200.0
500.0,11.627999489069197,2977.960809499212,200.0
500.0,11.627999489069197,2977.960809499212,200.0
500.0,11.607029489069198,4710.159533773401,500.0
500.0,11.731448196285847,123.6996886728805,50.0
500.0,11.668538196285846,190.34108720178708,100.0
500.0,11.640578196285846,282.4795912481768,200.0
500.0,11.619608196285846,460.85474889545753,500.0
500.0,11.731448196285847,282.4795912481768,50.0
500.0,11.668538196285846,409.9974826225198,100.0
500.0,11.640578196285846,587.7103441848798,200.0
500.0,11.619608196285846,936.9820241720579,500.0
500.0,11.731448196285847,738.2865188288207,50.0
500.0,11.668538196285846,1048.7464992904793,100.0
500.0,11.640578196285846,1486.473909937591,200.0
500.0,11.619608196285846,2353.4905081025445,500.0
500.0,11.668538196285846,2104.5527178956777,100.0
500.0,11.668538196285846,2104.5527178956777,100.0
500.0,11.640578196285846,2977.960809499212,200.0
500.0,11.619608196285846,4710.159533773401,500.0
500.0,11.640578196285846,5958.436048448041,200.0
500.0,11.640578196285846,5958.436048448041,200.0
500.0,11.640578196285846,5958.436048448041,200.0
500.0,11.619608196285846,9421.910339582575,500.0
500.0,11.754396632082816,251.26586521919367,50.0
500.0,11.691486632082817,366.71181614228146,100.0
500.0,11.663526632082817,527.2484365338278,200.0
500.0,11.642556632082817,842.1843825813398,500.0
500.0,11.754396632082816,527.2484365338278,50.0
500.0,11.691486632082817,751.9845466373494,100.0
500.0,11.663526632082817,1068.038378663247,200.0
500.0,11.642556632082817,1693.0989891425268,500.0
500.0,11.754396632082816,1337.1233223872948,50.0
500.0,11.691486632082817,1893.5983374156276,100.0
500.0,11.663526632082817,2679.8111398441765,200.0
500.0,11.642556632082817,4238.919698061259,500.0
500.0,11.691486632082817,3791.1416045738947,100.0
500.0,11.691486632082817,3791.1416045738947,100.0
500.0,11.663526632082817,5362.4153989740535,200.0
500.0,11.642556632082817,8479.607301066422,500.0
500.0,11.663526632082817,10726.228722758113,200.0
500.0,11.663526632082817,10726.228722758113,200.0
500.0,11.663526632082817,10726.228722758113,200.0
500.0,11.642556632082817,16960.098900282872,500.0
500.0,11.82850774591777,2.1953302091396787,152.5
500.0,11.709677745917771,4.343754294587768,152.5
500.0,11.64676774591777,8.508564659316917,200.0
500.0,11.61181774591777,20.078861115539183,500.0
500.0,11.82850774591777,8.508564659316917,152.5
500.0,11.709677745917771,16.363056830378138,152.5
500.0,11.64676774591777,30.50678406231046,200.0
500.0,11.61181774591777,64.61689784275224,500.0
500.0,11.82850774591777,44.49969518237231,152.5
500.0,11.709677745917771,76.40438499148418,152.5
500.0,11.64676774591777,123.6996886728805,200.0
500.0,11.61181774591777,216.83166262918098,500.0
500.0,11.709677745917771,190.34108720178708,152.5
500.0,11.709677745917771,190.34108720178708,152.5
500.0,11.64676774591777,282.4795912481768,200.0
500.0,11.61181774591777,460.85474889545753,500.0
500.0,11.64676774591777,587.7103441848798,200.0
500.0,11.64676774591777,587.7103441848798,200.0
500.0,11.64676774591777,587.7103441848798,200.0
500.0,11.61181774591777,936.9820241720579,500.0
500.0,11.830736904051696,8.508564659316917,76.25
500.0,11.711906904051695,16.363056830378138,100.0
500.0,11.648996904051696,30.50678406231046,200.0
500.0,11.614046904051696,64.61689784275224,500.0
500.0,11.830736904051696,30.50678406231046,76.25
500.0,11.711906904051695,54.31075926991216,100.0
500.0,11.648996904051696,91.30459749017922,200.0
500.0,11.614046904051696,166.46361110479913,500.0
500.0,11.830736904051696,123.6996886728805,76.25
500.0,11.711906904051695,190.34108720178708,100.0
500.0,11.648996904051696,282.4795912481768,200.0
500.0,11.614046904051696,460.85474889545753,500.0
500.0,11.711906904051695,409.9974826225198,100.0
500.0,11.711906904051695,409.9974826225198,100.0
500.0,11.648996904051696,587.7103441848798,200.0
500.0,11.614046904051696,936.9820241720579,500.0
500.0,11.648996904051696,1187.6818588612155,200.0
500.0,11.648996904051696,1187.6818588612155,200.0
500.0,11.648996904051696,1187.6818588612155,200.0
500.0,11.614046904051696,1881.8405385430249,500.0
500.0,11.837699489069198,44.49969518237231,50.0
500.0,11.718869489069197,76.40438499148418,100.0
500.0,11.655959489069197,123.6996886728805,200.0
500.0,11.621009489069198,216.83166262918098,500.0
500.0,11.837699489069198,123.6996886728805,50.0
500.0,11.718869489069197,190.34108720178708,100.0
500.0,11.655959489069197,282.4795912481768,200.0
500.0,11.621009489069198,460.85474889545753,500.0
500.0,11.837699489069198,359.71500222628725,50.0
500.0,11.718869489069197,517.4870740351276,100.0
500.0,11.655959489069197,738.2865188288207,200.0
500.0,11.621009489069198,1173.582747861788,500.0
500.0,11.718869489069197,1048.7464992904793,100.0
500.0,11.718869489069197,1048.7464992904793,100.0
500.0,11.655959489069197,1486.473909937591,200.0
500.0,11.621009489069198,2353.4905081025445,500.0
500.0,11.655959489069197,2977.960809499212,200.0
500.0,11.655959489069197,2977.960809499212,200.0
500.0,11.655959489069197,2977.960809499212,200.0
500.0,11.621009489069198,4710.159533773401,500.0
500.0,11.850278196285846,123.6996886728805,50.0
500.0,11.731448196285847,190.34108720178708,100.0
500.0,11.668538196285846,282.4795912481768,200.0
500.0,11.633588196285846,460.85474889545753,500.0
500.0,11.850278196285846,282.4795912481768,50.0
500.0,11.731448196285847,409.9974826225198,100.0
500.0,11.668538196285846,587.7103441848798,200.0
500.0,11.633588196285846,936.9820241720579,500.0
500.0,11.850278196285846,738.2865188288207,50.0
500.0,11.731448196285847,1048.7464992904793,100.0
500.0,11.668538196285846,1486.473909937591,200.0
500.0,11.633588196285846,2353.4905081025445,500.0
500.0,11.731448196285847,2104.5527178956777,100.0
500.0,11.731448196285847,2104.5527178956777,100.0
500.0,11.668538196285846,2977.960809499212,200.0
500.0,11.633588196285846,4710.159533773401,500.0
500.0,11.668538196285846,5958.436048448041,200.0
500.0,11.668538196285846,5958.436048448041,200.0
500.0,11.668538196285846,5958.436048448041,200.0
500.0,11.633588196285846,9421.910339582575,500.0
500.0,11.873226632082817,251.26586521919367,50.0
500.0,11.754396632082816,366.71181614228146,100.0
500.0,11.691486632082817,527.2484365338278,200.0
500.0,11.656536632082817,842.1843825813398,500.0
500.0,11.873226632082817,527.2484365338278,50.0
500.0,11.754396632082816,751.9845466373494,100.0
500.0,11.691486632082817,1068.038378663247,200.0
500.0,11.656536632082817,1693.0989891425268,500.0
500.0,11.873226632082817,1337.1233223872948,50.0
500.0,11.754396632082816,1893.5983374156276,100.0
500.0,11.691486632082817,2679.8111398441765,200.0
500.0,11.656536632082817,4238.919698061259,500.0
500.0,11.754396632082816,3791.1416045738947,100.0
500.0,11.754396632082816,3791.1416045738947,100.0
500.0,11.691486632082817,5362.4153989740535,200.0
500.0,11.656536632082817,8479.607301066422,500.0
500.0,11.691486632082817,10726.228722758113,200.0
500.0,11.691486632082817,10726.228722758113,200.0
500.0,11.691486632082817,10726.228722758113,200.0
500.0,11.656536632082817,16960.098900282872,500.0
500.0,12.198977745917771,2.1953302091396787,152.5
500.0,11.89141774591777,4.343754294587768,152.5
500.0,11.737637745917771,8.508564659316917,200.0
500.0,11.64676774591777,20.078861115539183,500.0
500.0,12.198977745917771,8.508564659316917,152.5
500.0,11.89141774591777,16.363056830378138,152.5
500.0,11.737637745917771,30.50678406231046,200.0
500.0,11.64676774591777,64.61689784275224,500.0
500.0,12.198977745917771,44.49969518237231,152.5
500.0,11.89141774591777,76.40438499148418,152.5
500.0,11.737637745917771,123.6996886728805,200.0
500.0,11.64676774591777,216.83166262918098,500.0
500.0,11.89141774591777,190.34108720178708,152.5
500.0,11.89141774591777,190.34108720178708,152.5
500.0,11.737637745917771,282.4795912481768,200.0
500.0,11.64676774591777,460.85474889545753,500.0
500.0,11.737637745917771,587.7103441848798,200.0
500.0,11.737637745917771,587.7103441848798,200.0
500.0,11.737637745917771,587.7103441848798,200.0
500.0,11.64676774591777,936.9820241720579,500.0
500.0,12.201206904051695,8.508564659316917,76.25
500.0,11.893646904051696,16.363056830378138,100.0
500.0,11.739866904051695,30.50678406231046,200.0
500.0,11.648996904051696,64.61689784275224,500.0
500.0,12.201206904051695,30.50678406231046,76.25
500.0,11.893646904051696,54.31075926991216,100.0
500.0,11.739866904051695,91.30459749017922,200.0
500.0,11.648996904051696,166.46361110479913,500.0
500.0,12.201206904051695,123.6996886728805,76.25
500.0,11.893646904051696,190.34108720178708,100.0
500.0,11.739866904051695,282.4795912481768,200.0
500.0,11.648996904051696,460.85474889545753,500.0
500.0,11.893646904051696,409.9974826225198,100.0
500.0,11.893646904051696,409.9974826225198,100.0
500.0,11.739866904051695,587.7103441848798,200.0
500.0,11.648996904051696,936.9820241720579,500.0
500.0,11.739866904051695,1187.6818588612155,200.0
500.0,11.739866904051695,1187.6818588612155,200.0
500.0,11.739866904051695,1187.6818588612155,200.0
500.0,11.648996904051696,1881.8405385430249,500.0
500.0,12.208169489069197,44.49969518237231,50.0
500.0,11.900609489069197,76.40438499148418,100.0
500.0,11.746829489069198,123.6996886728805,200.0
500.0,11.655959489069197,216.83166262918098,500.0
500.0,12.208169489069197,123.6996886728805,50.0
500.0,11.900609489069197,190.34108720178708,100.0
500.0,11.746829489069198,282.4795912481768,200.0
500.0,11.655959489069197,460.85474889545753,500.0
500.0,12.208169489069197,359.71500222628725,50.0
500.0,11.900609489069197,517.4870740351276,100.0
500.0,11.746829489069198,738.2865188288207,200.0
500.0,11.655959489069197,1173.582747861788,500.0
500.0,11.900609489069197,1048.7464992904793,100.0
500.0,11.900609489069197,1048.7464992904793,100.0
500.0,11.746829489069198,1486.473909937591,200.0
500.0,11.655959489069197,2353.4905081025445,500.0
500.0,11.746829489069198,2977.960809499212,200.0
500.0,11.746829489069198,2977.960809499212,200.0
500.0,11.746829489069198,2977.960809499212,200.0
500.0,11.655959489069197,4710.159533773401,500.0
500.0,12.220748196285847,123.6996886728805,50.0
500.0,11.913188196285846,190.34108720178708,100.0
500.0,11.759408196285847,282.4795912481768,200.0
500.0,11.668538196285846,460.85474889545753,500.0
500.0,12.220748196285847,282.4795912481768,50.0
500.0,11.913188196285846,409.9974826225198,100.0
500.0,11.759408196285847,587.7103441848798,200.0
500.0,11.668538196285846,936.9820241720579,500.0
500.0,12.220748196285847,738.2865188288207,50.0
500.0,11.913188196285846,1048.7464992904793,100.0
500.0,11.759408196285847,1486.473909937591,200.0
500.0,11.668538196285846,2353.4905081025445,500.0
500.0,11.913188196285846,2104.5527178956777,100.0
500.0,11.913188196285846,2104.5527178956777,100.0
500.0,11.759408196285847,2977.960809499212,200.0
500.0,11.668538196285846,4710.159533773401,500.0
500.0,11.759408196285847,5958.436048448041,200.0
500.0,11.759408196285847,5958.436048448041,200.0
500.0,11.759408196285847,5958.436048448041,200.0
500.0,11.668538196285846,9421.910339582575,500.0
500.0,12.243696632082816,251.26586521919367,50.0
500.0,11.936136632082817,366.71181614228146,100.0
500.0,11.782356632082816,527.2484365338278,200.0
500.0,11.691486632082817,842.1843825813398,500.0
500.0,12.243696632082816,527.2484365338278,50.0
500.0,11.936136632082817,751.9845466373494,100.0
500.0,11.782356632082816,1068.038378663247,200.0
500.0,11.691486632082817,1693.0989891425268,500.0
500.0,12.243696632082816,1337.1233223872948,50.0
500.0,11.936136632082817,1893.5983374156276,100.0
500.0,11.782356632082816,2679.8111398441765,200.0
500.0,11.691486632082817,4238.919698061259,500.0
500.0,11.936136632082817,3791.1416045738947,100.0
500.0,11.936136632082817,3791.1416045738947,100.0
500.0,11.782356632082816,5362.4153989740535,200.0
500.0,11.691486632082817,8479.607301066422,500.0
500.0,11.782356632082816,10726.228722758113,200.0
500.0,11.782356632082816,10726.228722758113,200.0
500.0,11.782356632082816,10726.228722758113,200.0
500.0,11.691486632082817,16960.098900282872,500.0
500.0,12.80710774591777,2.1953302091396787,152.5
500.0,12.198977745917771,4.343754294587768,152.5
500.0,11.89141774591777,8.508564659316917,200.0
500.0,11.709677745917771,20.078861115539183,500.0
500.0,12.80710774591777,8.508564659316917,152.5
500.0,12.198977745917771,16.363056830378138,152.5
500.0,11.89141774591777,30.50678406231046,200.0
500.0,11.709677745917771,64.61689784275224,500.0
500.0,12.80710774591777,44.49969518237231,152.5
500.0,12.198977745917771,76.40438499148418,152.5
500.0,11.89141774591777,123.6996886728805,200.0
500.0,11.709677745917771,216.83166262918098,500.0
500.0,12.198977745917771,190.34108720178708,152.5
500.0,12.198977745917771,190.34108720178708,152.5
500.0,11.89141774591777,282.4795912481768,200.0
500.0,11.709677745917771,460.85474889545753,500.0
500.0,11.89141774591777,587.7103441848798,200.0
500.0,11.89141774591777,587.7103441848798,200.0
500.0,11.89141774591777,587.7103441848798,200.0
500.0,11.709677745917771,936.9820241720579,500.0
500.0,12.809336904051696,8.508564659316917,76.25
500.0,12.201206904051695,16.363056830378138,100.0
500.0,11.893646904051696,30.50678406231046,200.0
500.0,11.711906904051695,64.61689784275224,500.0
500.0,12.809336904051696,30.50678406231046,76.25
500.0,12.201206904051695,54.31075926991216,100.0
500.0,11.893646904051696,91.30459749017922,200.0
500.0,11.711906904051695,166.46361110479913,500.0
500.0,12.809336904051696,123.6996886728805,76.25
500.0,12.201206904051695,190.34108720178708,100.0
500.0,11.893646904051696,282.4795912481768,200.0
500.0,11.711906904051695,460.85474889545753,500.0
500.0,12.201206904051695,409.9974826225198,100.0
500.0,12.201206904051695,409.9974826225198,100.0
500.0,11.893646904051696,587.7103441848798,200.0
500.0,11.711906904051695,936.9820241720579,500.0
500.0,11.893646904051696,1187.6818588612155,200.0
500.0,11.893646904051696,1187.6818588612155,200.0
500.0,11.893646904051696,1187.6818588612155,200.0
500.0,11.711906904051695,1881.8405385430249,500.0
500.0,12.816299489069198,44.49969518237231,50.0
500.0,12.208169489069197,76.40438499148418,100.0
500.0,11.900609489069197,123.6996886728805,200.0
500.0,11.718869489069197,216.83166262918098,500.0
500.0,12.816299489069198,123.6996886728805,50.0
500.0,12.208169489069197,190.34108720178708,100.0
500.0,11.900609489069197,282.4795912481768,200.0
500.0,11.718869489069197,460.85474889545753,500.0
500.0,12.816299489069198,359.71500222628725,50.0
500.0,12.208169489069197,517.4870740351276,100.0
500.0,11.900609489069197,738.2865188288207,200.0
500.0,11.718869489069197,1173.582747861788,500.0
500.0,12.208169489069197,1048.7464992904793,100.0
500.0,12.208169489069197,1048.7464992904793,100.0
500.0,11.900609489069197,1486.473909937591,200.0
500.0,11.718869489069197,2353.4905081025445,500.0
500.0,11.900609489069197,2977.960809499212,200.0
500.0,11.900609489069197,2977.960809499212,200.0
500.0,11.900609489069197,2977.960809499212,200.0
500.0,11.718869489069197,4710.159533773401,500.0
500.0,12.828878196285846,123.6996886728805,50.0
500.0,12.220748196285847,190.34108720178708,100.0
500.0,11.913188196285846,282.4795912481768,200.0
500.0,11.731448196285847,460.85474889545753,500.0
500.0,12.828878196285846,282.4795912481768,50.0
500.0,12.220748196285847,409.9974826225198,100.0
500.0,11.913188196285846,587.7103441848798,200.0
500.0,11.731448196285847,936.9820241720579,500.0
500.0,12.828878196285846,738.2865188288207,50.0
500.0,12.220748196285847,1048.7464992904793,100.0
500.0,11.913188196285846,1486.473909937591,200.0
500.0,11.731448196285847,2353.4905081025445,500.0
500.0,12.220748196285847,2104.5527178956777,100.0
500.0,12.220748196285847,2104.5527178956777,100.0
500.0,11.913188196285846,2977.960809499212,200.0
500.0,11.731448196285847,4710.159533773401,500.0
500.0,11.913188196285846,5958.436048448041,200.0
500.0,11.913188196285846,5958.436048448041,200.0
500.0,11.913188196285846,5958.436048448041,200.0
500.0,11.731448196285847,9421.910339582575,500.0
500.0,12.851826632082815,251.26586521919367,50.0
500.0,12.243696632082816,366.71181614228146,100.0
500.0,11.936136632082817,527.2484365338278,200.0
500.0,11.754396632082816,842.1843825813398,500.0
500.0,12.851826632082815,527.2484365338278,50.0
500.0,12.243696632082816,751.9845466373494,100.0
500.0,11.936136632082817,1068.038378663247,200.0
500.0,11.754396632082816,1693.0989891425268,500.0
500.0,12.851826632082815,1337.1233223872948,50.0
500.0,12.243696632082816,1893.5983374156276,100.0
500.0,11.936136632082817,2679.8111398441765,200.0
500.0,11.754396632082816,4238.919698061259,500.0
500.0,12.243696632082816,3791.1416045738947,100.0
500.0,12.243696632082816,3791.1416045738947,100.0
500.0,11.936136632082817,5362.4153989740535,200.0
500.0,11.754396632082816,8479.607301066422,500.0
500.0,11.936136632082817,10726.228722758113,200.0
500.0,11.936136632082817,10726.228722758113,200.0
500.0,11.936136632082817,10726.228722758113,200.0
500.0,11.754396632082816,16960.098900282872,500.0
500.0,14.03035774591777,2.1953302091396787,152.5
500.0,12.80710774591777,4.343754294587768,152.5
500.0,12.198977745917771,8.508564659316917,200.0
500.0,11.82850774591777,20.078861115539183,500.0
500.0,14.03035774591777,8.508564659316917,152.5
500.0,12.80710774591777,16.363056830378138,152.5
500.0,12.198977745917771,30.50678406231046,200.0
500.0,11.82850774591777,64.61689784275224,500.0
500.0,14.03035774591777,44.49969518237231,152.5
500.0,12.80710774591777,76.40438499148418,152.5
500.0,12.198977745917771,123.6996886728805,200.0
500.0,11.82850774591777,216.83166262918098,500.0
500.0,12.80710774591777,190.34108720178708,152.5
500.0,12.80710774591777,190.34108720178708,152.5
500.0,12.198977745917771,282.4795912481768,200.0
500.0,11.82850774591777,460.85474889545753,500.0
500.0,12.198977745917771,587.7103441848798,200.0
500.0,12.198977745917771,587.7103441848798,200.0
500.0,12.198977745917771,587.7103441848798,200.0
500.0,11.82850774591777,936.9820241720579,500.0
500.0,14.032586904051696,8.508564659316917,76.25
500.0,12.809336904051696,16.363056830378138,100.0
500.0,12.201206904051695,30.50678406231046,200.0
500.0,11.830736904051696,64.61689784275224,500.0
500.0,14.032586904051696,30.50678406231046,76.25
500.0,12.809336904051696,54.31075926991216,100.0
500.0,12.201206904051695,91.30459749017922,200.0
500.0,11.830736904051696,166.46361110479913,500.0
500.0,14.032586904051696,123.6996886728805,76.25
500.0,12.809336904051696,190.34108720178708,100.0
500.0,12.201206904051695,282.4795912481768,200.0
500.0,11.830736904051696,460.85474889545753,500.0
500.0,12.809336904051696,409.9974826225198,100.0
500.0,12.809336904051696,409.9974826225198,100.0
500.0,12.201206904051695,587.7103441848798,200.0
500.0,11.830736904051696,936.9820241720579,500.0
500.0,12.201206904051695,1187.6818588612155,200.0
500.0,12.201206904051695,1187.6818588612155,200.0
500.0,12.201206904051695,1187.6818588612155,200.0
500.0,11.830736904051696,1881.8405385430249,500.0
500.0,14.039549489069199,44.49969518237231,50.0
500.0,12.816299489069198,76.40438499148418,100.0
500.0,12.208169489069197,123.6996886728805,200.0
500.0,11.837699489069198,216.83166262918098,500.0
500.0,14.039549489069199,123.6996886728805,50.0
500.0,12.816299489069198,190.34108720178708,100.0
500.0,12.208169489069197,282.4795912481768,200.0
500.0,11.837699489069198,460.85474889545753,500.0
500.0,14.039549489069199,359.71500222628725,50.0
500.0,12.816299489069198,517.4870740351276,100.0
500.0,12.208169489069197,738.2865188288207,200.0
500.0,11.837699489069198,1173.582747861788,500.0
500.0,12.816299489069198,1048.7464992904793,100.0
500.0,12.816299489069198,1048.7464992904793,100.0
500.0,12.208169489069197,1486.473909937591,200.0
500.0,11.837699489069198,2353.4905081025445,500.0
500.0,12.208169489069197,2977.960809499212,200.0
500.0,12.208169489069197,2977.960809499212,200.0
500.0,12.208169489069197,2977.960809499212,200.0
500.0,11.837699489069198,4710.159533773401,500.0
500.0,14.052128196285846,123.6996886728805,50.0
500.0,12.828878196285846,190.34108720178708,100.0
500.0,12.220748196285847,282.4795912481768,200.0
500.0,11.850278196285846,460.85474889545753,500.0
500.0,14.052128196285846,282.4795912481768,50.0
500.0,12.828878196285846,409.9974826225198,100.0
500.0,12.220748196285847,587.7103441848798,200.0
500.0,11.850278196285846,936.9820241720579,500.0
500.0,14.052128196285846,738.2865188288207,50.0
500.0,12.828878196285846,1048.7464992904793,100.0
500.0,12.220748196285847,1486.473909937591,200.0
500.0,11.850278196285846,2353.4905081025445,500.0
500.0,12.828878196285846,2104.5527178956777,100.0
500.0,12.828878196285846,2104.5527178956777,100.0
500.0,12.220748196285847,2977.960809499212,200.0
500.0,11.850278196285846,4710.159533773401,500.0
500.0,12.220748196285847,5958.436048448041,200.0
500.0,12.220748196285847,5958.436048448041,200.0
500.0,12.220748196285847,5958.436048448041,200.0
500.0,11.850278196285846,9421.910339582575,500.0
500.0,14.075076632082816,251.26586521919367,50.0
500.0,12.851826632082815,366.71181614228146,100.0
500.0,12.243696632082816,527.2484365338278,200.0
500.0,11.873226632082817,842.1843825813398,500.0
500.0,14.075076632082816,527.2484365338278,50.0
500.0,12.851826632082815,751.9845466373494,100.0
500.0,12.243696632082816,1068.038378663247,200.0
500.0,11.873226632082817,1693.0989891425268,500.0
500.0,14.075076632082816,1337.1233223872948,50.0
500.0,12.851826632082815,1893.5983374156276,100.0
500.0,12.243696632082816,2679.8111398441765,200.0
500.0,11.873226632082817,4238.919698061259,500.0
500.0,12.851826632082815,3791.1416045738947,100.0
500.0,12.851826632082815,3791.1416045738947,100.0
500.0,12.243696632082816,5362.4153989740535,200.0
500.0,11.873226632082817,8479.607301066422,500.0
500.0,12.243696632082816,10726.228722758113,200.0
500.0,12.243696632082816,10726.228722758113,200.0
500.0,12.243696632082816,10726.228722758113,200.0
500.0,11.873226632082817,16960.098900282872,500.0
500.0,17.686127745917773,2.1953302091396787,152.5
500.0,14.638487745917772,4.343754294587768,152.5
500.0,13.114667745917771,8.508564659316917,200.0
500.0,12.198977745917771,20.078861115539183,500.0
500.0,17.686127745917773,8.508564659316917,152.5
500.0,14.638487745917772,16.363056830378138,152.5
500.0,13.114667745917771,30.50678406231046,200.0
500.0,12.198977745917771,64.61689784275224,500.0
500.0,17.686127745917773,44.49969518237231,152.5
500.0,14.638487745917772,76.40438499148418,152.5
500.0,13.114667745917771,123.6996886728805,200.0
500.0,12.198977745917771,216.83166262918098,500.0
500.0,14.638487745917772,190.34108720178708,152.5
500.0,14.638487745917772,190.34108720178708,152.5
500.0,13.114667745917771,282.4795912481768,200.0
500.0,12.198977745917771,460.85474889545753,500.0
500.0,13.114667745917771,587.7103441848798,200.0
500.0,13.114667745917771,587.7103441848798,200.0
500.0,13.114667745917771,587.7103441848798,200.0
500.0,12.198977745917771,936.9820241720579,500.0
500.0,17.688356904051695,8.508564659316917,76.25
500.0,14.640716904051695,16.363056830378138,100.0
500.0,13.116896904051696,30.50678406231046,200.0
500.0,12.201206904051695,64.61689784275224,500.0
500.0,17.688356904051695,30.50678406231046,76.25
500.0,14.640716904051695,54.31075926991216,100.0
500.0,13.116896904051696,91.30459749017922,200.0
500.0,12.201206904051695,166.46361110479913,500.0
500.0,17.688356904051695,123.6996886728805,76.25
500.0,14.640716904051695,190.34108720178708,100.0
500.0,13.116896904051696,282.4795912481768,200.0
500.0,12.201206904051695,460.85474889545753,500.0
500.0,14.640716904051695,409.9974826225198,100.0
500.0,14.640716904051695,409.9974826225198,100.0
500.0,13.116896904051696,587.7103441848798,200.0
500.0,12.201206904051695,936.9820241720579,500.0
500.0,13.116896904051696,1187.6818588612155,200.0
500.0,13.116896904051696,1187.6818588612155,200.0
500.0,13.116896904051696,1187.6818588612155,200.0
500.0,12.201206904051695,1881.8405385430249,500.0
500.0,17.6953194890692,44.49969518237231,50.0
500.0,14.647679489069198,76.40438499148418,100.0
500.0,13.123859489069197,123.6996886728805,200.0
500.0,12.208169489069197,216.83166262918098,500.0
500.0,17.6953194890692,123.6996886728805,50.0
500.0,14.647679489069198,190.34108720178708,100.0
500.0,13.123859489069197,282.4795912481768,200.0
500.0,12.208169489069197,460.85474889545753,500.0
500.0,17.6953194890692,359.71500222628725,50.0
500.0,14.647679489069198,517.4870740351276,100.0
500.0,13.123859489069197,738.2865188288207,200.0
500.0,12.208169489069197,1173.582747861788,500.0
500.0,14.647679489069198,1048.7464992904793,100.0
500.0,14.647679489069198,1048.7464992904793,100.0
500.0,13.123859489069197,1486.473909937591,200.0
500.0,12.208169489069197,2353.4905081025445,500.0
500.0,13.123859489069197,2977.960809499212,200.0
500.0,13.123859489069197,2977.960809499212,200.0
500.0,13.123859489069197,2977.960809499212,200.0
500.0,12.208169489069197,4710.159533773401,500.0
500.0,17.707898196285846,123.6996886728805,50.0
500.0,14.660258196285845,190.34108720178708,100.0
500.0,13.136438196285846,282.4795912481768,200.0
500.0,12.220748196285847,460.85474889545753,500.0
500.0,17.707898196285846,282.4795912481768,50.0
500.0,14.660258196285845,409.9974826225198,100.0
500.0,13.136438196285846,587.7103441848798,200.0
500.0,12.220748196285847,936.9820241720579,500.0
500.0,17.707898196285846,738.2865188288207,50.0
500.0,14.660258196285845,1048.7464992904793,100.0
500.0,13.136438196285846,1486.473909937591,200.0
500.0,12.220748196285847,2353.4905081025445,500.0
500.0,14.660258196285845,2104.5527178956777,100.0
500.0,14.660258196285845,2104.5527178956777,100.0
500.0,13.136438196285846,2977.960809499212,200.0
500.0,12.220748196285847,4710.159533773401,500.0
500.0,13.136438196285846,5958.436048448041,200.0
500.0,13.136438196285846,5958.436048448041,200.0
500.0,13.136438196285846,5958.436048448041,200.0
500.0,12.220748196285847,9421.910339582575,500.0
500.0,17.730846632082816,251.26586521919367,50.0
500.0,14.683206632082817,366.71181614228146,100.0
500.0,13.159386632082816,527.2484365338278,200.0
500.0,12.243696632082816,842.1843825813398,500.0
500.0,17.730846632082816,527.2484365338278,50.0
500.0,14.683206632082817,751.9845466373494,100.0
500.0,13.159386632082816,1068.038378663247,200.0
500.0,12.243696632082816,1693.0989891425268,500.0
500.0,17.730846632082816,1337.1233223872948,50.0
500.0,14.683206632082817,1893.5983374156276,100.0
500.0,13.159386632082816,2679.8111398441765,200.0
500.0,12.243696632082816,4238.919698061259,500.0
500.0,14.683206632082817,3791.1416045738947,100.0
500.0,14.683206632082817,3791.1416045738947,100.0
500.0,13.159386632082816,5362.4153989740535,200.0
500.0,12.243696632082816,8479.607301066422,500.0
500.0,13.159386632082816,10726.228722758113,200.0
500.0,13.159386632082816,10726.228722758113,200.0
500.0,13.159386632082816,10726.228722758113,200.0
500.0,12.243696632082816,16960.098900282872,500.0
500.0,11.85529939180877,0.2770608995681952,152.5
500.0,11.736469391808772,0.5533568214014624,152.5
500.0,11.673559391808771,1.1036726453950496,152.5
500.0,11.638609391808771,2.7367447249101193,250.0
500.0,11.85529939180877,1.1036726453950496,152.5
500.0,11.736469391808772,2.1953302091396787,152.5
500.0,11.673559391808771,4.343754294587768,152.5
500.0,11.638609391808771,10.528927454266409,250.0
500.0,11.85529939180877,6.707406976479507,152.5
500.0,11.736469391808772,12.999837548782398,152.5
500.0,11.673559391808771,24.547415177807046,152.5
500.0,11.638609391808771,53.29787083856834,250.0
500.0,11.736469391808772,44.49969518237231,152.5
500.0,11.736469391808772,44.49969518237231,152.5
500.0,11.673559391808771,76.40438499148418,152.5
500.0,11.638609391808771,142.80718009271226,250.0
500.0,11.673559391808771,190.34108720178708,152.5
500.0,11.673559391808771,190.34108720178708,152.5
500.0,11.673559391808771,190.34108720178708,152.5
500.0,11.638609391808771,319.0683128727452,250.0
500.0,11.858072237160492,1.1036726453950496,76.25
500.0,11.739242237160491,2.1953302091396787,76.25
500.0,11.67633223716049,4.343754294587768,100.0
500.0,11.641382237160492,10.528927454266409,250.0
500.0,11.858072237160492,4.343754294587768,76.25
500.0,11.739242237160491,8.508564659316917,76.25
500.0,11.67633223716049,16.363056830378138,100.0
500.0,11.641382237160492,36.94251809230322,250.0
500.0,11.858072237160492,24.547415177807046,76.25
500.0,11.739242237160491,44.49969518237231,76.25
500.0,11.67633223716049,76.40438499148418,100.0
500.0,11.641382237160492,142.80718009271226,250.0
500.0,11.739242237160491,123.6996886728805,76.25
500.0,11.739242237160491,123.6996886728805,76.25
500.0,11.67633223716049,190.34108720178708,100.0
500.0,11.641382237160492,319.0683128727452,250.0
500.0,11.67633223716049,409.9974826225198,100.0
500.0,11.67633223716049,409.9974826225198,100.0
500.0,11.67633223716049,409.9974826225198,100.0
500.0,11.641382237160492,658.8871478793795,250.0
500.0,11.86673298276123,6.707406976479507,30.5
500.0,11.74790298276123,12.999837548782398,50.0
500.0,11.68499298276123,24.547415177807046,100.0
500.0,11.65004298276123,53.29787083856834,250.0
500.0,11.86673298276123,24.547415177807046,30.5
500.0,11.74790298276123,44.49969518237231,50.0
500.0,11.68499298276123,76.40438499148418,100.0
500.0,11.65004298276123,142.80718009271226,250.0
500.0,11.86673298276123,104.87093992168818,30.5
500.0,11.74790298276123,164.06928135247702,50.0
500.0,11.68499298276123,246.21394286827942,100.0
500.0,11.65004298276123,404.90537039353825,250.0
500.0,11.74790298276123,359.71500222628725,50.0
500.0,11.74790298276123,359.71500222628725,50.0
500.0,11.68499298276123,517.4870740351276,100.0
500.0,11.65004298276123,826.8945346979189,250.0
500.0,11.68499298276123,1048.7464992904793,100.0
500.0,11.68499298276123,1048.7464992904793,100.0
500.0,11.68499298276123,1048.7464992904793,100.0
500.0,11.65004298276123,1662.6742630522524,250.0
500.0,11.882379611551501,24.547415177807046,25.0
500.0,11.763549611551502,44.49969518237231,50.0
500.0,11.700639611551502,76.40438499148418,100.0
500.0,11.665689611551501,142.80718009271226,250.0
500.0,11.882379611551501,76.40438499148418,25.0
500.0,11.763549611551502,123.6996886728805,50.0
500.0,11.700639611551502,190.34108720178708,100.0
500.0,11.665689611551501,319.0683128727452,250.0
500.0,11.882379611551501,246.21394286827942,25.0
500.0,11.763549611551502,359.71500222628725,50.0
500.0,11.700639611551502,517.4870740351276,100.0
500.0,11.665689611551501,826.8945346979189,250.0
500.0,11.763549611551502,738.2865188288207,50.0
500.0,11.763549611551502,738.2865188288207,50.0
500.0,11.700639611551502,1048.7464992904793,100.0
500.0,11.665689611551501,1662.6742630522524,250.0
500.0,11.700639611551502,2104.5527178956777,100.0
500.0,11.700639611551502,2104.5527178956777,100.0
500.0,11.700639611551502,2104.5527178956777,100.0
500.0,11.665689611551501,3329.8360571952003,250.0
500.0,11.910925125017094,65.23314959021985,25.0
500.0,11.792095125017093,107.48309644691217,50.0
500.0,11.729185125017095,167.72841907233297,100.0
500.0,11.694235125017094,284.4173916429226,250.0
500.0,11.910925125017094,167.72841907233297,25.0
500.0,11.792095125017093,251.26586521919367,50.0
500.0,11.729185125017095,366.71181614228146,100.0
500.0,11.694235125017094,591.4721283714651,250.0
500.0,11.910925125017094,463.8496024508264,25.0
500.0,11.792095125017093,663.0825835290534,50.0
500.0,11.729185125017095,942.8848035939548,100.0
500.0,11.694235125017094,1495.7769324213382,250.0
500.0,11.792095125017093,1337.1233223872948,50.0
500.0,11.792095125017093,1337.1233223872948,50.0
500.0,11.729185125017095,1893.5983374156276,100.0
500.0,11.694235125017094,2996.5360728380424,250.0
500.0,11.729185125017095,3791.1416045738947,100.0
500.0,11.729185125017095,3791.1416045738947,100.0
500.0,11.729185125017095,3791.1416045738947,100.0
500.0,11.694235125017094,5995.571038300291,250.0
500.0,12.09994939180877,0.2770608995681952,152.5
500.0,11.85529939180877,0.5533568214014624,152.5
500.0,11.736469391808772,1.1036726453950496,152.5
500.0,11.659579391808771,2.7367447249101193,250.0
500.0,12.09994939180877,1.1036726453950496,152.5
500.0,11.85529939180877,2.1953302091396787,152.5
500.0,11.736469391808772,4.343754294587768,152.5
500.0,11.659579391808771,10.528927454266409,250.0
500.0,12.09994939180877,6.707406976479507,152.5
500.0,11.85529939180877,12.999837548782398,152.5
500.0,11.736469391808772,24.547415177807046,152.5
500.0,11.659579391808771,53.29787083856834,250.0
500.0,11.85529939180877,44.49969518237231,152.5
500.0,11.85529939180877,44.49969518237231,152.5
500.0,11.736469391808772,76.40438499148418,152.5
500.0,11.659579391808771,142.80718009271226,250.0
500.0,11.736469391808772,190.34108720178708,152.5
500.0,11.736469391808772,190.34108720178708,152.5
500.0,11.736469391808772,190.34108720178708,152.5
500.0,11.659579391808771,319.0683128727452,250.0
500.0,12.102722237160492,1.1036726453950496,76.25
500.0,11.858072237160492,2.1953302091396787,76.25
500.0,11.739242237160491,4.343754294587768,100.0
500.0,11.66235223716049,10.528927454266409,250.0
500.0,12.102722237160492,4.343754294587768,76.25
500.0,11.858072237160492,8.508564659316917,76.25
500.0,11.739242237160491,16.363056830378138,100.0
500.0,11.66235223716049,36.94251809230322,250.0
500.0,12.102722237160492,24.547415177807046,76.25
500.0,11.858072237160492,44.49969518237231,76.25
500.0,11.739242237160491,76.40438499148418,100.0
500.0,11.66235223716049,142.80718009271226,250.0
500.0,11.858072237160492,123.6996886728805,76.25
500.0,11.858072237160492,123.6996886728805,76.25
500.0,11.739242237160491,190.34108720178708,100.0
500.0,11.66235223716049,319.0683128727452,250.0
500.0,11.739242237160491,409.9974826225198,100.0
500.0,11.739242237160491,409.9974826225198,100.0
500.0,11.739242237160491,409.9974826225198,100.0
500.0,11.66235223716049,658.8871478793795,250.0
500.0,12.11138298276123,6.707406976479507,30.5
500.0,11.86673298276123,12.999837548782398,50.0
500.0,11.74790298276123,24.547415177807046,100.0
500.0,11.67101298276123,53.29787083856834,250.0
500.0,12.11138298276123,24.547415177807046,30.5
500.0,11.86673298276123,44.49969518237231,50.0
500.0,11.74790298276123,76.40438499148418,100.0
500.0,11.67101298276123,142.80718009271226,250.0
500.0,12.11138298276123,104.87093992168818,30.5
500.0,11.86673298276123,164.06928135247702,50.0
500.0,11.74790298276123,246.21394286827942,100.0
500.0,11.67101298276123,404.90537039353825,250.0
500.0,11.86673298276123,359.71500222628725,50.0
500.0,11.86673298276123,359.71500222628725,50.0
500.0,11.74790298276123,517.4870740351276,100.0
500.0,11.67101298276123,826.8945346979189,250.0
500.0,11.74790298276123,1048.7464992904793,100.0
500.0,11.74790298276123,1048.7464992904793,100.0
500.0,11.74790298276123,1048.7464992904793,100.0
500.0,11.67101298276123,1662.6742630522524,250.0
500.0,12.127029611551501,24.547415177807046,25.0
500.0,11.882379611551501,44.49969518237231,50.0
500.0,11.763549611551502,76.40438499148418,100.0
500.0,11.686659611551502,142.80718009271226,250.0
500.0,12.127029611551501,76.40438499148418,25.0
500.0,11.882379611551501,123.6996886728805,50.0
500.0,11.763549611551502,190.34108720178708,100.0
500.0,11.686659611551502,319.0683128727452,250.0
500.0,12.127029611551501,246.21394286827942,25.0
500.0,11.882379611551501,359.71500222628725,50.0
500.0,11.763549611551502,517.4870740351276,100.0
500.0,11.686659611551502,826.8945346979189,250.0
500.0,11.882379611551501,738.2865188288207,50.0
500.0,11.882379611551501,738.2865188288207,50.0
500.0,11.763549611551502,1048.7464992904793,100.0
500.0,11.686659611551502,1662.6742630522524,250.0
500.0,11.763549611551502,2104.5527178956777,100.0
500.0,11.763549611551502,2104.5527178956777,100.0
500.0,11.763549611551502,2104.5527178956777,100.0
500.0,11.686659611551502,3329.8360571952003,250.0
500.0,12.155575125017094,65.23314959021985,25.0
500.0,11.910925125017094,107.48309644691217,50.0
500.0,11.792095125017093,167.72841907233297,100.0
500.0,11.715205125017095,284.4173916429226,250.0
500.0,12.155575125017094,167.72841907233297,25.0
500.0,11.910925125017094,251.26586521919367,50.0
500.0,11.792095125017093,366.71181614228146,100.0
500.0,11.715205125017095,591.4721283714651,250.0
500.0,12.155575125017094,463.8496024508264,25.0
500.0,11.910925125017094,663.0825835290534,50.0
500.0,11.792095125017093,942.8848035939548,100.0
500.0,11.715205125017095,1495.7769324213382,250.0
500.0,11.910925125017094,1337.1233223872948,50.0
500.0,11.910925125017094,1337.1233223872948,50.0
500.0,11.792095125017093,1893.5983374156276,100.0
500.0,11.715205125017095,2996.5360728380424,250.0
500.0,11.792095125017093,3791.1416045738947,100.0
500.0,11.792095125017093,3791.1416045738947,100.0
500.0,11.792095125017093,3791.1416045738947,100.0
500.0,11.715205125017095,5995.571038300291,250.0
500.0,12.833899391808771,0.2770608995681952,152.5
500.0,12.225769391808772,0.5533568214014624,152.5
500.0,11.918209391808771,1.1036726453950496,152.5
500.0,11.736469391808772,2.7367447249101193,250.0
500.0,12.833899391808771,1.1036726453950496,152.5
500.0,12.225769391808772,2.1953302091396787,152.5
500.0,11.918209391808771,4.343754294587768,152.5
500.0,11.736469391808772,10.528927454266409,250.0
500.0,12.833899391808771,6.707406976479507,152.5
500.0,12.225769391808772,12.999837548782398,152.5
500.0,11.918209391808771,24.547415177807046,152.5
500.0,11.736469391808772,53.29787083856834,250.0
500.0,12.225769391808772,44.49969518237231,152.5
500.0,12.225769391808772,44.49969518237231,152.5
500.0,11.918209391808771,76.40438499148418,152.5
500.0,11.736469391808772,142.80718009271226,250.0
500.0,11.918209391808771,190.34108720178708,152.5
500.0,11.918209391808771,190.34108720178708,152.5
500.0,11.918209391808771,190.34108720178708,152.5
500.0,11.736469391808772,319.0683128727452,250.0
500.0,12.836672237160492,1.1036726453950496,76.25
500.0,12.228542237160491,2.1953302091396787,76.25
500.0,11.92098223716049,4.343754294587768,100.0
500.0,11.739242237160491,10.528927454266409,250.0
500.0,12.836672237160492,4.343754294587768,76.25
500.0,12.228542237160491,8.508564659316917,76.25
500.0,11.92098223716049,16.363056830378138,100.0
500.0,11.739242237160491,36.94251809230322,250.0
500.0,12.836672237160492,24.547415177807046,76.25
500.0,12.228542237160491,44.49969518237231,76.25
500.0,11.92098223716049,76.40438499148418,100.0
500.0,11.739242237160491,142.80718009271226,250.0
500.0,12.228542237160491,123.6996886728805,76.25
500.0,12.228542237160491,123.6996886728805,76.25
500.0,11.92098223716049,190.34108720178708,100.0
500.0,11.739242237160491,319.0683128727452,250.0
500.0,11.92098223716049,409.9974826225198,100.0
500.0,11.92098223716049,409.9974826225198,100.0
500.0,11.92098223716049,409.9974826225198,100.0
500.0,11.739242237160491,658.8871478793795,250.0
500.0,12.84533298276123,6.707406976479507,30.5
500.0,12.23720298276123,12.999837548782398,50.0
500.0,11.92964298276123,24.547415177807046,100.0
500.0,11.74790298276123,53.29787083856834,250.0
500.0,12.84533298276123,24.547415177807046,30.5
500.0,12.23720298276123,44.49969518237231,50.0
500.0,11.92964298276123,76.40438499148418,100.0
500.0,11.74790298276123,142.80718009271226,250.0
500.0,12.84533298276123,104.87093992168818,30.5
500.0,12.23720298276123,164.06928135247702,50.0
500.0,11.92964298276123,246.21394286827942,100.0
500.0,11.74790298276123,404.90537039353825,250.0
500.0,12.23720298276123,359.71500222628725,50.0
500.0,12.23720298276123,359.71500222628725,50.0
500.0,11.92964298276123,517.4870740351276,100.0
500.0,11.74790298276123,826.8945346979189,250.0
500.0,11.92964298276123,1048.7464992904793,100.0
500.0,11.92964298276123,1048.7464992904793,100.0
500.0,11.92964298276123,1048.7464992904793,100.0
500.0,11.74790298276123,1662.6742630522524,250.0
500.0,12.860979611551501,24.547415177807046,25.0
500.0,12.252849611551502,44.49969518237231,50.0
500.0,11.945289611551502,76.40438499148418,100.0
500.0,11.763549611551502,142.80718009271226,250.0
500.0,12.860979611551501,76.40438499148418,25.0
500.0,12.252849611551502,123.6996886728805,50.0
500.0,11.945289611551502,190.34108720178708,100.0
500.0,11.763549611551502,319.0683128727452,250.0
500.0,12.860979611551501,246.21394286827942,25.0
500.0,12.252849611551502,359.71500222628725,50.0
500.0,11.945289611551502,517.4870740351276,100.0
500.0,11.763549611551502,826.8945346979189,250.0
500.0,12.252849611551502,738.2865188288207,50.0
500.0,12.252849611551502,738.2865188288207,50.0
500.0,11.945289611551502,1048.7464992904793,100.0
500.0,11.763549611551502,1662.6742630522524,250.0
500.0,11.945289611551502,2104.5527178956777,100.0
500.0,11.945289611551502,2104.5527178956777,100.0
500.0,11.945289611551502,2104.5527178956777,100.0
500.0,11.763549611551502,3329.8360571952003,250.0
500.0,12.889525125017094,65.23314959021985,25.0
500.0,12.281395125017093,107.48309644691217,50.0
500.0,11.973835125017095,167.72841907233297,100.0
500.0,11.792095125017093,284.4173916429226,250.0
500.0,12.889525125017094,167.72841907233297,25.0
500.0,12.281395125017093,251.26586521919367,50.0
500.0,11.973835125017095,366.71181614228146,100.0
500.0,11.792095125017093,591.4721283714651,250.0
500.0,12.889525125017094,463.8496024508264,25.0
500.0,12.281395125017093,663.0825835290534,50.0
500.0,11.973835125017095,942.8848035939548,100.0
500.0,11.792095125017093,1495.7769324213382,250.0
500.0,12.281395125017093,1337.1233223872948,50.0
500.0,12.281395125017093,1337.1233223872948,50.0
500.0,11.973835125017095,1893.5983374156276,100.0
500.0,11.792095125017093,2996.5360728380424,250.0
500.0,11.973835125017095,3791.1416045738947,100.0
500.0,11.973835125017095,3791.1416045738947,100.0
500.0,11.973835125017095,3791.1416045738947,100.0
500.0,11.792095125017093,5995.571038300291,250.0
500.0,14.057149391808771,0.2770608995681952,152.5
500.0,12.833899391808771,0.5533568214014624,152.5
500.0,12.225769391808772,1.1036726453950496,152.5
500.0,11.85529939180877,2.7367447249101193,250.0
500.0,14.057149391808771,1.1036726453950496,152.5
500.0,12.833899391808771,2.1953302091396787,152.5
500.0,12.225769391808772,4.343754294587768,152.5
500.0,11.85529939180877,10.528927454266409,250.0
500.0,14.057149391808771,6.707406976479507,152.5
500.0,12.833899391808771,12.999837548782398,152.5
500.0,12.225769391808772,24.547415177807046,152.5
500.0,11.85529939180877,53.29787083856834,250.0
500.0,12.833899391808771,44.49969518237231,152.5
500.0,12.833899391808771,44.49969518237231,152.5
500.0,12.225769391808772,76.40438499148418,152.5
500.0,11.85529939180877,142.80718009271226,250.0
500.0,12.225769391808772,190.34108720178708,152.5
500.0,12.225769391808772,190.34108720178708,152.5
500.0,12.225769391808772,190.34108720178708,152.5
500.0,11.85529939180877,319.0683128727452,250.0
500.0,14.059922237160492,1.1036726453950496,76.25
500.0,12.836672237160492,2.1953302091396787,76.25
500.0,12.228542237160491,4.343754294587768,100.0
500.0,11.858072237160492,10.528927454266409,250.0
500.0,14.059922237160492,4.343754294587768,76.25
500.0,12.836672237160492,8.508564659316917,76.25
500.0,12.228542237160491,16.363056830378138,100.0
500.0,11.858072237160492,36.94251809230322,250.0
500.0,14.059922237160492,24.547415177807046,76.25
500.0,12.836672237160492,44.49969518237231,76.25
500.0,12.228542237160491,76.40438499148418,100.0
500.0,11.858072237160492,142.80718009271226,250.0
500.0,12.836672237160492,123.6996886728805,76.25
500.0,12.836672237160492,123.6996886728805,76.25
500.0,12.228542237160491,190.34108720178708,100.0
500.0,11.858072237160492,319.0683128727452,250.0
500.0,12.228542237160491,409.9974826225198,100.0
500.0,12.228542237160491,409.9974826225198,100.0
500.0,12.228542237160491,409.9974826225198,100.0
500.0,11.858072237160492,658.8871478793795,250.0
500.0,14.06858298276123,6.707406976479507,30.5
500.0,12.84533298276123,12.999837548782398,50.0
500.0,12.23720298276123,24.547415177807046,100.0
500.0,11.86673298276123,53.29787083856834,250.0
500.0,14.06858298276123,24.547415177807046,30.5
500.0,12.84533298276123,44.49969518237231,50.0
500.0,12.23720298276123,76.40438499148418,100.0
500.0,11.86673298276123,142.80718009271226,250.0
500.0,14.06858298276123,104.87093992168818,30.5
500.0,12.84533298276123,164.06928135247702,50.0
500.0,12.23720298276123,246.21394286827942,100.0
500.0,11.86673298276123,404.90537039353825,250.0
500.0,12.84533298276123,359.71500222628725,50.0
500.0,12.84533298276123,359.71500222628725,50.0
500.0,12.23720298276123,517.4870740351276,100.0
500.0,11.86673298276123,826.8945346979189,250.0
500.0,12.23720298276123,1048.7464992904793,100.0
500.0,12.23720298276123,1048.7464992904793,100.0
500.0,12.23720298276123,1048.7464992904793,100.0
500.0,11.86673298276123,1662.6742630522524,250.0
500.0,14.084229611551502,24.547415177807046,25.0
500.0,12.860979611551501,44.49969518237231,50.0
500.0,12.252849611551502,76.40438499148418,100.0
500.0,11.882379611551501,142.80718009271226,250.0
500.0,14.084229611551502,76.40438499148418,25.0
500.0,12.860979611551501,123.6996886728805,50.0
500.0,12.252849611551502,190.34108720178708,100.0
500.0,11.882379611551501,319.0683128727452,250.0
500.0,14.084229611551502,246.21394286827942,25.0
500.0,12.860979611551501,359.71500222628725,50.0
500.0,12.252849611551502,517.4870740351276,100.0
500.0,11.882379611551501,826.8945346979189,250.0
500.0,12.860979611551501,738.2865188288207,50.0
500.0,12.860979611551501,738.2865188288207,50.0
500.0,12.252849611551502,1048.7464992904793,100.0
500.0,11.882379611551501,1662.6742630522524,250.0
500.0,12.252849611551502,2104.5527178956777,100.0
500.0,12.252849611551502,2104.5527178956777,100.0
500.0,12.252849611551502,2104.5527178956777,100.0
500.0,11.882379611551501,3329.8360571952003,250.0
500.0,14.112775125017095,65.23314959021985,25.0
500.0,12.889525125017094,107.48309644691217,50.0
500.0,12.281395125017093,167.72841907233297,100.0
500.0,11.910925125017094,284.4173916429226,250.0
500.0,14.112775125017095,167.72841907233297,25.0
500.0,12.889525125017094,251.26586521919367,50.0
500.0,12.281395125017093,366.71181614228146,100.0
500.0,11.910925125017094,591.4721283714651,250.0
500.0,14.112775125017095,463.8496024508264,25.0
500.0,12.889525125017094,663.0825835290534,50.0
500.0,12.281395125017093,942.8848035939548,100.0
500.0,11.910925125017094,1495.7769324213382,250.0
500.0,12.889525125017094,1337.1233223872948,50.0
500.0,12.889525125017094,1337.1233223872948,50.0
500.0,12.281395125017093,1893.5983374156276,100.0
500.0,11.910925125017094,2996.5360728380424,250.0
500.0,12.281395125017093,3791.1416045738947,100.0
500.0,12.281395125017093,3791.1416045738947,100.0
500.0,12.281395125017093,3791.1416045738947,100.0
500.0,11.910925125017094,5995.571038300291,250.0
500.0,16.496659391808773,0.2770608995681952,152.5
500.0,14.057149391808771,0.5533568214014624,152.5
500.0,12.833899391808771,1.1036726453950496,152.5
500.0,12.09994939180877,2.7367447249101193,250.0
500.0,16.496659391808773,1.1036726453950496,152.5
500.0,14.057149391808771,2.1953302091396787,152.5
500.0,12.833899391808771,4.343754294587768,152.5
500.0,12.09994939180877,10.528927454266409,250.0
500.0,16.496659391808773,6.707406976479507,152.5
500.0,14.057149391808771,12.999837548782398,152.5
500.0,12.833899391808771,24.547415177807046,152.5
500.0,12.09994939180877,53.29787083856834,250.0
500.0,14.057149391808771,44.49969518237231,152.5
500.0,14.057149391808771,44.49969518237231,152.5
500.0,12.833899391808771,76.40438499148418,152.5
500.0,12.09994939180877,142.80718009271226,250.0
500.0,12.833899391808771,190.34108720178708,152.5
500.0,12.833899391808771,190.34108720178708,152.5
500.0,12.833899391808771,190.34108720178708,152.5
500.0,12.09994939180877,319.0683128727452,250.0
500.0,16.49943223716049,1.1036726453950496,76.25
500.0,14.059922237160492,2.1953302091396787,76.25
500.0,12.836672237160492,4.343754294587768,100.0
500.0,12.102722237160492,10.528927454266409,250.0
500.0,16.49943223716049,4.343754294587768,76.25
500.0,14.059922237160492,8.508564659316917,76.25
500.0,12.836672237160492,16.363056830378138,100.0
500.0,12.102722237160492,36.94251809230322,250.0
500.0,16.49943223716049,24.547415177807046,76.25
500.0,14.059922237160492,44.49969518237231,76.25
500.0,12.836672237160492,76.40438499148418,100.0
500.0,12.102722237160492,142.80718009271226,250.0
500.0,14.059922237160492,123.6996886728805,76.25
500.0,14.059922237160492,123.6996886728805,76.25
500.0,12.836672237160492,190.34108720178708,100.0
500.0,12.102722237160492,319.0683128727452,250.0
500.0,12.836672237160492,409.9974826225198,100.0
500.0,12.836672237160492,409.9974826225198,100.0
500.0,12.836672237160492,409.9974826225198,100.0
500.0,12.102722237160492,658.8871478793795,250.0
500.0,16.50809298276123,6.707406976479507,30.5
500.0,14.06858298276123,12.999837548782398,50.0
500.0,12.84533298276123,24.547415177807046,100.0
500.0,12.11138298276123,53.29787083856834,250.0
500.0,16.50809298276123,24.547415177807046,30.5
500.0,14.06858298276123,44.49969518237231,50.0
500.0,12.84533298276123,76.40438499148418,100.0
500.0,12.11138298276123,142.80718009271226,250.0
500.0,16.50809298276123,104.87093992168818,30.5
500.0,14.06858298276123,164.06928135247702,50.0
500.0,12.84533298276123,246.21394286827942,100.0
500.0,12.11138298276123,404.90537039353825,250.0
500.0,14.06858298276123,359.71500222628725,50.0
500.0,14.06858298276123,359.71500222628725,50.0
500.0,12.84533298276123,517.4870740351276,100.0
500.0,12.11138298276123,826.8945346979189,250.0
500.0,12.84533298276123,1048.7464992904793,100.0
500.0,12.84533298276123,1048.7464992904793,100.0
500.0,12.84533298276123,1048.7464992904793,100.0
500.0,12.11138298276123,1662.6742630522524,250.0
500.0,16.523739611551502,24.547415177807046,25.0
500.0,14.084229611551502,44.49969518237231,50.0
500.0,12.860979611551501,76.40438499148418,100.0
500.0,12.127029611551501,142.80718009271226,250.0
500.0,16.523739611551502,76.40438499148418,25.0
500.0,14.084229611551502,123.6996886728805,50.0
500.0,12.860979611551501,190.34108720178708,100.0
500.0,12.127029611551501,319.0683128727452,250.0
500.0,16.523739611551502,246.21394286827942,25.0
500.0,14.084229611551502,359.71500222628725,50.0
500.0,12.860979611551501,517.4870740351276,100.0
500.0,12.127029611551501,826.8945346979189,250.0
500.0,14.084229611551502,738.2865188288207,50.0
500.0,14.084229611551502,738.2865188288207,50.0
500.0,12.860979611551501,1048.7464992904793,100.0
500.0,12.127029611551501,1662.6742630522524,250.0
500.0,12.860979611551501,2104.5527178956777,100.0
500.0,12.860979611551501,2104.5527178956777,100.0
500.0,12.860979611551501,2104.5527178956777,100.0
500.0,12.127029611551501,3329.8360571952003,250.0
500.0,16.552285125017093,65.23314959021985,25.0
500.0,14.112775125017095,107.48309644691217,50.0
500.0,12.889525125017094,167.72841907233297,100.0
500.0,12.155575125017094,284.4173916429226,250.0
500.0,16.552285125017093,167.72841907233297,25.0
500.0,14.112775125017095,251.26586521919367,50.0
500.0,12.889525125017094,366.71181614228146,100.0
500.0,12.155575125017094,591.4721283714651,250.0
500.0,16.552285125017093,463.8496024508264,25.0
500.0,14.112775125017095,663.0825835290534,50.0
500.0,12.889525125017094,942.8848035939548,100.0
500.0,12.155575125017094,1495.7769324213382,250.0
500.0,14.112775125017095,1337.1233223872948,50.0
500.0,14.112775125017095,1337.1233223872948,50.0
500.0,12.889525125017094,1893.5983374156276,100.0
500.0,12.155575125017094,2996.5360728380424,250.0
500.0,12.889525125017094,3791.1416045738947,100.0
500.0,12.889525125017094,3791.1416045738947,100.0
500.0,12.889525125017094,3791.1416045738947,100.0
500.0,12.155575125017094,5995.571038300291,250.0
500.0,23.815189391808772,0.2770608995681952,152.5
500.0,17.71291939180877,0.5533568214014624,152.5
500.0,14.665279391808772,1.1036726453950496,152.5
500.0,12.833899391808771,2.7367447249101193,250.0
500.0,23.815189391808772,1.1036726453950496,152.5
500.0,17.71291939180877,2.1953302091396787,152.5
500.0,14.665279391808772,4.343754294587768,152.5
500.0,12.833899391808771,10.528927454266409,250.0
500.0,23.815189391808772,6.707406976479507,152.5
500.0,17.71291939180877,12.999837548782398,152.5
500.0,14.665279391808772,24.547415177807046,152.5
500.0,12.833899391808771,53.29787083856834,250.0
500.0,17.71291939180877,44.49969518237231,152.5
500.0,17.71291939180877,44.49969518237231,152.5
500.0,14.665279391808772,76.40438499148418,152.5
500.0,12.833899391808771,142.80718009271226,250.0
500.0,14.665279391808772,190.34108720178708,152.5
500.0,14.665279391808772,190.34108720178708,152.5
500.0,14.665279391808772,190.34108720178708,152.5
500.0,12.833899391808771,319.0683128727452,250.0
500.0,23.817962237160494,1.1036726453950496,76.25
500.0,17.715692237160493,2.1953302091396787,76.25
500.0,14.668052237160492,4.343754294587768,100.0
500.0,12.836672237160492,10.528927454266409,250.0
500.0,23.817962237160494,4.343754294587768,76.25
500.0,17.715692237160493,8.508564659316917,76.25
500.0,14.668052237160492,16.363056830378138,100.0
500.0,12.836672237160492,36.94251809230322,250.0
500.0,23.817962237160494,24.547415177807046,76.25
500.0,17.715692237160493,44.49969518237231,76.25
500.0,14.668052237160492,76.40438499148418,100.0
500.0,12.836672237160492,142.80718009271226,250.0
500.0,17.715692237160493,123.6996886728805,76.25
500.0,17.715692237160493,123.6996886728805,76.25
500.0,14.668052237160492,190.34108720178708,100.0
500.0,12.836672237160492,319.0683128727452,250.0
500.0,14.668052237160492,409.9974826225198,100.0
500.0,14.668052237160492,409.9974826225198,100.0
500.0,14.668052237160492,409.9974826225198,100.0
500.0,12.836672237160492,658.8871478793795,250.0
500.0,23.82662298276123,6.707406976479507,30.5
500.0,17.724352982761232,12.999837548782398,50.0
500.0,14.67671298276123,24.547415177807046,100.0
500.0,12.84533298276123,53.29787083856834,250.0
500.0,23.82662298276123,24.547415177807046,30.5
500.0,17.724352982761232,44.49969518237231,50.0
500.0,14.67671298276123,76.40438499148418,100.0
500.0,12.84533298276123,142.80718009271226,250.0
500.0,23.82662298276123,104.87093992168818,30.5
500.0,17.724352982761232,164.06928135247702,50.0
500.0,14.67671298276123,246.21394286827942,100.0
500.0,12.84533298276123,404.90537039353825,250.0
500.0,17.724352982761232,359.71500222628725,50.0
500.0,17.724352982761232,359.71500222628725,50.0
500.0,14.67671298276123,517.4870740351276,100.0
500.0,12.84533298276123,826.8945346979189,250.0
500.0,14.67671298276123,1048.7464992904793,100.0
500.0,14.67671298276123,1048.7464992904793,100.0
500.0,14.67671298276123,1048.7464992904793,100.0
500.0,12.84533298276123,1662.6742630522524,250.0
500.0,23.8422696115515,24.547415177807046,25.0
500.0,17.739999611551504,44.49969518237231,50.0
500.0,14.692359611551502,76.40438499148418,100.0
500.0,12.860979611551501,142.80718009271226,250.0
500.0,23.8422696115515,76.40438499148418,25.0
500.0,17.739999611551504,123.6996886728805,50.0
500.0,14.692359611551502,190.34108720178708,100.0
500.0,12.860979611551501,319.0683128727452,250.0
500.0,23.8422696115515,246.21394286827942,25.0
500.0,17.739999611551504,359.71500222628725,50.0
500.0,14.692359611551502,517.4870740351276,100.0
500.0,12.860979611551501,826.8945346979189,250.0
500.0,17.739999611551504,738.2865188288207,50.0
500.0,17.739999611551504,738.2865188288207,50.0
500.0,14.692359611551502,1048.7464992904793,100.0
500.0,12.860979611551501,1662.6742630522524,250.0
500.0,14.692359611551502,2104.5527178956777,100.0
500.0,14.692359611551502,2104.5527178956777,100.0
500.0,14.692359611551502,2104.5527178956777,100.0
500.0,12.860979611551501,3329.8360571952003,250.0
500.0,23.870815125017096,65.23314959021985,25.0
500.0,17.768545125017095,107.48309644691217,50.0
500.0,14.720905125017094,167.72841907233297,100.0
500.0,12.889525125017094,284.4173916429226,250.0
500.0,23.870815125017096,167.72841907233297,25.0
500.0,17.768545125017095,251.26586521919367,50.0
500.0,14.720905125017094,366.71181614228146,100.0
500.0,12.889525125017094,591.4721283714651,250.0
500.0,23.870815125017096,463.8496024508264,25.0
500.0,17.768545125017095,663.0825835290534,50.0
500.0,14.720905125017094,942.8848035939548,100.0
500.0,12.889525125017094,1495.7769324213382,250.0
500.0,17.768545125017095,1337.1233223872948,50.0
500.0,17.768545125017095,1337.1233223872948,50.0
500.0,14.720905125017094,1893.5983374156276,100.0
500.0,12.889525125017094,2996.5360728380424,250.0
500.0,14.720905125017094,3791.1416045738947,100.0
500.0,14.720905125017094,3791.1416045738947,100.0
500.0,14.720905125017094,3791.1416045738947,100.0
500.0,12.889525125017094,5995.571038300291,250.0
500.0,12.174729704570698,0.03467461022688025,152.5
500.0,11.930079704570698,0.06933720237693361,152.5
500.0,11.811249704570699,0.1386263699114968,152.5
500.0,11.734359704570698,0.34620641081683806,152.5
500.0,12.174729704570698,0.1386263699114968,152.5
500.0,11.930079704570698,0.2770608995681952,152.5
500.0,11.811249704570699,0.5533568214014624,152.5
500.0,11.734359704570698,1.377701896396224,152.5
500.0,12.174729704570698,0.8632812452172549,152.5
500.0,11.930079704570698,1.7191895415925764,152.5
500.0,11.811249704570699,3.4094452834647346,152.5
500.0,11.734359704570698,8.317096627191704,152.5
500.0,11.930079704570698,6.707406976479507,152.5
500.0,11.930079704570698,6.707406976479507,152.5
500.0,11.811249704570699,12.999837548782398,152.5
500.0,11.734359704570698,29.88369708372231,152.5
500.0,11.811249704570699,44.49969518237231,152.5
500.0,11.811249704570699,44.49969518237231,152.5
500.0,11.811249704570699,44.49969518237231,152.5
500.0,11.734359704570698,89.7842598310105,152.5
500.0,12.179020078944593,0.1386263699114968,76.25
500.0,11.934370078944593,0.2770608995681952,76.25
500.0,11.815540078944592,0.5533568214014624,76.25
500.0,11.738650078944591,1.377701896396224,125.0
500.0,12.179020078944593,0.5533568214014624,76.25
500.0,11.934370078944593,1.1036726453950496,76.25
500.0,11.815540078944592,2.1953302091396787,76.25
500.0,11.738650078944591,5.401072545248698,125.0
500.0,12.179020078944593,3.4094452834647346,76.25
500.0,11.934370078944593,6.707406976479507,76.25
500.0,11.815540078944592,12.999837548782398,76.25
500.0,11.738650078944591,29.88369708372231,125.0
500.0,11.934370078944593,24.547415177807046,76.25
500.0,11.934370078944593,24.547415177807046,76.25
500.0,11.815540078944592,44.49969518237231,76.25
500.0,11.738650078944591,89.7842598310105,125.0
500.0,11.815540078944592,123.6996886728805,76.25
500.0,11.815540078944592,123.6996886728805,76.25
500.0,11.815540078944592,123.6996886728805,76.25
500.0,11.738650078944591,216.83166262918098,125.0
500.0,12.19242069681936,0.8632812452172549,30.5
500.0,11.94777069681936,1.7191895415925764,30.5
500.0,11.82894069681936,3.4094452834647346,50.0
500.0,11.75205069681936,8.317096627191704,125.0
500.0,12.19242069681936,3.4094452834647346,30.5
500.0,11.94777069681936,6.707406976479507,30.5
500.0,11.82894069681936,12.999837548782398,50.0
500.0,11.75205069681936,29.88369708372231,125.0
500.0,12.19242069681936,19.65013455409235,30.5
500.0,11.94777069681936,36.20736072066549,30.5
500.0,11.82894069681936,63.453111463367506,50.0
500.0,11.75205069681936,121.78839909494921,125.0
500.0,11.94777069681936,104.87093992168818,30.5
500.0,11.94777069681936,104.87093992168818,30.5
500.0,11.82894069681936,164.06928135247702,50.0
500.0,11.75205069681936,278.8111645921395,125.0
500.0,11.82894069681936,359.71500222628725,50.0
500.0,11.82894069681936,359.71500222628725,50.0
500.0,11.82894069681936,359.71500222628725,50.0
500.0,11.75205069681936,580.5914984558938,125.0
500.0,12.216630447701421,3.4094452834647346,15.25
500.0,11.971980447701421,6.707406976479507,25.0
500.0,11.85315044770142,12.999837548782398,50.0
500.0,11.776260447701421,29.88369708372231,125.0
500.0,12.216630447701421,12.999837548782398,15.25
500.0,11.971980447701421,24.547415177807046,25.0
500.0,11.85315044770142,44.49969518237231,50.0
500.0,11.776260447701421,89.7842598310105,125.0
500.0,12.216630447701421,63.453111463367506,15.25
500.0,11.971980447701421,104.87093992168818,25.0
500.0,11.85315044770142,164.06928135247702,50.0
500.0,11.776260447701421,278.8111645921395,125.0
500.0,11.971980447701421,246.21394286827942,25.0
500.0,11.971980447701421,246.21394286827942,25.0
500.0,11.85315044770142,359.71500222628725,50.0
500.0,11.776260447701421,580.5914984558938,125.0
500.0,11.85315044770142,738.2865188288207,50.0
500.0,11.85315044770142,738.2865188288207,50.0
500.0,11.85315044770142,738.2865188288207,50.0
500.0,11.776260447701421,1173.582747861788,125.0
500.0,12.260798413789564,10.65388962218833,12.5
500.0,12.016148413789564,20.306806658551352,25.0
500.0,11.897318413789565,37.33263439653407,50.0
500.0,11.820428413789564,77.1063598278213,125.0
500.0,12.260798413789564,37.33263439653407,12.5
500.0,12.016148413789564,65.23314959021985,25.0
500.0,11.897318413789565,107.48309644691217,50.0
500.0,11.820428413789564,191.74475858858398,125.0
500.0,12.260798413789564,143.9325371103455,12.5
500.0,12.016148413789564,218.388596877467,25.0
500.0,11.897318413789565,321.2202394757153,50.0
500.0,11.820428413789564,520.8231817987607,125.0
500.0,12.016148413789564,463.8496024508264,25.0
500.0,12.016148413789564,463.8496024508264,25.0
500.0,11.897318413789565,663.0825835290534,50.0
500.0,11.820428413789564,1055.3389862723257,125.0
500.0,11.897318413789565,1337.1233223872948,50.0
500.0,11.897318413789565,1337.1233223872948,50.0
500.0,11.897318413789565,1337.1233223872948,50.0
500.0,11.820428413789564,2117.6947044741296,125.0
500.0,12.664029704570698,0.03467461022688025,152.5
500.0,12.174729704570698,0.06933720237693361,152.5
500.0,11.930079704570698,0.1386263699114968,152.5
500.0,11.783289704570699,0.34620641081683806,152.5
500.0,12.664029704570698,0.1386263699114968,152.5
500.0,12.174729704570698,0.2770608995681952,152.5
500.0,11.930079704570698,0.5533568214014624,152.5
500.0,11.783289704570699,1.377701896396224,152.5
500.0,12.664029704570698,0.8632812452172549,152.5
500.0,12.174729704570698,1.7191895415925764,152.5
500.0,11.930079704570698,3.4094452834647346,152.5
500.0,11.783289704570699,8.317096627191704,152.5
500.0,12.174729704570698,6.707406976479507,152.5
500.0,12.174729704570698,6.707406976479507,152.5
500.0,11.930079704570698,12.999837548782398,152.5
500.0,11.783289704570699,29.88369708372231,152.5
500.0,11.930079704570698,44.49969518237231,152.5
500.0,11.930079704570698,44.49969518237231,152.5
500.0,11.930079704570698,44.49969518237231,152.5
500.0,11.783289704570699,89.7842598310105,152.5
500.0,12.668320078944593,0.1386263699114968,76.25
500.0,12.179020078944593,0.2770608995681952,76.25
500.0,11.934370078944593,0.5533568214014624,76.25
500.0,11.787580078944591,1.377701896396224,125.0
500.0,12.668320078944593,0.5533568214014624,76.25
500.0,12.179020078944593,1.1036726453950496,76.25
500.0,11.934370078944593,2.1953302091396787,76.25
500.0,11.787580078944591,5.401072545248698,125.0
500.0,12.668320078944593,3.4094452834647346,76.25
500.0,12.179020078944593,6.707406976479507,76.25
500.0,11.934370078944593,12.999837548782398,76.25
500.0,11.787580078944591,29.88369708372231,125.0
500.0,12.179020078944593,24.547415177807046,76.25
500.0,12.179020078944593,24.547415177807046,76.25
500.0,11.934370078944593,44.49969518237231,76.25
500.0,11.787580078944591,89.7842598310105,125.0
500.0,11.934370078944593,123.6996886728805,76.25
500.0,11.934370078944593,123.6996886728805,76.25
500.0,11.934370078944593,123.6996886728805,76.25
500.0,11.787580078944591,216.83166262918098,125.0
500.0,12.68172069681936,0.8632812452172549,30.5
500.0,12.19242069681936,1.7191895415925764,30.5
500.0,11.94777069681936,3.4094452834647346,50.0
500.0,11.80098069681936,8.317096627191704,125.0
500.0,12.68172069681936,3.4094452834647346,30.5
500.0,12.19242069681936,6.707406976479507,30.5
500.0,11.94777069681936,12.999837548782398,50.0
500.0,11.80098069681936,29.88369708372231,125.0
500.0,12.68172069681936,19.65013455409235,30.5
500.0,12.19242069681936,36.20736072066549,30.5
500.0,11.94777069681936,63.453111463367506,50.0
500.0,11.80098069681936,121.78839909494921,125.0
500.0,12.19242069681936,104.87093992168818,30.5
500.0,12.19242069681936,104.87093992168818,30.5
500.0,11.94777069681936,164.06928135247702,50.0
500.0,11.80098069681936,278.8111645921395,125.0
500.0,11.94777069681936,359.71500222628725,50.0
500.0,11.94777069681936,359.71500222628725,50.0
500.0,11.94777069681936,359.71500222628725,50.0
500.0,11.80098069681936,580.5914984558938,125.0
500.0,12.705930447701421,3.4094452834647346,15.25
500.0,12.216630447701421,6.707406976479507,25.0
500.0,11.971980447701421,12.999837548782398,50.0
500.0,11.825190447701422,29.88369708372231,125.0
500.0,12.705930447701421,12.999837548782398,15.25
500.0,12.216630447701421,24.547415177807046,25.0
500.0,11.971980447701421,44.49969518237231,50.0
500.0,11.825190447701422,89.7842598310105,125.0
500.0,12.705930447701421,63.453111463367506,15.25
500.0,12.216630447701421,104.87093992168818,25.0
500.0,11.971980447701421,164.06928135247702,50.0
500.0,11.825190447701422,278.8111645921395,125.0
500.0,12.216630447701421,246.21394286827942,25.0
500.0,12.216630447701421,246.21394286827942,25.0
500.0,11.971980447701421,359.71500222628725,50.0
500.0,11.825190447701422,580.5914984558938,125.0
500.0,11.971980447701421,738.2865188288207,50.0
500.0,11.971980447701421,738.2865188288207,50.0
500.0,11.971980447701421,738.2865188288207,50.0
500.0,11.825190447701422,1173.582747861788,125.0
500.0,12.750098413789564,10.65388962218833,12.5
500.0,12.260798413789564,20.306806658551352,25.0
500.0,12.016148413789564,37.33263439653407,50.0
500.0,11.869358413789564,77.1063598278213,125.0
500.0,12.750098413789564,37.33263439653407,12.5
500.0,12.260798413789564,65.23314959021985,25.0
500.0,12.016148413789564,107.48309644691217,50.0
500.0,11.869358413789564,191.74475858858398,125.0
500.0,12.750098413789564,143.9325371103455,12.5
500.0,12.260798413789564,218.388596877467,25.0
500.0,12.016148413789564,321.2202394757153,50.0
500.0,11.869358413789564,520.8231817987607,125.0
500.0,12.260798413789564,463.8496024508264,25.0
500.0,12.260798413789564,463.8496024508264,25.0
500.0,12.016148413789564,663.0825835290534,50.0
500.0,11.869358413789564,1055.3389862723257,125.0
500.0,12.016148413789564,1337.1233223872948,50.0
500.0,12.016148413789564,1337.1233223872948,50.0
500.0,12.016148413789564,1337.1233223872948,50.0
500.0,11.869358413789564,2117.6947044741296,125.0
500.0,14.131929704570698,0.03467461022688025,152.5
500.0,12.908679704570698,0.06933720237693361,152.5
500.0,12.300549704570697,0.1386263699114968,152.5
500.0,11.930079704570698,0.34620641081683806,152.5
500.0,14.131929704570698,0.1386263699114968,152.5
500.0,12.908679704570698,0.2770608995681952,152.5
500.0,12.300549704570697,0.5533568214014624,152.5
500.0,11.930079704570698,1.377701896396224,152.5
500.0,14.131929704570698,0.8632812452172549,152.5
500.0,12.908679704570698,1.7191895415925764,152.5
500.0,12.300549704570697,3.4094452834647346,152.5
500.0,11.930079704570698,8.317096627191704,152.5
500.0,12.908679704570698,6.707406976479507,152.5
500.0,12.908679704570698,6.707406976479507,152.5
500.0,12.300549704570697,12.999837548782398,152.5
500.0,11.930079704570698,29.88369708372231,152.5
500.0,12.300549704570697,44.49969518237231,152.5
500.0,12.300549704570697,44.49969518237231,152.5
500.0,12.300549704570697,44.49969518237231,152.5
500.0,11.930079704570698,89.7842598310105,152.5
500.0,14.136220078944593,0.1386263699114968,76.25
500.0,12.912970078944593,0.2770608995681952,76.25
500.0,12.304840078944592,0.5533568214014624,76.25
500.0,11.934370078944593,1.377701896396224,125.0
500.0,14.136220078944593,0.5533568214014624,76.25
500.0,12.912970078944593,1.1036726453950496,76.25
500.0,12.304840078944592,2.1953302091396787,76.25
500.0,11.934370078944593,5.401072545248698,125.0
500.0,14.136220078944593,3.4094452834647346,76.25
500.0,12.912970078944593,6.707406976479507,76.25
500.0,12.304840078944592,12.999837548782398,76.25
500.0,11.934370078944593,29.88369708372231,125.0
500.0,12.912970078944593,24.547415177807046,76.25
500.0,12.912970078944593,24.547415177807046,76.25
500.0,12.304840078944592,44.49969518237231,76.25
500.0,11.934370078944593,89.7842598310105,125.0
500.0,12.304840078944592,123.6996886728805,76.25
500.0,12.304840078944592,123.6996886728805,76.25
500.0,12.304840078944592,123.6996886728805,76.25
500.0,11.934370078944593,216.83166262918098,125.0
500.0,14.14962069681936,0.8632812452172549,30.5
500.0,12.92637069681936,1.7191895415925764,30.5
500.0,12.31824069681936,3.4094452834647346,50.0
500.0,11.94777069681936,8.317096627191704,125.0
500.0,14.14962069681936,3.4094452834647346,30.5
500.0,12.92637069681936,6.707406976479507,30.5
500.0,12.31824069681936,12.999837548782398,50.0
500.0,11.94777069681936,29.88369708372231,125.0
500.0,14.14962069681936,19.65013455409235,30.5
500.0,12.92637069681936,36.20736072066549,30.5
500.0,12.31824069681936,63.453111463367506,50.0
500.0,11.94777069681936,121.78839909494921,125.0
500.0,12.92637069681936,104.87093992168818,30.5
500.0,12.92637069681936,104.87093992168818,30.5
500.0,12.31824069681936,164.06928135247702,50.0
500.0,11.94777069681936,278.8111645921395,125.0
500.0,12.31824069681936,359.71500222628725,50.0
500.0,12.31824069681936,359.71500222628725,50.0
500.0,12.31824069681936,359.71500222628725,50.0
500.0,11.94777069681936,580.5914984558938,125.0
500.0,14.173830447701421,3.4094452834647346,15.25
500.0,12.950580447701421,6.707406976479507,25.0
500.0,12.34245044770142,12.999837548782398,50.0
500.0,11.971980447701421,29.88369708372231,125.0
500.0,14.173830447701421,12.999837548782398,15.25
500.0,12.950580447701421,24.547415177807046,25.0
500.0,12.34245044770142,44.49969518237231,50.0
500.0,11.971980447701421,89.7842598310105,125.0
500.0,14.173830447701421,63.453111463367506,15.25
500.0,12.950580447701421,104.87093992168818,25.0
500.0,12.34245044770142,164.06928135247702,50.0
500.0,11.971980447701421,278.8111645921395,125.0
500.0,12.950580447701421,246.21394286827942,25.0
500.0,12.950580447701421,246.21394286827942,25.0
500.0,12.34245044770142,359.71500222628725,50.0
500.0,11.971980447701421,580.5914984558938,125.0
500.0,12.34245044770142,738.2865188288207,50.0
500.0,12.34245044770142,738.2865188288207,50.0
500.0,12.34245044770142,738.2865188288207,50.0
500.0,11.971980447701421,1173.582747861788,125.0
500.0,14.217998413789564,10.65388962218833,12.5
500.0,12.994748413789564,20.306806658551352,25.0
500.0,12.386618413789565,37.33263439653407,50.0
500.0,12.016148413789564,77.1063598278213,125.0
500.0,14.217998413789564,37.33263439653407,12.5
500.0,12.994748413789564,65.23314959021985,25.0
500.0,12.386618413789565,107.48309644691217,50.0
500.0,12.016148413789564,191.74475858858398,125.0
500.0,14.217998413789564,143.9325371103455,12.5
500.0,12.994748413789564,218.388596877467,25.0
500.0,12.386618413789565,321.2202394757153,50.0
500.0,12.016148413789564,520.8231817987607,125.0
500.0,12.994748413789564,463.8496024508264,25.0
500.0,12.994748413789564,463.8496024508264,25.0
500.0,12.386618413789565,663.0825835290534,50.0
500.0,12.016148413789564,1055.3389862723257,125.0
500.0,12.386618413789565,1337.1233223872948,50.0
500.0,12.386618413789565,1337.1233223872948,50.0
500.0,12.386618413789565,1337.1233223872948,50.0
500.0,12.016148413789564,2117.6947044741296,125.0
500.0,16.5714397045707,0.03467461022688025,152.5
500.0,14.131929704570698,0.06933720237693361,152.5
500.0,12.908679704570698,0.1386263699114968,152.5
500.0,12.174729704570698,0.34620641081683806,152.5
500.0,16.5714397045707,0.1386263699114968,152.5
500.0,14.131929704570698,0.2770608995681952,152.5
500.0,12.908679704570698,0.5533568214014624,152.5
500.0,12.174729704570698,1.377701896396224,152.5
500.0,16.5714397045707,0.8632812452172549,152.5
500.0,14.131929704570698,1.7191895415925764,152.5
500.0,12.908679704570698,3.4094452834647346,152.5
500.0,12.174729704570698,8.317096627191704,152.5
500.0,14.131929704570698,6.707406976479507,152.5
500.0,14.131929704570698,6.707406976479507,152.5
500.0,12.908679704570698,12.999837548782398,152.5
500.0,12.174729704570698,29.88369708372231,152.5
500.0,12.908679704570698,44.49969518237231,152.5
500.0,12.908679704570698,44.49969518237231,152.5
500.0,12.908679704570698,44.49969518237231,152.5
500.0,12.174729704570698,89.7842598310105,152.5
500.0,16.575730078944595,0.1386263699114968,76.25
500.0,14.136220078944593,0.2770608995681952,76.25
500.0,12.912970078944593,0.5533568214014624,76.25
500.0,12.179020078944593,1.377701896396224,125.0
500.0,16.575730078944595,0.5533568214014624,76.25
500.0,14.136220078944593,1.1036726453950496,76.25
500.0,12.912970078944593,2.1953302091396787,76.25
500.0,12.179020078944593,5.401072545248698,125.0
500.0,16.575730078944595,3.4094452834647346,76.25
500.0,14.136220078944593,6.707406976479507,76.25
500.0,12.912970078944593,12.999837548782398,76.25
500.0,12.179020078944593,29.88369708372231,125.0
500.0,14.136220078944593,24.547415177807046,76.25
500.0,14.136220078944593,24.547415177807046,76.25
500.0,12.912970078944593,44.49969518237231,76.25
500.0,12.179020078944593,89.7842598310105,125.0
500.0,12.912970078944593,123.6996886728805,76.25
500.0,12.912970078944593,123.6996886728805,76.25
500.0,12.912970078944593,123.6996886728805,76.25
500.0,12.179020078944593,216.83166262918098,125.0
500.0,16.58913069681936,0.8632812452172549,30.5
500.0,14.14962069681936,1.7191895415925764,30.5
500.0,12.92637069681936,3.4094452834647346,50.0
500.0,12.19242069681936,8.317096627191704,125.0
500.0,16.58913069681936,3.4094452834647346,30.5
500.0,14.14962069681936,6.707406976479507,30.5
500.0,12.92637069681936,12.999837548782398,50.0
500.0,12.19242069681936,29.88369708372231,125.0
500.0,16.58913069681936,19.65013455409235,30.5
500.0,14.14962069681936,36.20736072066549,30.5
500.0,12.92637069681936,63.453111463367506,50.0
500.0,12.19242069681936,121.78839909494921,125.0
500.0,14.14962069681936,104.87093992168818,30.5
500.0,14.14962069681936,104.87093992168818,30.5
500.0,12.92637069681936,164.06928135247702,50.0
500.0,12.19242069681936,278.8111645921395,125.0
500.0,12.92637069681936,359.71500222628725,50.0
500.0,12.92637069681936,359.71500222628725,50.0
500.0,12.92637069681936,359.71500222628725,50.0
500.0,12.19242069681936,580.5914984558938,125.0
500.0,16.61334044770142,3.4094452834647346,15.25
500.0,14.173830447701421,6.707406976479507,25.0
500.0,12.950580447701421,12.999837548782398,50.0
500.0,12.216630447701421,29.88369708372231,125.0
500.0,16.61334044770142,12.999837548782398,15.25
500.0,14.173830447701421,24.547415177807046,25.0
500.0,12.950580447701421,44.49969518237231,50.0
500.0,12.216630447701421,89.7842598310105,125.0
500.0,16.61334044770142,63.453111463367506,15.25
500.0,14.173830447701421,104.87093992168818,25.0
500.0,12.950580447701421,164.06928135247702,50.0
500.0,12.216630447701421,278.8111645921395,125.0
500.0,14.173830447701421,246.21394286827942,25.0
500.0,14.173830447701421,246.21394286827942,25.0
500.0,12.950580447701421,359.71500222628725,50.0
500.0,12.216630447701421,580.5914984558938,125.0
500.0,12.950580447701421,738.2865188288207,50.0
500.0,12.950580447701421,738.2865188288207,50.0
500.0,12.950580447701421,738.2865188288207,50.0
500.0,12.216630447701421,1173.582747861788,125.0
500.0,16.657508413789564,10.65388962218833,12.5
500.0,14.217998413789564,20.306806658551352,25.0
500.0,12.994748413789564,37.33263439653407,50.0
500.0,12.260798413789564,77.1063598278213,125.0
500.0,16.657508413789564,37.33263439653407,12.5
500.0,14.217998413789564,65.23314959021985,25.0
500.0,12.994748413789564,107.48309644691217,50.0
500.0,12.260798413789564,191.74475858858398,125.0
500.0,16.657508413789564,143.9325371103455,12.5
500.0,14.217998413789564,218.388596877467,25.0
500.0,12.994748413789564,321.2202394757153,50.0
500.0,12.260798413789564,520.8231817987607,125.0
500.0,14.217998413789564,463.8496024508264,25.0
500.0,14.217998413789564,463.8496024508264,25.0
500.0,12.994748413789564,663.0825835290534,50.0
500.0,12.260798413789564,1055.3389862723257,125.0
500.0,12.994748413789564,1337.1233223872948,50.0
500.0,12.994748413789564,1337.1233223872948,50.0
500.0,12.994748413789564,1337.1233223872948,50.0
500.0,12.260798413789564,2117.6947044741296,125.0
500.0,21.450459704570697,0.03467461022688025,152.5
500.0,16.5714397045707,0.06933720237693361,152.5
500.0,14.131929704570698,0.1386263699114968,152.5
500.0,12.664029704570698,0.34620641081683806,152.5
500.0,21.450459704570697,0.1386263699114968,152.5
500.0,16.5714397045707,0.2770608995681952,152.5
500.0,14.131929704570698,0.5533568214014624,152.5
500.0,12.664029704570698,1.377701896396224,152.5
500.0,21.450459704570697,0.8632812452172549,152.5
500.0,16.5714397045707,1.7191895415925764,152.5
500.0,14.131929704570698,3.4094452834647346,152.5
500.0,12.664029704570698,8.317096627191704,152.5
500.0,16.5714397045707,6.707406976479507,152.5
500.0,16.5714397045707,6.707406976479507,152.5
500.0,14.131929704570698,12.999837548782398,152.5
500.0,12.664029704570698,29.88369708372231,152.5
500.0,14.131929704570698,44.49969518237231,152.5
500.0,14.131929704570698,44.49969518237231,152.5
500.0,14.131929704570698,44.49969518237231,152.5
500.0,12.664029704570698,89.7842598310105,152.5
500.0,21.454750078944592,0.1386263699114968,76.25
500.0,16.575730078944595,0.2770608995681952,76.25
500.0,14.136220078944593,0.5533568214014624,76.25
500.0,12.668320078944593,1.377701896396224,125.0
500.0,21.454750078944592,0.5533568214014624,76.25
500.0,16.575730078944595,1.1036726453950496,76.25
500.0,14.136220078944593,2.1953302091396787,76.25
500.0,12.668320078944593,5.401072545248698,125.0
500.0,21.454750078944592,3.4094452834647346,76.25
500.0,16.575730078944595,6.707406976479507,76.25
500.0,14.136220078944593,12.999837548782398,76.25
500.0,12.668320078944593,29.88369708372231,125.0
500.0,16.575730078944595,24.547415177807046,76.25
500.0,16.575730078944595,24.547415177807046,76.25
500.0,14.136220078944593,44.49969518237231,76.25
500.0,12.668320078944593,89.7842598310105,125.0
500.0,14.136220078944593,123.6996886728805,76.25
500.0,14.136220078944593,123.6996886728805,76.25
500.0,14.136220078944593,123.6996886728805,76.25
500.0,12.668320078944593,216.83166262918098,125.0
500.0,21.46815069681936,0.8632812452172549,30.5
500.0,16.58913069681936,1.7191895415925764,30.5
500.0,14.14962069681936,3.4094452834647346,50.0
500.0,12.68172069681936,8.317096627191704,125.0
500.0,21.46815069681936,3.4094452834647346,30.5
500.0,16.58913069681936,6.707406976479507,30.5
500.0,14.14962069681936,12.999837548782398,50.0
500.0,12.68172069681936,29.88369708372231,125.0
500.0,21.46815069681936,19.65013455409235,30.5
500.0,16.58913069681936,36.20736072066549,30.5
500.0,14.14962069681936,63.453111463367506,50.0
500.0,12.68172069681936,121.78839909494921,125.0
500.0,16.58913069681936,104.87093992168818,30.5
500.0,16.58913069681936,104.87093992168818,30.5
500.0,14.14962069681936,164.06928135247702,50.0
500.0,12.68172069681936,278.8111645921395,125.0
500.0,14.14962069681936,359.71500222628725,50.0
500.0,14.14962069681936,359.71500222628725,50.0
500.0,14.14962069681936,359.71500222628725,50.0
500.0,12.68172069681936,580.5914984558938,125.0
500.0,21.492360447701422,3.4094452834647346,15.25
500.0,16.61334044770142,6.707406976479507,25.0
500.0,14.173830447701421,12.999837548782398,50.0
500.0,12.705930447701421,29.88369708372231,125.0
500.0,21.492360447701422,12.999837548782398,15.25
500.0,16.61334044770142,24.547415177807046,25.0
500.0,14.173830447701421,44.49969518237231,50.0
500.0,12.705930447701421,89.7842598310105,125.0
500.0,21.492360447701422,63.453111463367506,15.25
500.0,16.61334044770142,104.87093992168818,25.0
500.0,14.173830447701421,164.06928135247702,50.0
500.0,12.705930447701421,278.8111645921395,125.0
500.0,16.61334044770142,246.21394286827942,25.0
500.0,16.61334044770142,246.21394286827942,25.0
500.0,14.173830447701421,359.71500222628725,50.0
500.0,12.705930447701421,580.5914984558938,125.0
500.0,14.173830447701421,738.2865188288207,50.0
500.0,14.173830447701421,738.2865188288207,50.0
500.0,14.173830447701421,738.2865188288207,50.0
500.0,12.705930447701421,1173.582747861788,125.0
500.0,21.536528413789565,10.65388962218833,12.5
500.0,16.657508413789564,20.306806658551352,25.0
500.0,14.217998413789564,37.33263439653407,50.0
500.0,12.750098413789564,77.1063598278213,125.0
500.0,21.536528413789565,37.33263439653407,12.5
500.0,16.657508413789564,65.23314959021985,25.0
500.0,14.217998413789564,107.48309644691217,50.0
500.0,12.750098413789564,191.74475858858398,125.0
500.0,21.536528413789565,143.9325371103455,12.5
500.0,16.657508413789564,218.388596877467,25.0
500.0,14.217998413789564,321.2202394757153,50.0
500.0,12.750098413789564,520.8231817987607,125.0
500.0,16.657508413789564,463.8496024508264,25.0
500.0,16.657508413789564,463.8496024508264,25.0
500.0,14.217998413789564,663.0825835290534,50.0
500.0,12.750098413789564,1055.3389862723257,125.0
500.0,14.217998413789564,1337.1233223872948,50.0
500.0,14.217998413789564,1337.1233223872948,50.0
500.0,14.217998413789564,1337.1233223872948,50.0
500.0,12.750098413789564,2117.6947044741296,125.0
500.0,36.087519704570695,0.03467461022688025,152.5
500.0,23.889969704570696,0.06933720237693361,152.5
500.0,17.7876997045707,0.1386263699114968,152.5
500.0,14.131929704570698,0.34620641081683806,152.5
500.0,36.087519704570695,0.1386263699114968,152.5
500.0,23.889969704570696,0.2770608995681952,152.5
500.0,17.7876997045707,0.5533568214014624,152.5
500.0,14.131929704570698,1.377701896396224,152.5
500.0,36.087519704570695,0.8632812452172549,152.5
500.0,23.889969704570696,1.7191895415925764,152.5
500.0,17.7876997045707,3.4094452834647346,152.5
500.0,14.131929704570698,8.317096627191704,152.5
500.0,23.889969704570696,6.707406976479507,152.5
500.0,23.889969704570696,6.707406976479507,152.5
500.0,17.7876997045707,12.999837548782398,152.5
500.0,14.131929704570698,29.88369708372231,152.5
500.0,17.7876997045707,44.49969518237231,152.5
500.0,17.7876997045707,44.49969518237231,152.5
500.0,17.7876997045707,44.49969518237231,152.5
500.0,14.131929704570698,89.7842598310105,152.5
500.0,36.09181007894459,0.1386263699114968,76.25
500.0,23.89426007894459,0.2770608995681952,76.25
500.0,17.791990078944593,0.5533568214014624,76.25
500.0,14.136220078944593,1.377701896396224,125.0
500.0,36.09181007894459,0.5533568214014624,76.25
500.0,23.89426007894459,1.1036726453950496,76.25
500.0,17.791990078944593,2.1953302091396787,76.25
500.0,14.136220078944593,5.401072545248698,125.0
500.0,36.09181007894459,3.4094452834647346,76.25
500.0,23.89426007894459,6.707406976479507,76.25
500.0,17.791990078944593,12.999837548782398,76.25
500.0,14.136220078944593,29.88369708372231,125.0
500.0,23.89426007894459,24.547415177807046,76.25
500.0,23.89426007894459,24.547415177807046,76.25
500.0,17.791990078944593,44.49969518237231,76.25
500.0,14.136220078944593,89.7842598310105,125.0
500.0,17.791990078944593,123.6996886728805,76.25
500.0,17.791990078944593,123.6996886728805,76.25
500.0,17.791990078944593,123.6996886728805,76.25
500.0,14.136220078944593,216.83166262918098,125.0
500.0,36.105210696819356,0.8632812452172549,30.5
500.0,23.90766069681936,1.7191895415925764,30.5
500.0,17.80539069681936,3.4094452834647346,50.0
500.0,14.14962069681936,8.317096627191704,125.0
500.0,36.105210696819356,3.4094452834647346,30.5
500.0,23.90766069681936,6.707406976479507,30.5
500.0,17.80539069681936,12.999837548782398,50.0
500.0,14.14962069681936,29.88369708372231,125.0
500.0,36.105210696819356,19.65013455409235,30.5
500.0,23.90766069681936,36.20736072066549,30.5
500.0,17.80539069681936,63.453111463367506,50.0
500.0,14.14962069681936,121.78839909494921,125.0
500.0,23.90766069681936,104.87093992168818,30.5
500.0,23.90766069681936,104.87093992168818,30.5
500.0,17.80539069681936,164.06928135247702,50.0
500.0,14.14962069681936,278.8111645921395,125.0
500.0,17.80539069681936,359.71500222628725,50.0
500.0,17.80539069681936,359.71500222628725,50.0
500.0,17.80539069681936,359.71500222628725,50.0
500.0,14.14962069681936,580.5914984558938,125.0
500.0,36.12942044770142,3.4094452834647346,15.25
500.0,23.93187044770142,6.707406976479507,25.0
500.0,17.829600447701424,12.999837548782398,50.0
500.0,14.173830447701421,29.88369708372231,125.0
500.0,36.12942044770142,12.999837548782398,15.25
500.0,23.93187044770142,24.547415177807046,25.0
500.0,17.829600447701424,44.49969518237231,50.0
500.0,14.173830447701421,89.7842598310105,125.0
500.0,36.12942044770142,63.453111463367506,15.25
500.0,23.93187044770142,104.87093992168818,25.0
500.0,17.829600447701424,164.06928135247702,50.0
500.0,14.173830447701421,278.8111645921395,125.0
500.0,23.93187044770142,246.21394286827942,25.0
500.0,23.93187044770142,246.21394286827942,25.0
500.0,17.829600447701424,359.71500222628725,50.0
500.0,14.173830447701421,580.5914984558938,125.0
500.0,17.829600447701424,738.2865188288207,50.0
500.0,17.829600447701424,738.2865188288207,50.0
500.0,17.829600447701424,738.2865188288207,50.0
500.0,14.173830447701421,1173.582747861788,125.0
500.0,36.17358841378956,10.65388962218833,12.5
500.0,23.976038413789563,20.306806658551352,25.0
500.0,17.873768413789563,37.33263439653407,50.0
500.0,14.217998413789564,77.1063598278213,125.0
500.0,36.17358841378956,37.33263439653407,12.5
500.0,23.976038413789563,65.23314959021985,25.0
500.0,17.873768413789563,107.48309644691217,50.0
500.0,14.217998413789564,191.74475858858398,125.0
500.0,36.17358841378956,143.9325371103455,12.5
500.0,23.976038413789563,218.388596877467,25.0
500.0,17.873768413789563,321.2202394757153,50.0
500.0,14.217998413789564,520.8231817987607,125.0
500.0,23.976038413789563,463.8496024508264,25.0
500.0,23.976038413789563,463.8496024508264,25.0
500.0,17.873768413789563,663.0825835290534,50.0
500.0,14.217998413789564,1055.3389862723257,125.0
500.0,17.873768413789563,1337.1233223872948,50.0
500.0,17.873768413789563,1337.1233223872948,50.0
500.0,17.873768413789563,1337.1233223872948,50.0
500.0,14.217998413789564,2117.6947044741296,125.0
500.0,12.458808922796372,0.012637912174533325,152.5
500.0,12.116298922796371,0.025274227433097977,152.5
500.0,11.948538922796372,0.05054206901796531,152.5
500.0,11.843688922796371,0.1263073149616825,152.5
500.0,12.458808922796372,0.05054206901796531,152.5
500.0,12.116298922796371,0.10105860915746147,152.5
500.0,11.948538922796372,0.20201521874577416,152.5
500.0,11.843688922796371,0.5042753602380295,152.5
500.0,12.458808922796372,0.31546977126542447,152.5
500.0,12.116298922796371,0.6299482404565451,152.5
500.0,11.948538922796372,1.2559591468414808,152.5
500.0,11.843688922796371,3.11091250180947,152.5
500.0,12.116298922796371,2.496387933630469,152.5
500.0,12.116298922796371,2.496387933630469,152.5
500.0,11.948538922796372,4.932344502742407,152.5
500.0,11.843688922796371,11.908551531402042,152.5
500.0,11.948538922796372,18.44297160238337,152.5
500.0,11.948538922796372,18.44297160238337,152.5
500.0,11.948538922796372,18.44297160238337,152.5
500.0,11.843688922796371,41.20172525797657,152.5
500.0,12.464892385124593,0.05054206901796531,76.25
500.0,12.122382385124592,0.10105860915746147,76.25
500.0,11.954622385124592,0.20201521874577416,76.25
500.0,11.849772385124592,0.5042753602380295,89.28571428571429
500.0,12.464892385124593,0.20201521874577416,76.25
500.0,12.122382385124592,0.4036233640474239,76.25
500.0,11.954622385124592,0.8056257896596705,76.25
500.0,11.849772385124592,2.002052351671404,89.28571428571429
500.0,12.464892385124593,1.2559591468414808,76.25
500.0,12.122382385124592,2.496387933630469,76.25
500.0,11.954622385124592,4.932344502742407,76.25
500.0,11.849772385124592,11.908551531402042,89.28571428571429
500.0,12.122382385124592,9.635571342466069,76.25
500.0,12.122382385124592,9.635571342466069,76.25
500.0,11.954622385124592,18.44297160238337,76.25
500.0,11.849772385124592,41.20172525797657,89.28571428571429
500.0,11.954622385124592,60.14204242029721,76.25
500.0,11.954622385124592,60.14204242029721,76.25
500.0,11.954622385124592,60.14204242029721,76.25
500.0,11.849772385124592,116.32193251107782,89.28571428571429
500.0,12.483893560059828,0.31546977126542447,30.5
500.0,12.141383560059829,0.6299482404565451,30.5
500.0,11.973623560059828,1.2559591468414808,35.71428571428572
500.0,11.868773560059829,3.11091250180947,89.28571428571429
500.0,12.483893560059828,1.2559591468414808,30.5
500.0,12.141383560059829,2.496387933630469,30.5
500.0,11.973623560059828,4.932344502742407,35.71428571428572
500.0,11.868773560059829,11.908551531402042,89.28571428571429
500.0,12.483893560059828,7.60455302407398,30.5
500.0,12.141383560059829,14.681199190302271,30.5
500.0,11.973623560059828,27.54356546105345,35.71428571428572
500.0,11.868773560059829,59.042678698008615,89.28571428571429
500.0,12.141383560059829,49.46765007775456,30.5
500.0,12.141383560059829,49.46765007775456,30.5
500.0,11.973623560059828,83.99954433898299,35.71428571428572
500.0,11.868773560059829,154.92194605868343,89.28571428571429
500.0,11.973623560059828,205.44157006448157,35.71428571428572
500.0,11.973623560059828,205.44157006448157,35.71428571428572
500.0,11.973623560059828,205.44157006448157,35.71428571428572
500.0,11.868773560059829,342.22845435400137,89.28571428571429
500.0,12.518221358669376,1.2559591468414808,15.25
500.0,12.175711358669375,2.496387933630469,17.85714285714286
500.0,12.007951358669374,4.932344502742407,35.71428571428572
500.0,11.903101358669375,11.908551531402042,89.28571428571429
500.0,12.518221358669376,4.932344502742407,15.25
500.0,12.175711358669375,9.635571342466069,17.85714285714286
500.0,12.007951358669374,18.44297160238337,35.71428571428572
500.0,11.903101358669375,41.20172525797657,89.28571428571429
500.0,12.518221358669376,27.54356546105345,15.25
500.0,12.175711358669375,49.46765007775456,17.85714285714286
500.0,12.007951358669374,83.99954433898299,35.71428571428572
500.0,11.903101358669375,154.92194605868343,89.28571428571429
500.0,12.175711358669375,134.58118687095265,17.85714285714286
500.0,12.175711358669375,134.58118687095265,17.85714285714286
500.0,12.007951358669374,205.44157006448157,35.71428571428572
500.0,11.903101358669375,342.22845435400137,89.28571428571429
500.0,12.007951358669374,438.96535519100934,35.71428571428572
500.0,12.007951358669374,438.96535519100934,35.71428571428572
500.0,12.007951358669374,438.96535519100934,35.71428571428572
500.0,11.903101358669375,704.089766686743,89.28571428571429
500.0,12.580848564221933,4.013589683067356,8.92857142857143
500.0,12.238338564221934,7.873801337083972,17.85714285714286
500.0,12.070578564221933,15.183399935578729,35.71428571428572
500.0,11.965728564221934,34.49182190247049,89.28571428571429
500.0,12.580848564221933,15.183399935578729,8.92857142857143
500.0,12.238338564221934,28.431836058059183,17.85714285714286
500.0,12.070578564221933,50.92648962230189,35.71428571428572
500.0,11.965728564221934,100.84915921193317,89.28571428571429
500.0,12.580848564221933,71.9632737129827,8.92857142857143
500.0,12.238338564221934,117.28648991395843,17.85714285714286
500.0,12.070578564221933,181.41707115781077,35.71428571428572
500.0,11.965728564221934,305.3906455927113,89.28571428571429
500.0,12.238338564221934,270.16106090053825,17.85714285714286
500.0,12.238338564221934,270.16106090053825,17.85714285714286
500.0,12.070578564221933,392.90338938968137,35.71428571428572
500.0,11.965728564221934,632.2441076828525,89.28571428571429
500.0,12.070578564221933,803.331251633359,35.71428571428572
500.0,12.070578564221933,803.331251633359,35.71428571428572
500.0,12.070578564221933,803.331251633359,35.71428571428572
500.0,11.965728564221934,1275.9457661096199,89.28571428571429
500.0,13.143828922796372,0.012637912174533325,152.5
500.0,12.458808922796372,0.025274227433097977,152.5
500.0,12.116298922796371,0.05054206901796531,152.5
500.0,11.913588922796372,0.1263073149616825,152.5
500.0,13.143828922796372,0.05054206901796531,152.5
500.0,12.458808922796372,0.10105860915746147,152.5
500.0,12.116298922796371,0.20201521874577416,152.5
500.0,11.913588922796372,0.5042753602380295,152.5
500.0,13.143828922796372,0.31546977126542447,152.5
500.0,12.458808922796372,0.6299482404565451,152.5
500.0,12.116298922796371,1.2559591468414808,152.5
500.0,11.913588922796372,3.11091250180947,152.5
500.0,12.458808922796372,2.496387933630469,152.5
500.0,12.458808922796372,2.496387933630469,152.5
500.0,12.116298922796371,4.932344502742407,152.5
500.0,11.913588922796372,11.908551531402042,152.5
500.0,12.116298922796371,18.44297160238337,152.5
500.0,12.116298922796371,18.44297160238337,152.5
500.0,12.116298922796371,18.44297160238337,152.5
500.0,11.913588922796372,41.20172525797657,152.5
500.0,13.149912385124592,0.05054206901796531,76.25
500.0,12.464892385124593,0.10105860915746147,76.25
500.0,12.122382385124592,0.20201521874577416,76.25
500.0,11.919672385124592,0.5042753602380295,89.28571428571429
500.0,13.149912385124592,0.20201521874577416,76.25
500.0,12.464892385124593,0.4036233640474239,76.25
500.0,12.122382385124592,0.8056257896596705,76.25
500.0,11.919672385124592,2.002052351671404,89.28571428571429
500.0,13.149912385124592,1.2559591468414808,76.25
500.0,12.464892385124593,2.496387933630469,76.25
500.0,12.122382385124592,4.932344502742407,76.25
500.0,11.919672385124592,11.908551531402042,89.28571428571429
500.0,12.464892385124593,9.635571342466069,76.25
500.0,12.464892385124593,9.635571342466069,76.25
500.0,12.122382385124592,18.44297160238337,76.25
500.0,11.919672385124592,41.20172525797657,89.28571428571429
500.0,12.122382385124592,60.14204242029721,76.25
500.0,12.122382385124592,60.14204242029721,76.25
500.0,12.122382385124592,60.14204242029721,76.25
500.0,11.919672385124592,116.32193251107782,89.28571428571429
500.0,13.168913560059828,0.31546977126542447,30.5
500.0,12.483893560059828,0.6299482404565451,30.5
500.0,12.141383560059829,1.2559591468414808,35.71428571428572
500.0,11.93867356005983,3.11091250180947,89.28571428571429
500.0,13.168913560059828,1.2559591468414808,30.5
500.0,12.483893560059828,2.496387933630469,30.5
500.0,12.141383560059829,4.932344502742407,35.71428571428572
500.0,11.93867356005983,11.908551531402042,89.28571428571429
500.0,13.168913560059828,7.60455302407398,30.5
500.0,12.483893560059828,14.681199190302271,30.5
500.0,12.141383560059829,27.54356546105345,35.71428571428572
500.0,11.93867356005983,59.042678698008615,89.28571428571429
500.0,12.483893560059828,49.46765007775456,30.5
500.0,12.483893560059828,49.46765007775456,30.5
500.0,12.141383560059829,83.99954433898299,35.71428571428572
500.0,11.93867356005983,154.92194605868343,89.28571428571429
500.0,12.141383560059829,205.44157006448157,35.71428571428572
500.0,12.141383560059829,205.44157006448157,35.71428571428572
500.0,12.141383560059829,205.44157006448157,35.71428571428572
500.0,11.93867356005983,342.22845435400137,89.28571428571429
500.0,13.203241358669375,1.2559591468414808,15.25
500.0,12.518221358669376,2.496387933630469,17.85714285714286
500.0,12.175711358669375,4.932344502742407,35.71428571428572
500.0,11.973001358669375,11.908551531402042,89.28571428571429
500.0,13.203241358669375,4.932344502742407,15.25
500.0,12.518221358669376,9.635571342466069,17.85714285714286
500.0,12.175711358669375,18.44297160238337,35.71428571428572
500.0,11.973001358669375,41.20172525797657,89.28571428571429
500.0,13.203241358669375,27.54356546105345,15.25
500.0,12.518221358669376,49.46765007775456,17.85714285714286
500.0,12.175711358669375,83.99954433898299,35.71428571428572
500.0,11.973001358669375,154.92194605868343,89.28571428571429
500.0,12.518221358669376,134.58118687095265,17.85714285714286
500.0,12.518221358669376,134.58118687095265,17.85714285714286
500.0,12.175711358669375,205.44157006448157,35.71428571428572
500.0,11.973001358669375,342.22845435400137,89.28571428571429
500.0,12.175711358669375,438.96535519100934,35.71428571428572
500.0,12.175711358669375,438.96535519100934,35.71428571428572
500.0,12.175711358669375,438.96535519100934,35.71428571428572
500.0,11.973001358669375,704.089766686743,89.28571428571429
500.0,13.265868564221933,4.013589683067356,8.92857142857143
500.0,12.580848564221933,7.873801337083972,17.85714285714286
500.0,12.238338564221934,15.183399935578729,35.71428571428572
500.0,12.035628564221934,34.49182190247049,89.28571428571429
500.0,13.265868564221933,15.183399935578729,8.92857142857143
500.0,12.580848564221933,28.431836058059183,17.85714285714286
500.0,12.238338564221934,50.92648962230189,35.71428571428572
500.0,12.035628564221934,100.84915921193317,89.28571428571429
500.0,13.265868564221933,71.9632737129827,8.92857142857143
500.0,12.580848564221933,117.28648991395843,17.85714285714286
500.0,12.238338564221934,181.41707115781077,35.71428571428572
500.0,12.035628564221934,305.3906455927113,89.28571428571429
500.0,12.580848564221933,270.16106090053825,17.85714285714286
500.0,12.580848564221933,270.16106090053825,17.85714285714286
500.0,12.238338564221934,392.90338938968137,35.71428571428572
500.0,12.035628564221934,632.2441076828525,89.28571428571429
500.0,12.238338564221934,803.331251633359,35.71428571428572
500.0,12.238338564221934,803.331251633359,35.71428571428572
500.0,12.238338564221934,803.331251633359,35.71428571428572
500.0,12.035628564221934,1275.9457661096199,89.28571428571429
500.0,15.191898922796373,0.012637912174533325,152.5
500.0,13.486338922796373,0.025274227433097977,152.5
500.0,12.633558922796372,0.05054206901796531,152.5
500.0,12.116298922796371,0.1263073149616825,152.5
500.0,15.191898922796373,0.05054206901796531,152.5
500.0,13.486338922796373,0.10105860915746147,152.5
500.0,12.633558922796372,0.20201521874577416,152.5
500.0,12.116298922796371,0.5042753602380295,152.5
500.0,15.191898922796373,0.31546977126542447,152.5
500.0,13.486338922796373,0.6299482404565451,152.5
500.0,12.633558922796372,1.2559591468414808,152.5
500.0,12.116298922796371,3.11091250180947,152.5
500.0,13.486338922796373,2.496387933630469,152.5
500.0,13.486338922796373,2.496387933630469,152.5
500.0,12.633558922796372,4.932344502742407,152.5
500.0,12.116298922796371,11.908551531402042,152.5
500.0,12.633558922796372,18.44297160238337,152.5
500.0,12.633558922796372,18.44297160238337,152.5
500.0,12.633558922796372,18.44297160238337,152.5
500.0,12.116298922796371,41.20172525797657,152.5
500.0,15.197982385124591,0.05054206901796531,76.25
500.0,13.492422385124591,0.10105860915746147,76.25
500.0,12.639642385124592,0.20201521874577416,76.25
500.0,12.122382385124592,0.5042753602380295,89.28571428571429
500.0,15.197982385124591,0.20201521874577416,76.25
500.0,13.492422385124591,0.4036233640474239,76.25
500.0,12.639642385124592,0.8056257896596705,76.25
500.0,12.122382385124592,2.002052351671404,89.28571428571429
500.0,15.197982385124591,1.2559591468414808,76.25
500.0,13.492422385124591,2.496387933630469,76.25
500.0,12.639642385124592,4.932344502742407,76.25
500.0,12.122382385124592,11.908551531402042,89.28571428571429
500.0,13.492422385124591,9.635571342466069,76.25
500.0,13.492422385124591,9.635571342466069,76.25
500.0,12.639642385124592,18.44297160238337,76.25
500.0,12.122382385124592,41.20172525797657,89.28571428571429
500.0,12.639642385124592,60.14204242029721,76.25
500.0,12.639642385124592,60.14204242029721,76.25
500.0,12.639642385124592,60.14204242029721,76.25
500.0,12.122382385124592,116.32193251107782,89.28571428571429
500.0,15.216983560059829,0.31546977126542447,30.5
500.0,13.511423560059828,0.6299482404565451,30.5
500.0,12.65864356005983,1.2559591468414808,35.71428571428572
500.0,12.141383560059829,3.11091250180947,89.28571428571429
500.0,15.216983560059829,1.2559591468414808,30.5
500.0,13.511423560059828,2.496387933630469,30.5
500.0,12.65864356005983,4.932344502742407,35.71428571428572
500.0,12.141383560059829,11.908551531402042,89.28571428571429
500.0,15.216983560059829,7.60455302407398,30.5
500.0,13.511423560059828,14.681199190302271,30.5
500.0,12.65864356005983,27.54356546105345,35.71428571428572
500.0,12.141383560059829,59.042678698008615,89.28571428571429
500.0,13.511423560059828,49.46765007775456,30.5
500.0,13.511423560059828,49.46765007775456,30.5
500.0,12.65864356005983,83.99954433898299,35.71428571428572
500.0,12.141383560059829,154.92194605868343,89.28571428571429
500.0,12.65864356005983,205.44157006448157,35.71428571428572
500.0,12.65864356005983,205.44157006448157,35.71428571428572
500.0,12.65864356005983,205.44157006448157,35.71428571428572
500.0,12.141383560059829,342.22845435400137,89.28571428571429
500.0,15.251311358669374,1.2559591468414808,15.25
500.0,13.545751358669374,2.496387933630469,17.85714285714286
500.0,12.692971358669375,4.932344502742407,35.71428571428572
500.0,12.175711358669375,11.908551531402042,89.28571428571429
500.0,15.251311358669374,4.932344502742407,15.25
500.0,13.545751358669374,9.635571342466069,17.85714285714286
500.0,12.692971358669375,18.44297160238337,35.71428571428572
500.0,12.175711358669375,41.20172525797657,89.28571428571429
500.0,15.251311358669374,27.54356546105345,15.25
500.0,13.545751358669374,49.46765007775456,17.85714285714286
500.0,12.692971358669375,83.99954433898299,35.71428571428572
500.0,12.175711358669375,154.92194605868343,89.28571428571429
500.0,13.545751358669374,134.58118687095265,17.85714285714286
500.0,13.545751358669374,134.58118687095265,17.85714285714286
500.0,12.692971358669375,205.44157006448157,35.71428571428572
500.0,12.175711358669375,342.22845435400137,89.28571428571429
500.0,12.692971358669375,438.96535519100934,35.71428571428572
500.0,12.692971358669375,438.96535519100934,35.71428571428572
500.0,12.692971358669375,438.96535519100934,35.71428571428572
500.0,12.175711358669375,704.089766686743,89.28571428571429
500.0,15.313938564221933,4.013589683067356,8.92857142857143
500.0,13.608378564221933,7.873801337083972,17.85714285714286
500.0,12.755598564221934,15.183399935578729,35.71428571428572
500.0,12.238338564221934,34.49182190247049,89.28571428571429
500.0,15.313938564221933,15.183399935578729,8.92857142857143
500.0,13.608378564221933,28.431836058059183,17.85714285714286
500.0,12.755598564221934,50.92648962230189,35.71428571428572
500.0,12.238338564221934,100.84915921193317,89.28571428571429
500.0,15.313938564221933,71.9632737129827,8.92857142857143
500.0,13.608378564221933,117.28648991395843,17.85714285714286
500.0,12.755598564221934,181.41707115781077,35.71428571428572
500.0,12.238338564221934,305.3906455927113,89.28571428571429
500.0,13.608378564221933,270.16106090053825,17.85714285714286
500.0,13.608378564221933,270.16106090053825,17.85714285714286
500.0,12.755598564221934,392.90338938968137,35.71428571428572
500.0,12.238338564221934,632.2441076828525,89.28571428571429
500.0,12.755598564221934,803.331251633359,35.71428571428572
500.0,12.755598564221934,803.331251633359,35.71428571428572
500.0,12.755598564221934,803.331251633359,35.71428571428572
500.0,12.238338564221934,1275.9457661096199,89.28571428571429
500.0,18.610008922796375,0.012637912174533325,152.5
500.0,15.191898922796373,0.025274227433097977,152.5
500.0,13.486338922796373,0.05054206901796531,152.5
500.0,12.458808922796372,0.1263073149616825,152.5
500.0,18.610008922796375,0.05054206901796531,152.5
500.0,15.191898922796373,0.10105860915746147,152.5
500.0,13.486338922796373,0.20201521874577416,152.5
500.0,12.458808922796372,0.5042753602380295,152.5
500.0,18.610008922796375,0.31546977126542447,152.5
500.0,15.191898922796373,0.6299482404565451,152.5
500.0,13.486338922796373,1.2559591468414808,152.5
500.0,12.458808922796372,3.11091250180947,152.5
500.0,15.191898922796373,2.496387933630469,152.5
500.0,15.191898922796373,2.496387933630469,152.5
500.0,13.486338922796373,4.932344502742407,152.5
500.0,12.458808922796372,11.908551531402042,152.5
500.0,13.486338922796373,18.44297160238337,152.5
500.0,13.486338922796373,18.44297160238337,152.5
500.0,13.486338922796373,18.44297160238337,152.5
500.0,12.458808922796372,41.20172525797657,152.5
500.0,18.616092385124592,0.05054206901796531,76.25
500.0,15.197982385124591,0.10105860915746147,76.25
500.0,13.492422385124591,0.20201521874577416,76.25
500.0,12.464892385124593,0.5042753602380295,89.28571428571429
500.0,18.616092385124592,0.20201521874577416,76.25
500.0,15.197982385124591,0.4036233640474239,76.25
500.0,13.492422385124591,0.8056257896596705,76.25
500.0,12.464892385124593,2.002052351671404,89.28571428571429
500.0,18.616092385124592,1.2559591468414808,76.25
500.0,15.197982385124591,2.496387933630469,76.25
500.0,13.492422385124591,4.932344502742407,76.25
500.0,12.464892385124593,11.908551531402042,89.28571428571429
500.0,15.197982385124591,9.635571342466069,76.25
500.0,15.197982385124591,9.635571342466069,76.25
500.0,13.492422385124591,18.44297160238337,76.25
500.0,12.464892385124593,41.20172525797657,89.28571428571429
500.0,13.492422385124591,60.14204242029721,76.25
500.0,13.492422385124591,60.14204242029721,76.25
500.0,13.492422385124591,60.14204242029721,76.25
500.0,12.464892385124593,116.32193251107782,89.28571428571429
500.0,18.63509356005983,0.31546977126542447,30.5
500.0,15.216983560059829,0.6299482404565451,30.5
500.0,13.511423560059828,1.2559591468414808,35.71428571428572
500.0,12.483893560059828,3.11091250180947,89.28571428571429
500.0,18.63509356005983,1.2559591468414808,30.5
500.0,15.216983560059829,2.496387933630469,30.5
500.0,13.511423560059828,4.932344502742407,35.71428571428572
500.0,12.483893560059828,11.908551531402042,89.28571428571429
500.0,18.63509356005983,7.60455302407398,30.5
500.0,15.216983560059829,14.681199190302271,30.5
500.0,13.511423560059828,27.54356546105345,35.71428571428572
500.0,12.483893560059828,59.042678698008615,89.28571428571429
500.0,15.216983560059829,49.46765007775456,30.5
500.0,15.216983560059829,49.46765007775456,30.5
500.0,13.511423560059828,83.99954433898299,35.71428571428572
500.0,12.483893560059828,154.92194605868343,89.28571428571429
500.0,13.511423560059828,205.44157006448157,35.71428571428572
500.0,13.511423560059828,205.44157006448157,35.71428571428572
500.0,13.511423560059828,205.44157006448157,35.71428571428572
500.0,12.483893560059828,342.22845435400137,89.28571428571429
500.0,18.669421358669375,1.2559591468414808,15.25
500.0,15.251311358669374,2.496387933630469,17.85714285714286
500.0,13.545751358669374,4.932344502742407,35.71428571428572
500.0,12.518221358669376,11.908551531402042,89.28571428571429
500.0,18.669421358669375,4.932344502742407,15.25
500.0,15.251311358669374,9.635571342466069,17.85714285714286
500.0,13.545751358669374,18.44297160238337,35.71428571428572
500.0,12.518221358669376,41.20172525797657,89.28571428571429
500.0,18.669421358669375,27.54356546105345,15.25
500.0,15.251311358669374,49.46765007775456,17.85714285714286
500.0,13.545751358669374,83.99954433898299,35.71428571428572
500.0,12.518221358669376,154.92194605868343,89.28571428571429
500.0,15.251311358669374,134.58118687095265,17.85714285714286
500.0,15.251311358669374,134.58118687095265,17.85714285714286
500.0,13.545751358669374,205.44157006448157,35.71428571428572
500.0,12.518221358669376,342.22845435400137,89.28571428571429
500.0,13.545751358669374,438.96535519100934,35.71428571428572
500.0,13.545751358669374,438.96535519100934,35.71428571428572
500.0,13.545751358669374,438.96535519100934,35.71428571428572
500.0,12.518221358669376,704.089766686743,89.28571428571429
500.0,18.732048564221934,4.013589683067356,8.92857142857143
500.0,15.313938564221933,7.873801337083972,17.85714285714286
500.0,13.608378564221933,15.183399935578729,35.71428571428572
500.0,12.580848564221933,34.49182190247049,89.28571428571429
500.0,18.732048564221934,15.183399935578729,8.92857142857143
500.0,15.313938564221933,28.431836058059183,17.85714285714286
500.0,13.608378564221933,50.92648962230189,35.71428571428572
500.0,12.580848564221933,100.84915921193317,89.28571428571429
500.0,18.732048564221934,71.9632737129827,8.92857142857143
500.0,15.313938564221933,117.28648991395843,17.85714285714286
500.0,13.608378564221933,181.41707115781077,35.71428571428572
500.0,12.580848564221933,305.3906455927113,89.28571428571429
500.0,15.313938564221933,270.16106090053825,17.85714285714286
500.0,15.313938564221933,270.16106090053825,17.85714285714286
500.0,13.608378564221933,392.90338938968137,35.71428571428572
500.0,12.580848564221933,632.2441076828525,89.28571428571429
500.0,13.608378564221933,803.331251633359,35.71428571428572
500.0,13.608378564221933,803.331251633359,35.71428571428572
500.0,13.608378564221933,803.331251633359,35.71428571428572
500.0,12.580848564221933,1275.9457661096199,89.28571428571429
500.0,25.43923892279637,0.012637912174533325,152.5
500.0,18.610008922796375,0.025274227433097977,152.5
500.0,15.191898922796373,0.05054206901796531,152.5
500.0,13.143828922796372,0.1263073149616825,152.5
500.0,25.43923892279637,0.05054206901796531,152.5
500.0,18.610008922796375,0.10105860915746147,152.5
500.0,15.191898922796373,0.20201521874577416,152.5
500.0,13.143828922796372,0.5042753602380295,152.5
500.0,25.43923892279637,0.31546977126542447,152.5
500.0,18.610008922796375,0.6299482404565451,152.5
500.0,15.191898922796373,1.2559591468414808,152.5
500.0,13.143828922796372,3.11091250180947,152.5
500.0,18.610008922796375,2.496387933630469,152.5
500.0,18.610008922796375,2.496387933630469,152.5
500.0,15.191898922796373,4.932344502742407,152.5
500.0,13.143828922796372,11.908551531402042,152.5
500.0,15.191898922796373,18.44297160238337,152.5
500.0,15.191898922796373,18.44297160238337,152.5
500.0,15.191898922796373,18.44297160238337,152.5
500.0,13.143828922796372,41.20172525797657,152.5
500.0,25.44532238512459,0.05054206901796531,76.25
500.0,18.616092385124592,0.10105860915746147,76.25
500.0,15.197982385124591,0.20201521874577416,76.25
500.0,13.149912385124592,0.5042753602380295,89.28571428571429
500.0,25.44532238512459,0.20201521874577416,76.25
500.0,18.616092385124592,0.4036233640474239,76.25
500.0,15.197982385124591,0.8056257896596705,76.25
500.0,13.149912385124592,2.002052351671404,89.28571428571429
500.0,25.44532238512459,1.2559591468414808,76.25
500.0,18.616092385124592,2.496387933630469,76.25
500.0,15.197982385124591,4.932344502742407,76.25
500.0,13.149912385124592,11.908551531402042,89.28571428571429
500.0,18.616092385124592,9.635571342466069,76.25
500.0,18.616092385124592,9.635571342466069,76.25
500.0,15.197982385124591,18.44297160238337,76.25
500.0,13.149912385124592,41.20172525797657,89.28571428571429
500.0,15.197982385124591,60.14204242029721,76.25
500.0,15.197982385124591,60.14204242029721,76.25
500.0,15.197982385124591,60.14204242029721,76.25
500.0,13.149912385124592,116.32193251107782,89.28571428571429
500.0,25.464323560059828,0.31546977126542447,30.5
500.0,18.63509356005983,0.6299482404565451,30.5
500.0,15.216983560059829,1.2559591468414808,35.71428571428572
500.0,13.168913560059828,3.11091250180947,89.28571428571429
500.0,25.464323560059828,1.2559591468414808,30.5
500.0,18.63509356005983,2.496387933630469,30.5
500.0,15.216983560059829,4.932344502742407,35.71428571428572
500.0,13.168913560059828,11.908551531402042,89.28571428571429
500.0,25.464323560059828,7.60455302407398,30.5
500.0,18.63509356005983,14.681199190302271,30.5
500.0,15.216983560059829,27.54356546105345,35.71428571428572
500.0,13.168913560059828,59.042678698008615,89.28571428571429
500.0,18.63509356005983,49.46765007775456,30.5
500.0,18.63509356005983,49.46765007775456,30.5
500.0,15.216983560059829,83.99954433898299,35.71428571428572
500.0,13.168913560059828,154.92194605868343,89.28571428571429
500.0,15.216983560059829,205.44157006448157,35.71428571428572
500.0,15.216983560059829,205.44157006448157,35.71428571428572
500.0,15.216983560059829,205.44157006448157,35.71428571428572
500.0,13.168913560059828,342.22845435400137,89.28571428571429
500.0,25.498651358669377,1.2559591468414808,15.25
500.0,18.669421358669375,2.496387933630469,17.85714285714286
500.0,15.251311358669374,4.932344502742407,35.71428571428572
500.0,13.203241358669375,11.908551531402042,89.28571428571429
500.0,25.498651358669377,4.932344502742407,15.25
500.0,18.669421358669375,9.635571342466069,17.85714285714286
500.0,15.251311358669374,18.44297160238337,35.71428571428572
500.0,13.203241358669375,41.20172525797657,89.28571428571429
500.0,25.498651358669377,27.54356546105345,15.25
500.0,18.669421358669375,49.46765007775456,17.85714285714286
500.0,15.251311358669374,83.99954433898299,35.71428571428572
500.0,13.203241358669375,154.92194605868343,89.28571428571429
500.0,18.669421358669375,134.58118687095265,17.85714285714286
500.0,18.669421358669375,134.58118687095265,17.85714285714286
500.0,15.251311358669374,205.44157006448157,35.71428571428572
500.0,13.203241358669375,342.22845435400137,89.28571428571429
500.0,15.251311358669374,438.96535519100934,35.71428571428572
500.0,15.251311358669374,438.96535519100934,35.71428571428572
500.0,15.251311358669374,438.96535519100934,35.71428571428572
500.0,13.203241358669375,704.089766686743,89.28571428571429
500.0,25.561278564221933,4.013589683067356,8.92857142857143
500.0,18.732048564221934,7.873801337083972,17.85714285714286
500.0,15.313938564221933,15.183399935578729,35.71428571428572
500.0,13.265868564221933,34.49182190247049,89.28571428571429
500.0,25.561278564221933,15.183399935578729,8.92857142857143
500.0,18.732048564221934,28.431836058059183,17.85714285714286
500.0,15.313938564221933,50.92648962230189,35.71428571428572
500.0,13.265868564221933,100.84915921193317,89.28571428571429
500.0,25.561278564221933,71.9632737129827,8.92857142857143
500.0,18.732048564221934,117.28648991395843,17.85714285714286
500.0,15.313938564221933,181.41707115781077,35.71428571428572
500.0,13.265868564221933,305.3906455927113,89.28571428571429
500.0,18.732048564221934,270.16106090053825,17.85714285714286
500.0,18.732048564221934,270.16106090053825,17.85714285714286
500.0,15.313938564221933,392.90338938968137,35.71428571428572
500.0,13.265868564221933,632.2441076828525,89.28571428571429
500.0,15.313938564221933,803.331251633359,35.71428571428572
500.0,15.313938564221933,803.331251633359,35.71428571428572
500.0,15.313938564221933,803.331251633359,35.71428571428572
500.0,13.265868564221933,1275.9457661096199,89.28571428571429
500.0,45.93391892279637,0.012637912174533325,152.5
500.0,28.85734892279637,0.025274227433097977,152.5
500.0,20.315568922796373,0.05054206901796531,152.5
500.0,15.191898922796373,0.1263073149616825,152.5
500.0,45.93391892279637,0.05054206901796531,152.5
500.0,28.85734892279637,0.10105860915746147,152.5
500.0,20.315568922796373,0.20201521874577416,152.5
500.0,15.191898922796373,0.5042753602380295,152.5
500.0,45.93391892279637,0.31546977126542447,152.5
500.0,28.85734892279637,0.6299482404565451,152.5
500.0,20.315568922796373,1.2559591468414808,152.5
500.0,15.191898922796373,3.11091250180947,152.5
500.0,28.85734892279637,2.496387933630469,152.5
500.0,28.85734892279637,2.496387933630469,152.5
500.0,20.315568922796373,4.932344502742407,152.5
500.0,15.191898922796373,11.908551531402042,152.5
500.0,20.315568922796373,18.44297160238337,152.5
500.0,20.315568922796373,18.44297160238337,152.5
500.0,20.315568922796373,18.44297160238337,152.5
500.0,15.191898922796373,41.20172525797657,152.5
500.0,45.94000238512459,0.05054206901796531,76.25
500.0,28.86343238512459,0.10105860915746147,76.25
500.0,20.321652385124594,0.20201521874577416,76.25
500.0,15.197982385124591,0.5042753602380295,89.28571428571429
500.0,45.94000238512459,0.20201521874577416,76.25
500.0,28.86343238512459,0.4036233640474239,76.25
500.0,20.321652385124594,0.8056257896596705,76.25
500.0,15.197982385124591,2.002052351671404,89.28571428571429
500.0,45.94000238512459,1.2559591468414808,76.25
500.0,28.86343238512459,2.496387933630469,76.25
500.0,20.321652385124594,4.932344502742407,76.25
500.0,15.197982385124591,11.908551531402042,89.28571428571429
500.0,28.86343238512459,9.635571342466069,76.25
500.0,28.86343238512459,9.635571342466069,76.25
500.0,20.321652385124594,18.44297160238337,76.25
500.0,15.197982385124591,41.20172525797657,89.28571428571429
500.0,20.321652385124594,60.14204242029721,76.25
500.0,20.321652385124594,60.14204242029721,76.25
500.0,20.321652385124594,60.14204242029721,76.25
500.0,15.197982385124591,116.32193251107782,89.28571428571429
500.0,45.95900356005983,0.31546977126542447,30.5
500.0,28.882433560059827,0.6299482404565451,30.5
500.0,20.340653560059827,1.2559591468414808,35.71428571428572
500.0,15.216983560059829,3.11091250180947,89.28571428571429
500.0,45.95900356005983,1.2559591468414808,30.5
500.0,28.882433560059827,2.496387933630469,30.5
500.0,20.340653560059827,4.932344502742407,35.71428571428572
500.0,15.216983560059829,11.908551531402042,89.28571428571429
500.0,45.95900356005983,7.60455302407398,30.5
500.0,28.882433560059827,14.681199190302271,30.5
500.0,20.340653560059827,27.54356546105345,35.71428571428572
500.0,15.216983560059829,59.042678698008615,89.28571428571429
500.0,28.882433560059827,49.46765007775456,30.5
500.0,28.882433560059827,49.46765007775456,30.5
500.0,20.340653560059827,83.99954433898299,35.71428571428572
500.0,15.216983560059829,154.92194605868343,89.28571428571429
500.0,20.340653560059827,205.44157006448157,35.71428571428572
500.0,20.340653560059827,205.44157006448157,35.71428571428572
500.0,20.340653560059827,205.44157006448157,35.71428571428572
500.0,15.216983560059829,342.22845435400137,89.28571428571429
500.0,45.99333135866937,1.2559591468414808,15.25
500.0,28.916761358669373,2.496387933630469,17.85714285714286
500.0,20.374981358669373,4.932344502742407,35.71428571428572
500.0,15.251311358669374,11.908551531402042,89.28571428571429
500.0,45.99333135866937,4.932344502742407,15.25
500.0,28.916761358669373,9.635571342466069,17.85714285714286
500.0,20.374981358669373,18.44297160238337,35.71428571428572
500.0,15.251311358669374,41.20172525797657,89.28571428571429
500.0,45.99333135866937,27.54356546105345,15.25
500.0,28.916761358669373,49.46765007775456,17.85714285714286
500.0,20.374981358669373,83.99954433898299,35.71428571428572
500.0,15.251311358669374,154.92194605868343,89.28571428571429
500.0,28.916761358669373,134.58118687095265,17.85714285714286
500.0,28.916761358669373,134.58118687095265,17.85714285714286
500.0,20.374981358669373,205.44157006448157,35.71428571428572
500.0,15.251311358669374,342.22845435400137,89.28571428571429
500.0,20.374981358669373,438.96535519100934,35.71428571428572
500.0,20.374981358669373,438.96535519100934,35.71428571428572
500.0,20.374981358669373,438.96535519100934,35.71428571428572
500.0,15.251311358669374,704.089766686743,89.28571428571429
500.0,46.05595856422193,4.013589683067356,8.92857142857143
500.0,28.97938856422193,7.873801337083972,17.85714285714286
500.0,20.437608564221932,15.183399935578729,35.71428571428572
500.0,15.313938564221933,34.49182190247049,89.28571428571429
500.0,46.05595856422193,15.183399935578729,8.92857142857143
500.0,28.97938856422193,28.431836058059183,17.85714285714286
500.0,20.437608564221932,50.92648962230189,35.71428571428572
500.0,15.313938564221933,100.84915921193317,89.28571428571429
500.0,46.05595856422193,71.9632737129827,8.92857142857143
500.0,28.97938856422193,117.28648991395843,17.85714285714286
500.0,20.437608564221932,181.41707115781077,35.71428571428572
500.0,15.313938564221933,305.3906455927113,89.28571428571429
500.0,28.97938856422193,270.16106090053825,17.85714285714286
500.0,28.97938856422193,270.16106090053825,17.85714285714286
500.0,20.437608564221932,392.90338938968137,35.71428571428572
500.0,15.313938564221933,632.2441076828525,89.28571428571429
500.0,20.437608564221932,803.331251633359,35.71428571428572
500.0,20.437608564221932,803.331251633359,35.71428571428572
500.0,20.437608564221932,803.331251633359,35.71428571428572
500.0,15.313938564221933,1275.9457661096199,89.28571428571429
600.0,11.594219353888937,162.15332375277188,300.0
600.0,11.580239353888937,243.5683772934517,600.0
600.0,11.573249353888936,356.05192905263067,1200.0
600.0,11.573249353888936,574.8971059302012,3000.0
600.0,11.594219353888937,356.05192905263067,300.0
600.0,11.580239353888937,512.3780893301542,600.0
600.0,11.573249353888936,731.1184773066839,1200.0
600.0,11.573249353888936,1162.306990320139,3000.0
600.0,11.594219353888937,916.8800770583982,300.0
600.0,11.580239353888937,1300.447686154633,600.0
600.0,11.573249353888936,1841.803678971608,1200.0
600.0,11.573249353888936,2914.711041710269,3000.0
600.0,11.580239353888937,2606.61421109634,600.0
600.0,11.580239353888937,2606.61421109634,600.0
600.0,11.573249353888936,3687.6623061542964,1200.0
600.0,11.573249353888936,5831.990894374223,3000.0
600.0,11.573249353888936,7377.356274612443,1200.0
600.0,11.573249353888936,7377.356274612443,1200.0
600.0,11.573249353888936,7377.356274612443,1200.0
600.0,11.573249353888936,11665.267255807456,3000.0
600.0,11.596091384997564,356.05192905263067,300.0
600.0,11.582111384997564,512.3780893301542,600.0
600.0,11.575121384997566,731.1184773066839,1200.0
600.0,11.575121384997566,1162.306990320139,3000.0
600.0,11.596091384997564,731.1184773066839,300.0
600.0,11.582111384997564,1038.6523438270563,600.0
600.0,11.575121384997566,1472.2299639285989,1200.0
600.0,11.575121384997566,2330.999080502803,3000.0
600.0,11.596091384997564,1841.803678971608,300.0
600.0,11.582111384997564,2606.61421109634,600.0
600.0,11.575121384997566,3687.6623061542964,1200.0
600.0,11.575121384997566,5831.990894374223,3000.0
600.0,11.582111384997564,5216.099649705872,600.0
600.0,11.582111384997564,5216.099649705872,600.0
600.0,11.575121384997566,7377.356274612443,1200.0
600.0,11.575121384997566,11665.267255807456,3000.0
600.0,11.575121384997566,14755.728905163623,1200.0
600.0,11.575121384997566,14755.728905163623,1200.0
600.0,11.575121384997566,14755.728905163623,1200.0
600.0,11.575121384997566,23331.177377970154,3000.0
600.0,11.601938514257206,916.8800770583982,300.0
600.0,11.587958514257206,1300.447686154633,600.0
600.0,11.580968514257204,1841.803678971608,1200.0
600.0,11.580968514257204,2914.711041710269,3000.0
600.0,11.601938514257206,1841.803678971608,300.0
600.0,11.587958514257206,2606.61421109634,600.0
600.0,11.580968514257204,3687.6623061542964,1200.0
600.0,11.580968514257204,5831.990894374223,3000.0
600.0,11.601938514257206,4610.187250443536,300.0
600.0,11.587958514257206,6520.555644877016,600.0
600.0,11.580968514257204,9222.000233665405,1200.0
600.0,11.580968514257204,14581.776925520877,3000.0
600.0,11.587958514257206,13042.261109797359,600.0
600.0,11.587958514257206,13042.261109797359,600.0
600.0,11.580968514257204,18444.813602488543,1200.0
600.0,11.580968514257204,29164.068156879974,3000.0
600.0,11.580968514257204,36890.03380616498,1200.0
600.0,11.580968514257204,36890.03380616498,1200.0
600.0,11.580968514257204,36890.03380616498,1200.0
600.0,11.580968514257204,58328.3934751822,3000.0
600.0,11.61250202290091,1841.803678971608,300.0
600.0,11.59852202290091,2606.61421109634,600.0
600.0,11.59153202290091,3687.6623061542964,1200.0
600.0,11.59153202290091,5831.990894374223,3000.0
600.0,11.61250202290091,3687.6623061542964,300.0
600.0,11.59852202290091,5216.099649705872,600.0
600.0,11.59153202290091,7377.356274612443,1200.0
600.0,11.59153202290091,11665.267255807456,3000.0
600.0,11.61250202290091,9222.000233665405,300.0
600.0,11.59852202290091,13042.261109797359,600.0
600.0,11.59153202290091,18444.813602488543,1200.0
600.0,11.59153202290091,29164.068156879974,3000.0
600.0,11.59852202290091,26085.097224664853,600.0
600.0,11.59852202290091,26085.097224664853,600.0
600.0,11.59153202290091,36890.03380616498,1200.0
600.0,11.59153202290091,58328.3934751822,3000.0
600.0,11.59153202290091,73780.27091712545,1200.0
600.0,11.59153202290091,73780.27091712545,1200.0
600.0,11.59153202290091,73780.27091712545,1200.0
600.0,11.59153202290091,116656.91553213848,3000.0
600.0,11.631773955677911,3318.6102929040903,300.0
600.0,11.61779395567791,4694.287481505502,600.0
600.0,11.61080395567791,6639.477623863486,1200.0
600.0,11.61080395567791,10498.650057648638,3000.0
600.0,11.631773955677911,6639.477623863486,300.0
600.0,11.61779395567791,9390.171608364837,600.0
600.0,11.61080395567791,13280.084486491183,1200.0
600.0,11.61080395567791,20998.014399705997,3000.0
600.0,11.631773955677911,16600.27501812931,300.0
600.0,11.61779395567791,23476.547037645265,600.0
600.0,11.61080395567791,33201.001812436225,1200.0
600.0,11.61080395567791,52495.53603100912,3000.0
600.0,11.61779395567791,46953.41353472302,600.0
600.0,11.61779395567791,46953.41353472302,600.0
600.0,11.61080395567791,66402.22951872463,1200.0
600.0,11.61080395567791,104991.21493056374,3000.0
600.0,11.61080395567791,132804.5719850958,1200.0
600.0,11.61080395567791,132804.5719850958,1200.0
600.0,11.61080395567791,132804.5719850958,1200.0
600.0,11.61080395567791,209982.50129558248,3000.0
600.0,11.615189353888937,162.15332375277188,300.0
600.0,11.594219353888937,243.5683772934517,600.0
600.0,11.580239353888937,356.05192905263067,1200.0
600.0,11.573249353888936,574.8971059302012,3000.0
600.0,11.615189353888937,356.05192905263067,300.0
600.0,11.594219353888937,512.3780893301542,600.0
600.0,11.580239353888937,731.1184773066839,1200.0
600.0,11.573249353888936,1162.306990320139,3000.0
600.0,11.615189353888937,916.8800770583982,300.0
600.0,11.594219353888937,1300.447686154633,600.0
600.0,11.580239353888937,1841.803678971608,1200.0
600.0,11.573249353888936,2914.711041710269,3000.0
600.0,11.594219353888937,2606.61421109634,600.0
600.0,11.594219353888937,2606.61421109634,600.0
600.0,11.580239353888937,3687.6623061542964,1200.0
600.0,11.573249353888936,5831.990894374223,3000.0
600.0,11.580239353888937,7377.356274612443,1200.0
600.0,11.580239353888937,7377.356274612443,1200.0
600.0,11.580239353888937,7377.356274612443,1200.0
600.0,11.573249353888936,11665.267255807456,3000.0
600.0,11.617061384997564,356.05192905263067,300.0
600.0,11.596091384997564,512.3780893301542,600.0
600.0,11.582111384997564,731.1184773066839,1200.0
600.0,11.575121384997566,1162.306990320139,3000.0
600.0,11.617061384997564,731.1184773066839,300.0
600.0,11.596091384997564,1038.6523438270563,600.0
600.0,11.582111384997564,1472.2299639285989,1200.0
600.0,11.575121384997566,2330.999080502803,3000.0
600.0,11.617061384997564,1841.803678971608,300.0
600.0,11.596091384997564,2606.61421109634,600.0
600.0,11.582111384997564,3687.6623061542964,1200.0
600.0,11.575121384997566,5831.990894374223,3000.0
600.0,11.596091384997564,5216.099649705872,600.0
600.0,11.596091384997564,5216.099649705872,600.0
600.0,11.582111384997564,7377.356274612443,1200.0
600.0,11.575121384997566,11665.267255807456,3000.0
600.0,11.582111384997564,14755.728905163623,1200.0
600.0,11.582111384997564,14755.728905163623,1200.0
600.0,11.582111384997564,14755.728905163623,1200.0
600.0,11.575121384997566,23331.177377970154,3000.0
600.0,11.622908514257205,916.8800770583982,300.0
600.0,11.601938514257206,1300.447686154633,600.0
600.0,11.587958514257206,1841.803678971608,1200.0
600.0,11.580968514257204,2914.711041710269,3000.0
600.0,11.622908514257205,1841.803678971608,300.0
600.0,11.601938514257206,2606.61421109634,600.0
600.0,11.587958514257206,3687.6623061542964,1200.0
600.0,11.580968514257204,5831.990894374223,3000.0
600.0,11.622908514257205,4610.187250443536,300.0
600.0,11.601938514257206,6520.555644877016,600.0
600.0,11.587958514257206,9222.000233665405,1200.0
600.0,11.580968514257204,14581.776925520877,3000.0
600.0,11.601938514257206,13042.261109797359,600.0
600.0,11.601938514257206,13042.261109797359,600.0
600.0,11.587958514257206,18444.813602488543,1200.0
600.0,11.580968514257204,29164.068156879974,3000.0
600.0,11.587958514257206,36890.03380616498,1200.0
600.0,11.587958514257206,36890.03380616498,1200.0
600.0,11.587958514257206,36890.03380616498,1200.0
600.0,11.580968514257204,58328.3934751822,3000.0
600.0,11.63347202290091,1841.803678971608,300.0
600.0,11.61250202290091,2606.61421109634,600.0
600.0,11.59852202290091,3687.6623061542964,1200.0
600.0,11.59153202290091,5831.990894374223,3000.0
600.0,11.63347202290091,3687.6623061542964,300.0
600.0,11.61250202290091,5216.099649705872,600.0
600.0,11.59852202290091,7377.356274612443,1200.0
600.0,11.59153202290091,11665.267255807456,3000.0
600.0,11.63347202290091,9222.000233665405,300.0
600.0,11.61250202290091,13042.261109797359,600.0
600.0,11.59852202290091,18444.813602488543,1200.0
600.0,11.59153202290091,29164.068156879974,3000.0
600.0,11.61250202290091,26085.097224664853,600.0
600.0,11.61250202290091,26085.097224664853,600.0
600.0,11.59852202290091,36890.03380616498,1200.0
600.0,11.59153202290091,58328.3934751822,3000.0
600.0,11.59852202290091,73780.27091712545,1200.0
600.0,11.59852202290091,73780.27091712545,1200.0
600.0,11.59852202290091,73780.27091712545,1200.0
600.0,11.59153202290091,116656.91553213848,3000.0
600.0,11.652743955677911,3318.6102929040903,300.0
600.0,11.631773955677911,4694.287481505502,600.0
600.0,11.61779395567791,6639.477623863486,1200.0
600.0,11.61080395567791,10498.650057648638,3000.0
600.0,11.652743955677911,6639.477623863486,300.0
600.0,11.631773955677911,9390.171608364837,600.0
600.0,11.61779395567791,13280.084486491183,1200.0
600.0,11.61080395567791,20998.014399705997,3000.0
600.0,11.652743955677911,16600.27501812931,300.0
600.0,11.631773955677911,23476.547037645265,600.0
600.0,11.61779395567791,33201.001812436225,1200.0
600.0,11.61080395567791,52495.53603100912,3000.0
600.0,11.631773955677911,46953.41353472302,600.0
600.0,11.631773955677911,46953.41353472302,600.0
600.0,11.61779395567791,66402.22951872463,1200.0
600.0,11.61080395567791,104991.21493056374,3000.0
600.0,11.61779395567791,132804.5719850958,1200.0
600.0,11.61779395567791,132804.5719850958,1200.0
600.0,11.61779395567791,132804.5719850958,1200.0
600.0,11.61080395567791,209982.50129558248,3000.0
600.0,11.692079353888936,162.15332375277188,300.0
600.0,11.629169353888937,243.5683772934517,600.0
600.0,11.601209353888937,356.05192905263067,1200.0
600.0,11.580239353888937,574.8971059302012,3000.0
600.0,11.692079353888936,356.05192905263067,300.0
600.0,11.629169353888937,512.3780893301542,600.0
600.0,11.601209353888937,731.1184773066839,1200.0
600.0,11.580239353888937,1162.306990320139,3000.0
600.0,11.692079353888936,916.8800770583982,300.0
600.0,11.629169353888937,1300.447686154633,600.0
600.0,11.601209353888937,1841.803678971608,1200.0
600.0,11.580239353888937,2914.711041710269,3000.0
600.0,11.629169353888937,2606.61421109634,600.0
600.0,11.629169353888937,2606.61421109634,600.0
600.0,11.601209353888937,3687.6623061542964,1200.0
600.0,11.580239353888937,5831.990894374223,3000.0
600.0,11.601209353888937,7377.356274612443,1200.0
600.0,11.601209353888937,7377.356274612443,1200.0
600.0,11.601209353888937,7377.356274612443,1200.0
600.0,11.580239353888937,11665.267255807456,3000.0
600.0,11.693951384997565,356.05192905263067,300.0
600.0,11.631041384997564,512.3780893301542,600.0
600.0,11.603081384997564,731.1184773066839,1200.0
600.0,11.582111384997564,1162.306990320139,3000.0
600.0,11.693951384997565,731.1184773066839,300.0
600.0,11.631041384997564,1038.6523438270563,600.0
600.0,11.603081384997564,1472.2299639285989,1200.0
600.0,11.582111384997564,2330.999080502803,3000.0
600.0,11.693951384997565,1841.803678971608,300.0
600.0,11.631041384997564,2606.61421109634,600.0
600.0,11.603081384997564,3687.6623061542964,1200.0
600.0,11.582111384997564,5831.990894374223,3000.0
600.0,11.631041384997564,5216.099649705872,600.0
600.0,11.631041384997564,5216.099649705872,600.0
600.0,11.603081384997564,7377.356274612443,1200.0
600.0,11.582111384997564,11665.267255807456,3000.0
600.0,11.603081384997564,14755.728905163623,1200.0
600.0,11.603081384997564,14755.728905163623,1200.0
600.0,11.603081384997564,14755.728905163623,1200.0
600.0,11.582111384997564,23331.177377970154,3000.0
600.0,11.699798514257205,916.8800770583982,300.0
600.0,11.636888514257205,1300.447686154633,600.0
600.0,11.608928514257205,1841.803678971608,1200.0
600.0,11.587958514257206,2914.711041710269,3000.0
600.0,11.699798514257205,1841.803678971608,300.0
600.0,11.636888514257205,2606.61421109634,600.0
600.0,11.608928514257205,3687.6623061542964,1200.0
600.0,11.587958514257206,5831.990894374223,3000.0
600.0,11.699798514257205,4610.187250443536,300.0
600.0,11.636888514257205,6520.555644877016,600.0
600.0,11.608928514257205,9222.000233665405,1200.0
600.0,11.587958514257206,14581.776925520877,3000.0
600.0,11.636888514257205,13042.261109797359,600.0
600.0,11.636888514257205,13042.261109797359,600.0
600.0,11.608928514257205,18444.813602488543,1200.0
600.0,11.587958514257206,29164.068156879974,3000.0
600.0,11.608928514257205,36890.03380616498,1200.0
600.0,11.608928514257205,36890.03380616498,1200.0
600.0,11.608928514257205,36890.03380616498,1200.0
600.0,11.587958514257206,58328.3934751822,3000.0
600.0,11.710362022900911,1841.803678971608,300.0
600.0,11.64745202290091,2606.61421109634,600.0
600.0,11.61949202290091,3687.6623061542964,1200.0
600.0,11.59852202290091,5831.990894374223,3000.0
600.0,11.710362022900911,3687.6623061542964,300.0
600.0,11.64745202290091,5216.099649705872,600.0
600.0,11.61949202290091,7377.356274612443,1200.0
600.0,11.59852202290091,11665.267255807456,3000.0
600.0,11.710362022900911,9222.000233665405,300.0
600.0,11.64745202290091,13042.261109797359,600.0
600.0,11.61949202290091,18444.813602488543,1200.0
600.0,11.59852202290091,29164.068156879974,3000.0
600.0,11.64745202290091,26085.097224664853,600.0
600.0,11.64745202290091,26085.097224664853,600.0
600.0,11.61949202290091,36890.03380616498,1200.0
600.0,11.59852202290091,58328.3934751822,3000.0
600.0,11.61949202290091,73780.27091712545,1200.0
600.0,11.61949202290091,73780.27091712545,1200.0
600.0,11.61949202290091,73780.27091712545,1200.0
600.0,11.59852202290091,116656.91553213848,3000.0
600.0,11.72963395567791,3318.6102929040903,300.0
600.0,11.66672395567791,4694.287481505502,600.0
600.0,11.638763955677911,6639.477623863486,1200.0
600.0,11.61779395567791,10498.650057648638,3000.0
600.0,11.72963395567791,6639.477623863486,300.0
600.0,11.66672395567791,9390.171608364837,600.0
600.0,11.638763955677911,13280.084486491183,1200.0
600.0,11.61779395567791,20998.014399705997,3000.0
600.0,11.72963395567791,16600.27501812931,300.0
600.0,11.66672395567791,23476.547037645265,600.0
600.0,11.638763955677911,33201.001812436225,1200.0
600.0,11.61779395567791,52495.53603100912,3000.0
600.0,11.66672395567791,46953.41353472302,600.0
600.0,11.66672395567791,46953.41353472302,600.0
600.0,11.638763955677911,66402.22951872463,1200.0
600.0,11.61779395567791,104991.21493056374,3000.0
600.0,11.638763955677911,132804.5719850958,1200.0
600.0,11.638763955677911,132804.5719850958,1200.0
600.0,11.638763955677911,132804.5719850958,1200.0
600.0,11.61779395567791,209982.50129558248,3000.0
600.0,11.810909353888936,162.15332375277188,300.0
600.0,11.692079353888936,243.5683772934517,600.0
600.0,11.629169353888937,356.05192905263067,1200.0
600.0,11.594219353888937,574.8971059302012,3000.0
600.0,11.810909353888936,356.05192905263067,300.0
600.0,11.692079353888936,512.3780893301542,600.0
600.0,11.629169353888937,731.1184773066839,1200.0
600.0,11.594219353888937,1162.306990320139,3000.0
600.0,11.810909353888936,916.8800770583982,300.0
600.0,11.692079353888936,1300.447686154633,600.0
600.0,11.629169353888937,1841.803678971608,1200.0
600.0,11.594219353888937,2914.711041710269,3000.0
600.0,11.692079353888936,2606.61421109634,600.0
600.0,11.692079353888936,2606.61421109634,600.0
600.0,11.629169353888937,3687.6623061542964,1200.0
600.0,11.594219353888937,5831.990894374223,3000.0
600.0,11.629169353888937,7377.356274612443,1200.0
600.0,11.629169353888937,7377.356274612443,1200.0
600.0,11.629169353888937,7377.356274612443,1200.0
600.0,11.594219353888937,11665.267255807456,3000.0
600.0,11.812781384997564,356.05192905263067,300.0
600.0,11.693951384997565,512.3780893301542,600.0
600.0,11.631041384997564,731.1184773066839,1200.0
600.0,11.596091384997564,1162.306990320139,3000.0
600.0,11.812781384997564,731.1184773066839,300.0
600.0,11.693951384997565,1038.6523438270563,600.0
600.0,11.631041384997564,1472.2299639285989,1200.0
600.0,11.596091384997564,2330.999080502803,3000.0
600.0,11.812781384997564,1841.803678971608,300.0
600.0,11.693951384997565,2606.61421109634,600.0
600.0,11.631041384997564,3687.6623061542964,1200.0
600.0,11.596091384997564,5831.990894374223,3000.0
600.0,11.693951384997565,5216.099649705872,600.0
600.0,11.693951384997565,5216.099649705872,600.0
600.0,11.631041384997564,7377.356274612443,1200.0
600.0,11.596091384997564,11665.267255807456,3000.0
600.0,11.631041384997564,14755.728905163623,1200.0
600.0,11.631041384997564,14755.728905163623,1200.0
600.0,11.631041384997564,14755.728905163623,1200.0
600.0,11.596091384997564,23331.177377970154,3000.0
600.0,11.818628514257206,916.8800770583982,300.0
600.0,11.699798514257205,1300.447686154633,600.0
600.0,11.636888514257205,1841.803678971608,1200.0
600.0,11.601938514257206,2914.711041710269,3000.0
600.0,11.818628514257206,1841.803678971608,300.0
600.0,11.699798514257205,2606.61421109634,600.0
600.0,11.636888514257205,3687.6623061542964,1200.0
600.0,11.601938514257206,5831.990894374223,3000.0
600.0,11.818628514257206,4610.187250443536,300.0
600.0,11.699798514257205,6520.555644877016,600.0
600.0,11.636888514257205,9222.000233665405,1200.0
600.0,11.601938514257206,14581.776925520877,3000.0
600.0,11.699798514257205,13042.261109797359,600.0
600.0,11.699798514257205,13042.261109797359,600.0
600.0,11.636888514257205,18444.813602488543,1200.0
600.0,11.601938514257206,29164.068156879974,3000.0
600.0,11.636888514257205,36890.03380616498,1200.0
600.0,11.636888514257205,36890.03380616498,1200.0
600.0,11.636888514257205,36890.03380616498,1200.0
600.0,11.601938514257206,58328.3934751822,3000.0
600.0,11.82919202290091,1841.803678971608,300.0
600.0,11.710362022900911,2606.61421109634,600.0
600.0,11.64745202290091,3687.6623061542964,1200.0
600.0,11.61250202290091,5831.990894374223,3000.0
600.0,11.82919202290091,3687.6623061542964,300.0
600.0,11.710362022900911,5216.099649705872,600.0
600.0,11.64745202290091,7377.356274612443,1200.0
600.0,11.61250202290091,11665.267255807456,3000.0
600.0,11.82919202290091,9222.000233665405,300.0
600.0,11.710362022900911,13042.261109797359,600.0
600.0,11.64745202290091,18444.813602488543,1200.0
600.0,11.61250202290091,29164.068156879974,3000.0
600.0,11.710362022900911,26085.097224664853,600.0
600.0,11.710362022900911,26085.097224664853,600.0
600.0,11.64745202290091,36890.03380616498,1200.0
600.0,11.61250202290091,58328.3934751822,3000.0
600.0,11.64745202290091,73780.27091712545,1200.0
600.0,11.64745202290091,73780.27091712545,1200.0
600.0,11.64745202290091,73780.27091712545,1200.0
600.0,11.61250202290091,116656.91553213848,3000.0
600.0,11.84846395567791,3318.6102929040903,300.0
600.0,11.72963395567791,4694.287481505502,600.0
600.0,11.66672395567791,6639.477623863486,1200.0
600.0,11.631773955677911,10498.650057648638,3000.0
600.0,11.84846395567791,6639.477623863486,300.0
600.0,11.72963395567791,9390.171608364837,600.0
600.0,11.66672395567791,13280.084486491183,1200.0
600.0,11.631773955677911,20998.014399705997,3000.0
600.0,11.84846395567791,16600.27501812931,300.0
600.0,11.72963395567791,23476.547037645265,600.0
600.0,11.66672395567791,33201.001812436225,1200.0
600.0,11.631773955677911,52495.53603100912,3000.0
600.0,11.72963395567791,46953.41353472302,600.0
600.0,11.72963395567791,46953.41353472302,600.0
600.0,11.66672395567791,66402.22951872463,1200.0
600.0,11.631773955677911,104991.21493056374,3000.0
600.0,11.66672395567791,132804.5719850958,1200.0
600.0,11.66672395567791,132804.5719850958,1200.0
600.0,11.66672395567791,132804.5719850958,1200.0
600.0,11.631773955677911,209982.50129558248,3000.0
600.0,12.055559353888937,162.15332375277188,300.0
600.0,11.810909353888936,243.5683772934517,600.0
600.0,11.692079353888936,356.05192905263067,1200.0
600.0,11.615189353888937,574.8971059302012,3000.0
600.0,12.055559353888937,356.05192905263067,300.0
600.0,11.810909353888936,512.3780893301542,600.0
600.0,11.692079353888936,731.1184773066839,1200.0
600.0,11.615189353888937,1162.306990320139,3000.0
600.0,12.055559353888937,916.8800770583982,300.0
600.0,11.810909353888936,1300.447686154633,600.0
600.0,11.692079353888936,1841.803678971608,1200.0
600.0,11.615189353888937,2914.711041710269,3000.0
600.0,11.810909353888936,2606.61421109634,600.0
600.0,11.810909353888936,2606.61421109634,600.0
600.0,11.692079353888936,3687.6623061542964,1200.0
600.0,11.615189353888937,5831.990894374223,3000.0
600.0,11.692079353888936,7377.356274612443,1200.0
600.0,11.692079353888936,7377.356274612443,1200.0
600.0,11.692079353888936,7377.356274612443,1200.0
600.0,11.615189353888937,11665.267255807456,3000.0
600.0,12.057431384997564,356.05192905263067,300.0
600.0,11.812781384997564,512.3780893301542,600.0
600.0,11.693951384997565,731.1184773066839,1200.0
600.0,11.617061384997564,1162.306990320139,3000.0
600.0,12.057431384997564,731.1184773066839,300.0
600.0,11.812781384997564,1038.6523438270563,600.0
600.0,11.693951384997565,1472.2299639285989,1200.0
600.0,11.617061384997564,2330.999080502803,3000.0
600.0,12.057431384997564,1841.803678971608,300.0
600.0,11.812781384997564,2606.61421109634,600.0
600.0,11.693951384997565,3687.6623061542964,1200.0
600.0,11.617061384997564,5831.990894374223,3000.0
600.0,11.812781384997564,5216.099649705872,600.0
600.0,11.812781384997564,5216.099649705872,600.0
600.0,11.693951384997565,7377.356274612443,1200.0
600.0,11.617061384997564,11665.267255807456,3000.0
600.0,11.693951384997565,14755.728905163623,1200.0
600.0,11.693951384997565,14755.728905163623,1200.0
600.0,11.693951384997565,14755.728905163623,1200.0
600.0,11.617061384997564,23331.177377970154,3000.0
600.0,12.063278514257206,916.8800770583982,300.0
600.0,11.818628514257206,1300.447686154633,600.0
600.0,11.699798514257205,1841.803678971608,1200.0
600.0,11.622908514257205,2914.711041710269,3000.0
600.0,12.063278514257206,1841.803678971608,300.0
600.0,11.818628514257206,2606.61421109634,600.0
600.0,11.699798514257205,3687.6623061542964,1200.0
600.0,11.622908514257205,5831.990894374223,3000.0
600.0,12.063278514257206,4610.187250443536,300.0
600.0,11.818628514257206,6520.555644877016,600.0
600.0,11.699798514257205,9222.000233665405,1200.0
600.0,11.622908514257205,14581.776925520877,3000.0
600.0,11.818628514257206,13042.261109797359,600.0
600.0,11.818628514257206,13042.261109797359,600.0
600.0,11.699798514257205,18444.813602488543,1200.0
600.0,11.622908514257205,29164.068156879974,3000.0
600.0,11.699798514257205,36890.03380616498,1200.0
600.0,11.699798514257205,36890.03380616498,1200.0
600.0,11.699798514257205,36890.03380616498,1200.0
600.0,11.622908514257205,58328.3934751822,3000.0
600.0,12.07384202290091,1841.803678971608,300.0
600.0,11.82919202290091,2606.61421109634,600.0
600.0,11.710362022900911,3687.6623061542964,1200.0
600.0,11.63347202290091,5831.990894374223,3000.0
600.0,12.07384202290091,3687.6623061542964,300.0
600.0,11.82919202290091,5216.099649705872,600.0
600.0,11.710362022900911,7377.356274612443,1200.0
600.0,11.63347202290091,11665.267255807456,3000.0
600.0,12.07384202290091,9222.000233665405,300.0
600.0,11.82919202290091,13042.261109797359,600.0
600.0,11.710362022900911,18444.813602488543,1200.0
600.0,11.63347202290091,29164.068156879974,3000.0
600.0,11.82919202290091,26085.097224664853,600.0
600.0,11.82919202290091,26085.097224664853,600.0
600.0,11.710362022900911,36890.03380616498,1200.0
600.0,11.63347202290091,58328.3934751822,3000.0
600.0,11.710362022900911,73780.27091712545,1200.0
600.0,11.710362022900911,73780.27091712545,1200.0
600.0,11.710362022900911,73780.27091712545,1200.0
600.0,11.63347202290091,116656.91553213848,3000.0
600.0,12.09311395567791,3318.6102929040903,300.0
600.0,11.84846395567791,4694.287481505502,600.0
600.0,11.72963395567791,6639.477623863486,1200.0
600.0,11.652743955677911,10498.650057648638,3000.0
600.0,12.09311395567791,6639.477623863486,300.0
600.0,11.84846395567791,9390.171608364837,600.0
600.0,11.72963395567791,13280.084486491183,1200.0
600.0,11.652743955677911,20998.014399705997,3000.0
600.0,12.09311395567791,16600.27501812931,300.0
600.0,11.84846395567791,23476.547037645265,600.0
600.0,11.72963395567791,33201.001812436225,1200.0
600.0,11.652743955677911,52495.53603100912,3000.0
600.0,11.84846395567791,46953.41353472302,600.0
600.0,11.84846395567791,46953.41353472302,600.0
600.0,11.72963395567791,66402.22951872463,1200.0
600.0,11.652743955677911,104991.21493056374,3000.0
600.0,11.72963395567791,132804.5719850958,1200.0
600.0,11.72963395567791,132804.5719850958,1200.0
600.0,11.72963395567791,132804.5719850958,1200.0
600.0,11.652743955677911,209982.50129558248,3000.0
600.0,12.789509353888937,162.15332375277188,300.0
600.0,12.181379353888936,243.5683772934517,600.0
600.0,11.873819353888937,356.05192905263067,1200.0
600.0,11.692079353888936,574.8971059302012,3000.0
600.0,12.789509353888937,356.05192905263067,300.0
600.0,12.181379353888936,512.3780893301542,600.0
600.0,11.873819353888937,731.1184773066839,1200.0
600.0,11.692079353888936,1162.306990320139,3000.0
600.0,12.789509353888937,916.8800770583982,300.0
600.0,12.181379353888936,1300.447686154633,600.0
600.0,11.873819353888937,1841.803678971608,1200.0
600.0,11.692079353888936,2914.711041710269,3000.0
600.0,12.181379353888936,2606.61421109634,600.0
600.0,12.181379353888936,2606.61421109634,600.0
600.0,11.873819353888937,3687.6623061542964,1200.0
600.0,11.692079353888936,5831.990894374223,3000.0
600.0,11.873819353888937,7377.356274612443,1200.0
600.0,11.873819353888937,7377.356274612443,1200.0
600.0,11.873819353888937,7377.356274612443,1200.0
600.0,11.692079353888936,11665.267255807456,3000.0
600.0,12.791381384997564,356.05192905263067,300.0
600.0,12.183251384997565,512.3780893301542,600.0
600.0,11.875691384997564,731.1184773066839,1200.0
600.0,11.693951384997565,1162.306990320139,3000.0
600.0,12.791381384997564,731.1184773066839,300.0
600.0,12.183251384997565,1038.6523438270563,600.0
600.0,11.875691384997564,1472.2299639285989,1200.0
600.0,11.693951384997565,2330.999080502803,3000.0
600.0,12.791381384997564,1841.803678971608,300.0
600.0,12.183251384997565,2606.61421109634,600.0
600.0,11.875691384997564,3687.6623061542964,1200.0
600.0,11.693951384997565,5831.990894374223,3000.0
600.0,12.183251384997565,5216.099649705872,600.0
600.0,12.183251384997565,5216.099649705872,600.0
600.0,11.875691384997564,7377.356274612443,1200.0
600.0,11.693951384997565,11665.267255807456,3000.0
600.0,11.875691384997564,14755.728905163623,1200.0
600.0,11.875691384997564,14755.728905163623,1200.0
600.0,11.875691384997564,14755.728905163623,1200.0
600.0,11.693951384997565,23331.177377970154,3000.0
600.0,12.797228514257206,916.8800770583982,300.0
600.0,12.189098514257205,1300.447686154633,600.0
600.0,11.881538514257205,1841.803678971608,1200.0
600.0,11.699798514257205,2914.711041710269,3000.0
600.0,12.797228514257206,1841.803678971608,300.0
600.0,12.189098514257205,2606.61421109634,600.0
600.0,11.881538514257205,3687.6623061542964,1200.0
600.0,11.699798514257205,5831.990894374223,3000.0
600.0,12.797228514257206,4610.187250443536,300.0
600.0,12.189098514257205,6520.555644877016,600.0
600.0,11.881538514257205,9222.000233665405,1200.0
600.0,11.699798514257205,14581.776925520877,3000.0
600.0,12.189098514257205,13042.261109797359,600.0
600.0,12.189098514257205,13042.261109797359,600.0
600.0,11.881538514257205,18444.813602488543,1200.0
600.0,11.699798514257205,29164.068156879974,3000.0
600.0,11.881538514257205,36890.03380616498,1200.0
600.0,11.881538514257205,36890.03380616498,1200.0
600.0,11.881538514257205,36890.03380616498,1200.0
600.0,11.699798514257205,58328.3934751822,3000.0
600.0,12.80779202290091,1841.803678971608,300.0
600.0,12.19966202290091,2606.61421109634,600.0
600.0,11.892102022900911,3687.6623061542964,1200.0
600.0,11.710362022900911,5831.990894374223,3000.0
600.0,12.80779202290091,3687.6623061542964,300.0
600.0,12.19966202290091,5216.099649705872,600.0
600.0,11.892102022900911,7377.356274612443,1200.0
600.0,11.710362022900911,11665.267255807456,3000.0
600.0,12.80779202290091,9222.000233665405,300.0
600.0,12.19966202290091,13042.261109797359,600.0
600.0,11.892102022900911,18444.813602488543,1200.0
600.0,11.710362022900911,29164.068156879974,3000.0
600.0,12.19966202290091,26085.097224664853,600.0
600.0,12.19966202290091,26085.097224664853,600.0
600.0,11.892102022900911,36890.03380616498,1200.0
600.0,11.710362022900911,58328.3934751822,3000.0
600.0,11.892102022900911,73780.27091712545,1200.0
600.0,11.892102022900911,73780.27091712545,1200.0
600.0,11.892102022900911,73780.27091712545,1200.0
600.0,11.710362022900911,116656.91553213848,3000.0
600.0,12.827063955677911,3318.6102929040903,300.0
600.0,12.21893395567791,4694.287481505502,600.0
600.0,11.91137395567791,6639.477623863486,1200.0
600.0,11.72963395567791,10498.650057648638,3000.0
600.0,12.827063955677911,6639.477623863486,300.0
600.0,12.21893395567791,9390.171608364837,600.0
600.0,11.91137395567791,13280.084486491183,1200.0
600.0,11.72963395567791,20998.014399705997,3000.0
600.0,12.827063955677911,16600.27501812931,300.0
600.0,12.21893395567791,23476.547037645265,600.0
600.0,11.91137395567791,33201.001812436225,1200.0
600.0,11.72963395567791,52495.53603100912,3000.0
600.0,12.21893395567791,46953.41353472302,600.0
600.0,12.21893395567791,46953.41353472302,600.0
600.0,11.91137395567791,66402.22951872463,1200.0
600.0,11.72963395567791,104991.21493056374,3000.0
600.0,11.91137395567791,132804.5719850958,1200.0
600.0,11.91137395567791,132804.5719850958,1200.0
600.0,11.91137395567791,132804.5719850958,1200.0
600.0,11.72963395567791,209982.50129558248,3000.0
600.0,11.619305213336073,35.62228442207807,183.0
600.0,11.598335213336073,62.52454877420634,300.0
600.0,11.584355213336073,103.50480644712074,600.0
600.0,11.577365213336073,185.55700757030476,1500.0
600.0,11.619305213336073,103.50480644712074,183.0
600.0,11.598335213336073,162.15332375277188,300.0
600.0,11.584355213336073,243.5683772934517,600.0
600.0,11.577365213336073,400.8313719692897,1500.0
600.0,11.619305213336073,311.73516466718075,183.0
600.0,11.598335213336073,450.6521685493916,300.0
600.0,11.584355213336073,644.5976843991064,600.0
600.0,11.577365213336073,1026.2963846899056,1500.0
600.0,11.598335213336073,916.8800770583982,300.0
600.0,11.598335213336073,916.8800770583982,300.0
600.0,11.584355213336073,1300.447686154633,600.0
600.0,11.577365213336073,2059.80285844629,1500.0
600.0,11.584355213336073,2606.61421109634,600.0
600.0,11.584355213336073,2606.61421109634,600.0
600.0,11.584355213336073,2606.61421109634,600.0
600.0,11.577365213336073,4123.2345678977645,1500.0
600.0,11.62126076824838,103.50480644712074,150.0
600.0,11.60029076824838,162.15332375277188,300.0
600.0,11.58631076824838,243.5683772934517,600.0
600.0,11.57932076824838,400.8313719692897,1500.0
600.0,11.62126076824838,243.5683772934517,150.0
600.0,11.60029076824838,356.05192905263067,300.0
600.0,11.58631076824838,512.3780893301542,600.0
600.0,11.57932076824838,818.8938464593344,1500.0
600.0,11.62126076824838,644.5976843991064,150.0
600.0,11.60029076824838,916.8800770583982,300.0
600.0,11.58631076824838,1300.447686154633,600.0
600.0,11.57932076824838,2059.80285844629,1500.0
600.0,11.60029076824838,1841.803678971608,300.0
600.0,11.60029076824838,1841.803678971608,300.0
600.0,11.58631076824838,2606.61421109634,600.0
600.0,11.57932076824838,4123.2345678977645,1500.0
600.0,11.58631076824838,5216.099649705872,600.0
600.0,11.58631076824838,5216.099649705872,600.0
600.0,11.58631076824838,5216.099649705872,600.0
600.0,11.57932076824838,8248.28656005246,1500.0
600.0,11.627368776974244,311.73516466718075,150.0
600.0,11.606398776974244,450.6521685493916,300.0
600.0,11.592418776974243,644.5976843991064,600.0
600.0,11.585428776974243,1026.2963846899056,1500.0
600.0,11.627368776974244,644.5976843991064,150.0
600.0,11.606398776974244,916.8800770583982,300.0
600.0,11.592418776974243,1300.447686154633,600.0
600.0,11.585428776974243,2059.80285844629,1500.0
600.0,11.627368776974244,1627.2723203307864,150.0
600.0,11.606398776974244,2303.470039279573,300.0
600.0,11.592418776974243,3259.1287621967717,600.0
600.0,11.585428776974243,5154.588343434221,1500.0
600.0,11.606398776974244,4610.187250443536,300.0
600.0,11.606398776974244,4610.187250443536,300.0
600.0,11.592418776974243,6520.555644877016,600.0
600.0,11.585428776974243,10310.630914651763,1500.0
600.0,11.592418776974243,13042.261109797359,600.0
600.0,11.592418776974243,13042.261109797359,600.0
600.0,11.592418776974243,13042.261109797359,600.0
600.0,11.585428776974243,20621.989135530097,1500.0
600.0,11.638403594250619,644.5976843991064,150.0
600.0,11.617433594250619,916.8800770583982,300.0
600.0,11.603453594250619,1300.447686154633,600.0
600.0,11.596463594250618,2059.80285844629,1500.0
600.0,11.638403594250619,1300.447686154633,150.0
600.0,11.617433594250619,1841.803678971608,300.0
600.0,11.603453594250619,2606.61421109634,600.0
600.0,11.596463594250618,4123.2345678977645,1500.0
600.0,11.638403594250619,3259.1287621967717,150.0
600.0,11.617433594250619,4610.187250443536,300.0
600.0,11.603453594250619,6520.555644877016,600.0
600.0,11.596463594250618,10310.630914651763,1500.0
600.0,11.617433594250619,9222.000233665405,300.0
600.0,11.617433594250619,9222.000233665405,300.0
600.0,11.603453594250619,13042.261109797359,600.0
600.0,11.596463594250618,20621.989135530097,1500.0
600.0,11.603453594250619,26085.097224664853,600.0
600.0,11.603453594250619,26085.097224664853,600.0
600.0,11.603453594250619,26085.097224664853,600.0
600.0,11.596463594250618,41244.34194822276,1500.0
600.0,11.658535376590146,1169.6015146619875,150.0
600.0,11.637565376590146,1657.0538492048588,300.0
600.0,11.623585376590146,2345.5491291045223,600.0
600.0,11.616595376590146,3710.6554364308513,1500.0
600.0,11.658535376590146,2345.5491291045223,150.0
600.0,11.637565376590146,3318.6102929040903,300.0
600.0,11.623585376590146,4694.287481505502,600.0
600.0,11.616595376590146,7423.329972254066,1500.0
600.0,11.658535376590146,5868.338281955854,150.0
600.0,11.637565376590146,8299.685778988583,300.0
600.0,11.623585376590146,11737.954075690797,600.0
600.0,11.616595376590146,18559.73903867254,1500.0
600.0,11.637565376590146,16600.27501812931,300.0
600.0,11.637565376590146,16600.27501812931,300.0
600.0,11.623585376590146,23476.547037645265,600.0
600.0,11.616595376590146,37119.88216099182,1500.0
600.0,11.623585376590146,46953.41353472302,600.0
600.0,11.623585376590146,46953.41353472302,600.0
600.0,11.623585376590146,46953.41353472302,600.0
600.0,11.616595376590146,74239.96636793097,1500.0
600.0,11.668235213336072,35.62228442207807,183.0
600.0,11.619305213336073,62.52454877420634,300.0
600.0,11.598335213336073,103.50480644712074,600.0
600.0,11.584355213336073,185.55700757030476,1500.0
600.0,11.668235213336072,103.50480644712074,183.0
600.0,11.619305213336073,162.15332375277188,300.0
600.0,11.598335213336073,243.5683772934517,600.0
600.0,11.584355213336073,400.8313719692897,1500.0
600.0,11.668235213336072,311.73516466718075,183.0
600.0,11.619305213336073,450.6521685493916,300.0
600.0,11.598335213336073,644.5976843991064,600.0
600.0,11.584355213336073,1026.2963846899056,1500.0
600.0,11.619305213336073,916.8800770583982,300.0
600.0,11.619305213336073,916.8800770583982,300.0
600.0,11.598335213336073,1300.447686154633,600.0
600.0,11.584355213336073,2059.80285844629,1500.0
600.0,11.598335213336073,2606.61421109634,600.0
600.0,11.598335213336073,2606.61421109634,600.0
600.0,11.598335213336073,2606.61421109634,600.0
600.0,11.584355213336073,4123.2345678977645,1500.0
600.0,11.67019076824838,103.50480644712074,150.0
600.0,11.62126076824838,162.15332375277188,300.0
600.0,11.60029076824838,243.5683772934517,600.0
600.0,11.58631076824838,400.8313719692897,1500.0
600.0,11.67019076824838,243.5683772934517,150.0
600.0,11.62126076824838,356.05192905263067,300.0
600.0,11.60029076824838,512.3780893301542,600.0
600.0,11.58631076824838,818.8938464593344,1500.0
600.0,11.67019076824838,644.5976843991064,150.0
600.0,11.62126076824838,916.8800770583982,300.0
600.0,11.60029076824838,1300.447686154633,600.0
600.0,11.58631076824838,2059.80285844629,1500.0
600.0,11.62126076824838,1841.803678971608,300.0
600.0,11.62126076824838,1841.803678971608,300.0
600.0,11.60029076824838,2606.61421109634,600.0
600.0,11.58631076824838,4123.2345678977645,1500.0
600.0,11.60029076824838,5216.099649705872,600.0
600.0,11.60029076824838,5216.099649705872,600.0
600.0,11.60029076824838,5216.099649705872,600.0
600.0,11.58631076824838,8248.28656005246,1500.0
600.0,11.676298776974244,311.73516466718075,150.0
600.0,11.627368776974244,450.6521685493916,300.0
600.0,11.606398776974244,644.5976843991064,600.0
600.0,11.592418776974243,1026.2963846899056,1500.0
600.0,11.676298776974244,644.5976843991064,150.0
600.0,11.627368776974244,916.8800770583982,300.0
600.0,11.606398776974244,1300.447686154633,600.0
600.0,11.592418776974243,2059.80285844629,1500.0
600.0,11.676298776974244,1627.2723203307864,150.0
600.0,11.627368776974244,2303.470039279573,300.0
600.0,11.606398776974244,3259.1287621967717,600.0
600.0,11.592418776974243,5154.588343434221,1500.0
600.0,11.627368776974244,4610.187250443536,300.0
600.0,11.627368776974244,4610.187250443536,300.0
600.0,11.606398776974244,6520.555644877016,600.0
600.0,11.592418776974243,10310.630914651763,1500.0
600.0,11.606398776974244,13042.261109797359,600.0
600.0,11.606398776974244,13042.261109797359,600.0
600.0,11.606398776974244,13042.261109797359,600.0
600.0,11.592418776974243,20621.989135530097,1500.0
600.0,11.68733359425062,644.5976843991064,150.0
600.0,11.638403594250619,916.8800770583982,300.0
600.0,11.617433594250619,1300.447686154633,600.0
600.0,11.603453594250619,2059.80285844629,1500.0
600.0,11.68733359425062,1300.447686154633,150.0
600.0,11.638403594250619,1841.803678971608,300.0
600.0,11.617433594250619,2606.61421109634,600.0
600.0,11.603453594250619,4123.2345678977645,1500.0
600.0,11.68733359425062,3259.1287621967717,150.0
600.0,11.638403594250619,4610.187250443536,300.0
600.0,11.617433594250619,6520.555644877016,600.0
600.0,11.603453594250619,10310.630914651763,1500.0
600.0,11.638403594250619,9222.000233665405,300.0
600.0,11.638403594250619,9222.000233665405,300.0
600.0,11.617433594250619,13042.261109797359,600.0
600.0,11.603453594250619,20621.989135530097,1500.0
600.0,11.617433594250619,26085.097224664853,600.0
600.0,11.617433594250619,26085.097224664853,600.0
600.0,11.617433594250619,26085.097224664853,600.0
600.0,11.603453594250619,41244.34194822276,1500.0
600.0,11.707465376590147,1169.6015146619875,150.0
600.0,11.658535376590146,1657.0538492048588,300.0
600.0,11.637565376590146,2345.5491291045223,600.0
600.0,11.623585376590146,3710.6554364308513,1500.0
600.0,11.707465376590147,2345.5491291045223,150.0
600.0,11.658535376590146,3318.6102929040903,300.0
600.0,11.637565376590146,4694.287481505502,600.0
600.0,11.623585376590146,7423.329972254066,1500.0
600.0,11.707465376590147,5868.338281955854,150.0
600.0,11.658535376590146,8299.685778988583,300.0
600.0,11.637565376590146,11737.954075690797,600.0
600.0,11.623585376590146,18559.73903867254,1500.0
600.0,11.658535376590146,16600.27501812931,300.0
600.0,11.658535376590146,16600.27501812931,300.0
600.0,11.637565376590146,23476.547037645265,600.0
600.0,11.623585376590146,37119.88216099182,1500.0
600.0,11.637565376590146,46953.41353472302,600.0
600.0,11.637565376590146,46953.41353472302,600.0
600.0,11.637565376590146,46953.41353472302,600.0
600.0,11.623585376590146,74239.96636793097,1500.0
600.0,11.815025213336073,35.62228442207807,183.0
600.0,11.696195213336072,62.52454877420634,300.0
600.0,11.633285213336073,103.50480644712074,600.0
600.0,11.598335213336073,185.55700757030476,1500.0
600.0,11.815025213336073,103.50480644712074,183.0
600.0,11.696195213336072,162.15332375277188,300.0
600.0,11.633285213336073,243.5683772934517,600.0
600.0,11.598335213336073,400.8313719692897,1500.0
600.0,11.815025213336073,311.73516466718075,183.0
600.0,11.696195213336072,450.6521685493916,300.0
600.0,11.633285213336073,644.5976843991064,600.0
600.0,11.598335213336073,1026.2963846899056,1500.0
600.0,11.696195213336072,916.8800770583982,300.0
600.0,11.696195213336072,916.8800770583982,300.0
600.0,11.633285213336073,1300.447686154633,600.0
600.0,11.598335213336073,2059.80285844629,1500.0
600.0,11.633285213336073,2606.61421109634,600.0
600.0,11.633285213336073,2606.61421109634,600.0
600.0,11.633285213336073,2606.61421109634,600.0
600.0,11.598335213336073,4123.2345678977645,1500.0
600.0,11.81698076824838,103.50480644712074,150.0
600.0,11.69815076824838,162.15332375277188,300.0
600.0,11.63524076824838,243.5683772934517,600.0
600.0,11.60029076824838,400.8313719692897,1500.0
600.0,11.81698076824838,243.5683772934517,150.0
600.0,11.69815076824838,356.05192905263067,300.0
600.0,11.63524076824838,512.3780893301542,600.0
600.0,11.60029076824838,818.8938464593344,1500.0
600.0,11.81698076824838,644.5976843991064,150.0
600.0,11.69815076824838,916.8800770583982,300.0
600.0,11.63524076824838,1300.447686154633,600.0
600.0,11.60029076824838,2059.80285844629,1500.0
600.0,11.69815076824838,1841.803678971608,300.0
600.0,11.69815076824838,1841.803678971608,300.0
600.0,11.63524076824838,2606.61421109634,600.0
600.0,11.60029076824838,4123.2345678977645,1500.0
600.0,11.63524076824838,5216.099649705872,600.0
600.0,11.63524076824838,5216.099649705872,600.0
600.0,11.63524076824838,5216.099649705872,600.0
600.0,11.60029076824838,8248.28656005246,1500.0
600.0,11.823088776974243,311.73516466718075,150.0
600.0,11.704258776974243,450.6521685493916,300.0
600.0,11.641348776974244,644.5976843991064,600.0
600.0,11.606398776974244,1026.2963846899056,1500.0
600.0,11.823088776974243,644.5976843991064,150.0
600.0,11.704258776974243,916.8800770583982,300.0
600.0,11.641348776974244,1300.447686154633,600.0
600.0,11.606398776974244,2059.80285844629,1500.0
600.0,11.823088776974243,1627.2723203307864,150.0
600.0,11.704258776974243,2303.470039279573,300.0
600.0,11.641348776974244,3259.1287621967717,600.0
600.0,11.606398776974244,5154.588343434221,1500.0
600.0,11.704258776974243,4610.187250443536,300.0
600.0,11.704258776974243,4610.187250443536,300.0
600.0,11.641348776974244,6520.555644877016,600.0
600.0,11.606398776974244,10310.630914651763,1500.0
600.0,11.641348776974244,13042.261109797359,600.0
600.0,11.641348776974244,13042.261109797359,600.0
600.0,11.641348776974244,13042.261109797359,600.0
600.0,11.606398776974244,20621.989135530097,1500.0
600.0,11.834123594250618,644.5976843991064,150.0
600.0,11.71529359425062,916.8800770583982,300.0
600.0,11.652383594250619,1300.447686154633,600.0
600.0,11.617433594250619,2059.80285844629,1500.0
600.0,11.834123594250618,1300.447686154633,150.0
600.0,11.71529359425062,1841.803678971608,300.0
600.0,11.652383594250619,2606.61421109634,600.0
600.0,11.617433594250619,4123.2345678977645,1500.0
600.0,11.834123594250618,3259.1287621967717,150.0
600.0,11.71529359425062,4610.187250443536,300.0
600.0,11.652383594250619,6520.555644877016,600.0
600.0,11.617433594250619,10310.630914651763,1500.0
600.0,11.71529359425062,9222.000233665405,300.0
600.0,11.71529359425062,9222.000233665405,300.0
600.0,11.652383594250619,13042.261109797359,600.0
600.0,11.617433594250619,20621.989135530097,1500.0
600.0,11.652383594250619,26085.097224664853,600.0
600.0,11.652383594250619,26085.097224664853,600.0
600.0,11.652383594250619,26085.097224664853,600.0
600.0,11.617433594250619,41244.34194822276,1500.0
600.0,11.854255376590146,1169.6015146619875,150.0
600.0,11.735425376590145,1657.0538492048588,300.0
600.0,11.672515376590146,2345.5491291045223,600.0
600.0,11.637565376590146,3710.6554364308513,1500.0
600.0,11.854255376590146,2345.5491291045223,150.0
600.0,11.735425376590145,3318.6102929040903,300.0
600.0,11.672515376590146,4694.287481505502,600.0
600.0,11.637565376590146,7423.329972254066,1500.0
600.0,11.854255376590146,5868.338281955854,150.0
600.0,11.735425376590145,8299.685778988583,300.0
600.0,11.672515376590146,11737.954075690797,600.0
600.0,11.637565376590146,18559.73903867254,1500.0
600.0,11.735425376590145,16600.27501812931,300.0
600.0,11.735425376590145,16600.27501812931,300.0
600.0,11.672515376590146,23476.547037645265,600.0
600.0,11.637565376590146,37119.88216099182,1500.0
600.0,11.672515376590146,46953.41353472302,600.0
600.0,11.672515376590146,46953.41353472302,600.0
600.0,11.672515376590146,46953.41353472302,600.0
600.0,11.637565376590146,74239.96636793097,1500.0
600.0,12.059675213336073,35.62228442207807,183.0
600.0,11.815025213336073,62.52454877420634,300.0
600.0,11.696195213336072,103.50480644712074,600.0
600.0,11.619305213336073,185.55700757030476,1500.0
600.0,12.059675213336073,103.50480644712074,183.0
600.0,11.815025213336073,162.15332375277188,300.0
600.0,11.696195213336072,243.5683772934517,600.0
600.0,11.619305213336073,400.8313719692897,1500.0
600.0,12.059675213336073,311.73516466718075,183.0
600.0,11.815025213336073,450.6521685493916,300.0
600.0,11.696195213336072,644.5976843991064,600.0
600.0,11.619305213336073,1026.2963846899056,1500.0
600.0,11.815025213336073,916.8800770583982,300.0
600.0,11.815025213336073,916.8800770583982,300.0
600.0,11.696195213336072,1300.447686154633,600.0
600.0,11.619305213336073,2059.80285844629,1500.0
600.0,11.696195213336072,2606.61421109634,600.0
600.0,11.696195213336072,2606.61421109634,600.0
600.0,11.696195213336072,2606.61421109634,600.0
600.0,11.619305213336073,4123.2345678977645,1500.0
600.0,12.06163076824838,103.50480644712074,150.0
600.0,11.81698076824838,162.15332375277188,300.0
600.0,11.69815076824838,243.5683772934517,600.0
600.0,11.62126076824838,400.8313719692897,1500.0
600.0,12.06163076824838,243.5683772934517,150.0
600.0,11.81698076824838,356.05192905263067,300.0
600.0,11.69815076824838,512.3780893301542,600.0
600.0,11.62126076824838,818.8938464593344,1500.0
600.0,12.06163076824838,644.5976843991064,150.0
600.0,11.81698076824838,916.8800770583982,300.0
600.0,11.69815076824838,1300.447686154633,600.0
600.0,11.62126076824838,2059.80285844629,1500.0
600.0,11.81698076824838,1841.803678971608,300.0
600.0,11.81698076824838,1841.803678971608,300.0
600.0,11.69815076824838,2606.61421109634,600.0
600.0,11.62126076824838,4123.2345678977645,1500.0
600.0,11.69815076824838,5216.099649705872,600.0
600.0,11.69815076824838,5216.099649705872,600.0
600.0,11.69815076824838,5216.099649705872,600.0
600.0,11.62126076824838,8248.28656005246,1500.0
600.0,12.067738776974243,311.73516466718075,150.0
600.0,11.823088776974243,450.6521685493916,300.0
600.0,11.704258776974243,644.5976843991064,600.0
600.0,11.627368776974244,1026.2963846899056,1500.0
600.0,12.067738776974243,644.5976843991064,150.0
600.0,11.823088776974243,916.8800770583982,300.0
600.0,11.704258776974243,1300.447686154633,600.0
600.0,11.627368776974244,2059.80285844629,1500.0
600.0,12.067738776974243,1627.2723203307864,150.0
600.0,11.823088776974243,2303.470039279573,300.0
600.0,11.704258776974243,3259.1287621967717,600.0
600.0,11.627368776974244,5154.588343434221,1500.0
600.0,11.823088776974243,4610.187250443536,300.0
600.0,11.823088776974243,4610.187250443536,300.0
600.0,11.704258776974243,6520.555644877016,600.0
600.0,11.627368776974244,10310.630914651763,1500.0
600.0,11.704258776974243,13042.261109797359,600.0
600.0,11.704258776974243,13042.261109797359,600.0
600.0,11.704258776974243,13042.261109797359,600.0
600.0,11.627368776974244,20621.989135530097,1500.0
600.0,12.078773594250618,644.5976843991064,150.0
600.0,11.834123594250618,916.8800770583982,300.0
600.0,11.71529359425062,1300.447686154633,600.0
600.0,11.638403594250619,2059.80285844629,1500.0
600.0,12.078773594250618,1300.447686154633,150.0
600.0,11.834123594250618,1841.803678971608,300.0
600.0,11.71529359425062,2606.61421109634,600.0
600.0,11.638403594250619,4123.2345678977645,1500.0
600.0,12.078773594250618,3259.1287621967717,150.0
600.0,11.834123594250618,4610.187250443536,300.0
600.0,11.71529359425062,6520.555644877016,600.0
600.0,11.638403594250619,10310.630914651763,1500.0
600.0,11.834123594250618,9222.000233665405,300.0
600.0,11.834123594250618,9222.000233665405,300.0
600.0,11.71529359425062,13042.261109797359,600.0
600.0,11.638403594250619,20621.989135530097,1500.0
600.0,11.71529359425062,26085.097224664853,600.0
600.0,11.71529359425062,26085.097224664853,600.0
600.0,11.71529359425062,26085.097224664853,600.0
600.0,11.638403594250619,41244.34194822276,1500.0
600.0,12.098905376590146,1169.6015146619875,150.0
600.0,11.854255376590146,1657.0538492048588,300.0
600.0,11.735425376590145,2345.5491291045223,600.0
600.0,11.658535376590146,3710.6554364308513,1500.0
600.0,12.098905376590146,2345.5491291045223,150.0
600.0,11.854255376590146,3318.6102929040903,300.0
600.0,11.735425376590145,4694.287481505502,600.0
600.0,11.658535376590146,7423.329972254066,1500.0
600.0,12.098905376590146,5868.338281955854,150.0
600.0,11.854255376590146,8299.685778988583,300.0
600.0,11.735425376590145,11737.954075690797,600.0
600.0,11.658535376590146,18559.73903867254,1500.0
600.0,11.854255376590146,16600.27501812931,300.0
600.0,11.854255376590146,16600.27501812931,300.0
600.0,11.735425376590145,23476.547037645265,600.0
600.0,11.658535376590146,37119.88216099182,1500.0
600.0,11.735425376590145,46953.41353472302,600.0
600.0,11.735425376590145,46953.41353472302,600.0
600.0,11.735425376590145,46953.41353472302,600.0
600.0,11.658535376590146,74239.96636793097,1500.0
600.0,12.548975213336071,35.62228442207807,183.0
600.0,12.059675213336073,62.52454877420634,300.0
600.0,11.815025213336073,103.50480644712074,600.0
600.0,11.668235213336072,185.55700757030476,1500.0
600.0,12.548975213336071,103.50480644712074,183.0
600.0,12.059675213336073,162.15332375277188,300.0
600.0,11.815025213336073,243.5683772934517,600.0
600.0,11.668235213336072,400.8313719692897,1500.0
600.0,12.548975213336071,311.73516466718075,183.0
600.0,12.059675213336073,450.6521685493916,300.0
600.0,11.815025213336073,644.5976843991064,600.0
600.0,11.668235213336072,1026.2963846899056,1500.0
600.0,12.059675213336073,916.8800770583982,300.0
600.0,12.059675213336073,916.8800770583982,300.0
600.0,11.815025213336073,1300.447686154633,600.0
600.0,11.668235213336072,2059.80285844629,1500.0
600.0,11.815025213336073,2606.61421109634,600.0
600.0,11.815025213336073,2606.61421109634,600.0
600.0,11.815025213336073,2606.61421109634,600.0
600.0,11.668235213336072,4123.2345678977645,1500.0
600.0,12.55093076824838,103.50480644712074,150.0
600.0,12.06163076824838,162.15332375277188,300.0
600.0,11.81698076824838,243.5683772934517,600.0
600.0,11.67019076824838,400.8313719692897,1500.0
600.0,12.55093076824838,243.5683772934517,150.0
600.0,12.06163076824838,356.05192905263067,300.0
600.0,11.81698076824838,512.3780893301542,600.0
600.0,11.67019076824838,818.8938464593344,1500.0
600.0,12.55093076824838,644.5976843991064,150.0
600.0,12.06163076824838,916.8800770583982,300.0
600.0,11.81698076824838,1300.447686154633,600.0
600.0,11.67019076824838,2059.80285844629,1500.0
600.0,12.06163076824838,1841.803678971608,300.0
600.0,12.06163076824838,1841.803678971608,300.0
600.0,11.81698076824838,2606.61421109634,600.0
600.0,11.67019076824838,4123.2345678977645,1500.0
600.0,11.81698076824838,5216.099649705872,600.0
600.0,11.81698076824838,5216.099649705872,600.0
600.0,11.81698076824838,5216.099649705872,600.0
600.0,11.67019076824838,8248.28656005246,1500.0
600.0,12.557038776974244,311.73516466718075,150.0
600.0,12.067738776974243,450.6521685493916,300.0
600.0,11.823088776974243,644.5976843991064,600.0
600.0,11.676298776974244,1026.2963846899056,1500.0
600.0,12.557038776974244,644.5976843991064,150.0
600.0,12.067738776974243,916.8800770583982,300.0
600.0,11.823088776974243,1300.447686154633,600.0
600.0,11.676298776974244,2059.80285844629,1500.0
600.0,12.557038776974244,1627.2723203307864,150.0
600.0,12.067738776974243,2303.470039279573,300.0
600.0,11.823088776974243,3259.1287621967717,600.0
600.0,11.676298776974244,5154.588343434221,1500.0
600.0,12.067738776974243,4610.187250443536,300.0
600.0,12.067738776974243,4610.187250443536,300.0
600.0,11.823088776974243,6520.555644877016,600.0
600.0,11.676298776974244,10310.630914651763,1500.0
600.0,11.823088776974243,13042.261109797359,600.0
600.0,11.823088776974243,13042.261109797359,600.0
600.0,11.823088776974243,13042.261109797359,600.0
600.0,11.676298776974244,20621.989135530097,1500.0
600.0,12.568073594250619,644.5976843991064,150.0
600.0,12.078773594250618,916.8800770583982,300.0
600.0,11.834123594250618,1300.447686154633,600.0
600.0,11.68733359425062,2059.80285844629,1500.0
600.0,12.568073594250619,1300.447686154633,150.0
600.0,12.078773594250618,1841.803678971608,300.0
600.0,11.834123594250618,2606.61421109634,600.0
600.0,11.68733359425062,4123.2345678977645,1500.0
600.0,12.568073594250619,3259.1287621967717,150.0
600.0,12.078773594250618,4610.187250443536,300.0
600.0,11.834123594250618,6520.555644877016,600.0
600.0,11.68733359425062,10310.630914651763,1500.0
600.0,12.078773594250618,9222.000233665405,300.0
600.0,12.078773594250618,9222.000233665405,300.0
600.0,11.834123594250618,13042.261109797359,600.0
600.0,11.68733359425062,20621.989135530097,1500.0
600.0,11.834123594250618,26085.097224664853,600.0
600.0,11.834123594250618,26085.097224664853,600.0
600.0,11.834123594250618,26085.097224664853,600.0
600.0,11.68733359425062,41244.34194822276,1500.0
600.0,12.588205376590146,1169.6015146619875,150.0
600.0,12.098905376590146,1657.0538492048588,300.0
600.0,11.854255376590146,2345.5491291045223,600.0
600.0,11.707465376590147,3710.6554364308513,1500.0
600.0,12.588205376590146,2345.5491291045223,150.0
600.0,12.098905376590146,3318.6102929040903,300.0
600.0,11.854255376590146,4694.287481505502,600.0
600.0,11.707465376590147,7423.329972254066,1500.0
600.0,12.588205376590146,5868.338281955854,150.0
600.0,12.098905376590146,8299.685778988583,300.0
600.0,11.854255376590146,11737.954075690797,600.0
600.0,11.707465376590147,18559.73903867254,1500.0
600.0,12.098905376590146,16600.27501812931,300.0
600.0,12.098905376590146,16600.27501812931,300.0
600.0,11.854255376590146,23476.547037645265,600.0
600.0,11.707465376590147,37119.88216099182,1500.0
600.0,11.854255376590146,46953.41353472302,600.0
600.0,11.854255376590146,46953.41353472302,600.0
600.0,11.854255376590146,46953.41353472302,600.0
600.0,11.707465376590147,74239.96636793097,1500.0
600.0,14.016875213336071,35.62228442207807,183.0
600.0,12.793625213336073,62.52454877420634,300.0
600.0,12.185495213336072,103.50480644712074,600.0
600.0,11.815025213336073,185.55700757030476,1500.0
600.0,14.016875213336071,103.50480644712074,183.0
600.0,12.793625213336073,162.15332375277188,300.0
600.0,12.185495213336072,243.5683772934517,600.0
600.0,11.815025213336073,400.8313719692897,1500.0
600.0,14.016875213336071,311.73516466718075,183.0
600.0,12.793625213336073,450.6521685493916,300.0
600.0,12.185495213336072,644.5976843991064,600.0
600.0,11.815025213336073,1026.2963846899056,1500.0
600.0,12.793625213336073,916.8800770583982,300.0
600.0,12.793625213336073,916.8800770583982,300.0
600.0,12.185495213336072,1300.447686154633,600.0
600.0,11.815025213336073,2059.80285844629,1500.0
600.0,12.185495213336072,2606.61421109634,600.0
600.0,12.185495213336072,2606.61421109634,600.0
600.0,12.185495213336072,2606.61421109634,600.0
600.0,11.815025213336073,4123.2345678977645,1500.0
600.0,14.01883076824838,103.50480644712074,150.0
600.0,12.79558076824838,162.15332375277188,300.0
600.0,12.18745076824838,243.5683772934517,600.0
600.0,11.81698076824838,400.8313719692897,1500.0
600.0,14.01883076824838,243.5683772934517,150.0
600.0,12.79558076824838,356.05192905263067,300.0
600.0,12.18745076824838,512.3780893301542,600.0
600.0,11.81698076824838,818.8938464593344,1500.0
600.0,14.01883076824838,644.5976843991064,150.0
600.0,12.79558076824838,916.8800770583982,300.0
600.0,12.18745076824838,1300.447686154633,600.0
600.0,11.81698076824838,2059.80285844629,1500.0
600.0,12.79558076824838,1841.803678971608,300.0
600.0,12.79558076824838,1841.803678971608,300.0
600.0,12.18745076824838,2606.61421109634,600.0
600.0,11.81698076824838,4123.2345678977645,1500.0
600.0,12.18745076824838,5216.099649705872,600.0
600.0,12.18745076824838,5216.099649705872,600.0
600.0,12.18745076824838,5216.099649705872,600.0
600.0,11.81698076824838,8248.28656005246,1500.0
600.0,14.024938776974244,311.73516466718075,150.0
600.0,12.801688776974244,450.6521685493916,300.0
600.0,12.193558776974243,644.5976843991064,600.0
600.0,11.823088776974243,1026.2963846899056,1500.0
600.0,14.024938776974244,644.5976843991064,150.0
600.0,12.801688776974244,916.8800770583982,300.0
600.0,12.193558776974243,1300.447686154633,600.0
600.0,11.823088776974243,2059.80285844629,1500.0
600.0,14.024938776974244,1627.2723203307864,150.0
600.0,12.801688776974244,2303.470039279573,300.0
600.0,12.193558776974243,3259.1287621967717,600.0
600.0,11.823088776974243,5154.588343434221,1500.0
600.0,12.801688776974244,4610.187250443536,300.0
600.0,12.801688776974244,4610.187250443536,300.0
600.0,12.193558776974243,6520.555644877016,600.0
600.0,11.823088776974243,10310.630914651763,1500.0
600.0,12.193558776974243,13042.261109797359,600.0
600.0,12.193558776974243,13042.261109797359,600.0
600.0,12.193558776974243,13042.261109797359,600.0
600.0,11.823088776974243,20621.989135530097,1500.0
600.0,14.035973594250619,644.5976843991064,150.0
600.0,12.812723594250619,916.8800770583982,300.0
600.0,12.20459359425062,1300.447686154633,600.0
600.0,11.834123594250618,2059.80285844629,1500.0
600.0,14.035973594250619,1300.447686154633,150.0
600.0,12.812723594250619,1841.803678971608,300.0
600.0,12.20459359425062,2606.61421109634,600.0
600.0,11.834123594250618,4123.2345678977645,1500.0
600.0,14.035973594250619,3259.1287621967717,150.0
600.0,12.812723594250619,4610.187250443536,300.0
600.0,12.20459359425062,6520.555644877016,600.0
600.0,11.834123594250618,10310.630914651763,1500.0
600.0,12.812723594250619,9222.000233665405,300.0
600.0,12.812723594250619,9222.000233665405,300.0
600.0,12.20459359425062,13042.261109797359,600.0
600.0,11.834123594250618,20621.989135530097,1500.0
600.0,12.20459359425062,26085.097224664853,600.0
600.0,12.20459359425062,26085.097224664853,600.0
600.0,12.20459359425062,26085.097224664853,600.0
600.0,11.834123594250618,41244.34194822276,1500.0
600.0,14.056105376590146,1169.6015146619875,150.0
600.0,12.832855376590146,1657.0538492048588,300.0
600.0,12.224725376590145,2345.5491291045223,600.0
600.0,11.854255376590146,3710.6554364308513,1500.0
600.0,14.056105376590146,2345.5491291045223,150.0
600.0,12.832855376590146,3318.6102929040903,300.0
600.0,12.224725376590145,4694.287481505502,600.0
600.0,11.854255376590146,7423.329972254066,1500.0
600.0,14.056105376590146,5868.338281955854,150.0
600.0,12.832855376590146,8299.685778988583,300.0
600.0,12.224725376590145,11737.954075690797,600.0
600.0,11.854255376590146,18559.73903867254,1500.0
600.0,12.832855376590146,16600.27501812931,300.0
600.0,12.832855376590146,16600.27501812931,300.0
600.0,12.224725376590145,23476.547037645265,600.0
600.0,11.854255376590146,37119.88216099182,1500.0
600.0,12.224725376590145,46953.41353472302,600.0
600.0,12.224725376590145,46953.41353472302,600.0
600.0,12.224725376590145,46953.41353472302,600.0
600.0,11.854255376590146,74239.96636793097,1500.0
600.0,11.709677745917771,2.6854684100284816,183.0
600.0,11.64676774591777,5.301164774025272,183.0
600.0,11.61880774591777,10.338816264979878,240.00000000000003
600.0,11.59783774591777,24.131123227137234,600.0
600.0,11.709677745917771,10.338816264979878,183.0
600.0,11.64676774591777,19.731664417817726,183.0
600.0,11.61880774591777,36.34730695005034,240.00000000000003
600.0,11.59783774591777,75.33077810528877,600.0
600.0,11.709677745917771,52.49035377989052,183.0
600.0,11.64676774591777,88.56944404138956,183.0
600.0,11.61880774591777,141.08361375664495,240.00000000000003
600.0,11.59783774591777,243.56837729345173,600.0
600.0,11.64676774591777,214.44655768237337,183.0
600.0,11.64676774591777,214.44655768237337,183.0
600.0,11.61880774591777,315.7720970138804,240.00000000000003
600.0,11.59783774591777,512.3780893301544,600.0
600.0,11.61880774591777,652.4626775138361,240.00000000000003
600.0,11.61880774591777,652.4626775138361,240.00000000000003
600.0,11.61880774591777,652.4626775138361,240.00000000000003
600.0,11.59783774591777,1038.6523438270565,600.0
600.0,11.711906904051695,10.338816264979878,91.5
600.0,11.648996904051696,19.731664417817726,120.00000000000001
600.0,11.621036904051696,36.34730695005034,240.00000000000003
600.0,11.600066904051696,75.33077810528877,600.0
600.0,11.711906904051695,36.34730695005034,91.5
600.0,11.648996904051696,63.674905294800375,120.00000000000001
600.0,11.621036904051696,105.19689106345137,240.00000000000003
600.0,11.600066904051696,188.19080659027455,600.0
600.0,11.711906904051695,141.08361375664495,91.5
600.0,11.648996904051696,214.44655768237337,120.00000000000001
600.0,11.621036904051696,315.7720970138804,240.00000000000003
600.0,11.600066904051696,512.3780893301544,600.0
600.0,11.648996904051696,456.2681550578407,120.00000000000001
600.0,11.648996904051696,456.2681550578407,120.00000000000001
600.0,11.621036904051696,652.4626775138361,240.00000000000003
600.0,11.600066904051696,1038.6523438270565,600.0
600.0,11.621036904051696,1316.0506678465679,240.00000000000003
600.0,11.621036904051696,1316.0506678465679,240.00000000000003
600.0,11.621036904051696,1316.0506678465679,240.00000000000003
600.0,11.600066904051696,2084.43124416827,600.0
600.0,11.718869489069197,52.49035377989052,60.00000000000001
600.0,11.655959489069197,88.56944404138956,120.00000000000001
600.0,11.627999489069197,141.08361375664495,240.00000000000003
600.0,11.607029489069198,243.56837729345173,600.0
600.0,11.718869489069197,141.08361375664495,60.00000000000001
600.0,11.655959489069197,214.44655768237337,120.00000000000001
600.0,11.627999489069197,315.7720970138804,240.00000000000003
600.0,11.607029489069198,512.3780893301544,600.0
600.0,11.718869489069197,400.83137196928976,60.00000000000001
600.0,11.655959489069197,574.8971059302014,120.00000000000001
600.0,11.627999489069197,818.8938464593346,240.00000000000003
600.0,11.607029489069198,1300.447686154633,600.0
600.0,11.655959489069197,1162.3069903201394,120.00000000000001
600.0,11.655959489069197,1162.3069903201394,120.00000000000001
600.0,11.627999489069197,1646.7561430299202,240.00000000000003
600.0,11.607029489069198,2606.6142110963397,600.0
600.0,11.627999489069197,3298.042742285966,240.00000000000003
600.0,11.627999489069197,3298.042742285966,240.00000000000003
600.0,11.627999489069197,3298.042742285966,240.00000000000003
600.0,11.607029489069198,5216.099649705872,600.0
600.0,11.731448196285847,141.08361375664495,60.00000000000001
600.0,11.668538196285846,214.44655768237337,120.00000000000001
600.0,11.640578196285846,315.7720970138804,240.00000000000003
600.0,11.619608196285846,512.3780893301544,600.0
600.0,11.731448196285847,315.7720970138804,60.00000000000001
600.0,11.668538196285846,456.2681550578407,120.00000000000001
600.0,11.640578196285846,652.4626775138361,240.00000000000003
600.0,11.619608196285846,1038.6523438270565,600.0
600.0,11.731448196285847,818.8938464593346,60.00000000000001
600.0,11.668538196285846,1162.3069903201394,120.00000000000001
600.0,11.640578196285846,1646.7561430299202,240.00000000000003
600.0,11.619608196285846,2606.6142110963397,600.0
600.0,11.668538196285846,2330.9990805028037,120.00000000000001
600.0,11.668538196285846,2330.9990805028037,120.00000000000001
600.0,11.640578196285846,3298.042742285966,240.00000000000003
600.0,11.619608196285846,5216.099649705872,600.0
600.0,11.640578196285846,6598.356561179594,240.00000000000003
600.0,11.640578196285846,6598.356561179594,240.00000000000003
600.0,11.640578196285846,6598.356561179594,240.00000000000003
600.0,11.619608196285846,10433.636396298125,600.0
600.0,11.754396632082816,281.43170375013955,60.00000000000001
600.0,11.691486632082817,408.54278673483776,120.00000000000001
600.0,11.663526632082817,585.6765023243726,240.00000000000003
600.0,11.642556632082817,933.7908454687038,600.0
600.0,11.754396632082816,585.6765023243726,60.00000000000001
600.0,11.691486632082817,834.0397708823836,120.00000000000001
600.0,11.663526632082817,1183.653463609159,240.00000000000003
600.0,11.642556632082817,1875.4842407429867,600.0
600.0,11.754396632082816,1481.4446316770939,60.00000000000001
600.0,11.691486632082817,2097.44814315548,120.00000000000001
600.0,11.663526632082817,2967.919051621964,240.00000000000003
600.0,11.642556632082817,4694.287481505502,600.0
600.0,11.691486632082817,4198.4604329210615,120.00000000000001
600.0,11.691486632082817,4198.4604329210615,120.00000000000001
600.0,11.663526632082817,5938.361012469105,240.00000000000003
600.0,11.642556632082817,9390.171608364837,600.0
600.0,11.663526632082817,11877.984485163932,240.00000000000003
600.0,11.663526632082817,11877.984485163932,240.00000000000003
600.0,11.663526632082817,11877.984485163932,240.00000000000003
600.0,11.642556632082817,18781.1417939981,600.0
600.0,11.82850774591777,2.6854684100284816,183.0
600.0,11.709677745917771,5.301164774025272,183.0
600.0,11.64676774591777,10.338816264979878,240.00000000000003
600.0,11.61181774591777,24.131123227137234,600.0
600.0,11.82850774591777,10.338816264979878,183.0
600.0,11.709677745917771,19.731664417817726,183.0
600.0,11.64676774591777,36.34730695005034,240.00000000000003
600.0,11.61181774591777,75.33077810528877,600.0
600.0,11.82850774591777,52.49035377989052,183.0
600.0,11.709677745917771,88.56944404138956,183.0
600.0,11.64676774591777,141.08361375664495,240.00000000000003
600.0,11.61181774591777,243.56837729345173,600.0
600.0,11.709677745917771,214.44655768237337,183.0
600.0,11.709677745917771,214.44655768237337,183.0
600.0,11.64676774591777,315.7720970138804,240.00000000000003
600.0,11.61181774591777,512.3780893301544,600.0
600.0,11.64676774591777,652.4626775138361,240.00000000000003
600.0,11.64676774591777,652.4626775138361,240.00000000000003
600.0,11.64676774591777,652.4626775138361,240.00000000000003
600.0,11.61181774591777,1038.6523438270565,600.0
600.0,11.830736904051696,10.338816264979878,91.5
600.0,11.711906904051695,19.731664417817726,120.00000000000001
600.0,11.648996904051696,36.34730695005034,240.00000000000003
600.0,11.614046904051696,75.33077810528877,600.0
600.0,11.830736904051696,36.34730695005034,91.5
600.0,11.711906904051695,63.674905294800375,120.00000000000001
600.0,11.648996904051696,105.19689106345137,240.00000000000003
600.0,11.614046904051696,188.19080659027455,600.0
600.0,11.830736904051696,141.08361375664495,91.5
600.0,11.711906904051695,214.44655768237337,120.00000000000001
600.0,11.648996904051696,315.7720970138804,240.00000000000003
600.0,11.614046904051696,512.3780893301544,600.0
600.0,11.711906904051695,456.2681550578407,120.00000000000001
600.0,11.711906904051695,456.2681550578407,120.00000000000001
600.0,11.648996904051696,652.4626775138361,240.00000000000003
600.0,11.614046904051696,1038.6523438270565,600.0
600.0,11.648996904051696,1316.0506678465679,240.00000000000003
600.0,11.648996904051696,1316.0506678465679,240.00000000000003
600.0,11.648996904051696,1316.0506678465679,240.00000000000003
600.0,11.614046904051696,2084.43124416827,600.0
600.0,11.837699489069198,52.49035377989052,60.00000000000001
600.0,11.718869489069197,88.56944404138956,120.00000000000001
600.0,11.655959489069197,141.08361375664495,240.00000000000003
600.0,11.621009489069198,243.56837729345173,600.0
600.0,11.837699489069198,141.08361375664495,60.00000000000001
600.0,11.718869489069197,214.44655768237337,120.00000000000001
600.0,11.655959489069197,315.7720970138804,240.00000000000003
600.0,11.621009489069198,512.3780893301544,600.0
600.0,11.837699489069198,400.83137196928976,60.00000000000001
600.0,11.718869489069197,574.8971059302014,120.00000000000001
600.0,11.655959489069197,818.8938464593346,240.00000000000003
600.0,11.621009489069198,1300.447686154633,600.0
600.0,11.718869489069197,1162.3069903201394,120.00000000000001
600.0,11.718869489069197,1162.3069903201394,120.00000000000001
600.0,11.655959489069197,1646.7561430299202,240.00000000000003
600.0,11.621009489069198,2606.6142110963397,600.0
600.0,11.655959489069197,3298.042742285966,240.00000000000003
600.0,11.655959489069197,3298.042742285966,240.00000000000003
600.0,11.655959489069197,3298.042742285966,240.00000000000003
600.0,11.621009489069198,5216.099649705872,600.0
600.0,11.850278196285846,141.08361375664495,60.00000000000001
600.0,11.731448196285847,214.44655768237337,120.00000000000001
600.0,11.668538196285846,315.7720970138804,240.00000000000003
600.0,11.633588196285846,512.3780893301544,600.0
600.0,11.850278196285846,315.7720970138804,60.00000000000001
600.0,11.731448196285847,456.2681550578407,120.00000000000001
600.0,11.668538196285846,652.4626775138361,240.00000000000003
600.0,11.633588196285846,1038.6523438270565,600.0
600.0,11.850278196285846,818.8938464593346,60.00000000000001
600.0,11.731448196285847,1162.3069903201394,120.00000000000001
600.0,11.668538196285846,1646.7561430299202,240.00000000000003
600.0,11.633588196285846,2606.6142110963397,600.0
600.0,11.731448196285847,2330.9990805028037,120.00000000000001
600.0,11.731448196285847,2330.9990805028037,120.00000000000001
600.0,11.668538196285846,3298.042742285966,240.00000000000003
600.0,11.633588196285846,5216.099649705872,600.0
600.0,11.668538196285846,6598.356561179594,240.00000000000003
600.0,11.668538196285846,6598.356561179594,240.00000000000003
600.0,11.668538196285846,6598.356561179594,240.00000000000003
600.0,11.633588196285846,10433.636396298125,600.0
600.0,11.873226632082817,281.43170375013955,60.00000000000001
600.0,11.754396632082816,408.54278673483776,120.00000000000001
600.0,11.691486632082817,585.6765023243726,240.00000000000003
600.0,11.656536632082817,933.7908454687038,600.0
600.0,11.873226632082817,585.6765023243726,60.00000000000001
600.0,11.754396632082816,834.0397708823836,120.00000000000001
600.0,11.691486632082817,1183.653463609159,240.00000000000003
600.0,11.656536632082817,1875.4842407429867,600.0
600.0,11.873226632082817,1481.4446316770939,60.00000000000001
600.0,11.754396632082816,2097.44814315548,120.00000000000001
600.0,11.691486632082817,2967.919051621964,240.00000000000003
600.0,11.656536632082817,4694.287481505502,600.0
600.0,11.754396632082816,4198.4604329210615,120.00000000000001
600.0,11.754396632082816,4198.4604329210615,120.00000000000001
600.0,11.691486632082817,5938.361012469105,240.00000000000003
600.0,11.656536632082817,9390.171608364837,600.0
600.0,11.691486632082817,11877.984485163932,240.00000000000003
600.0,11.691486632082817,11877.984485163932,240.00000000000003
600.0,11.691486632082817,11877.984485163932,240.00000000000003
600.0,11.656536632082817,18781.1417939981,600.0
600.0,12.198977745917771,2.6854684100284816,183.0
600.0,11.89141774591777,5.301164774025272,183.0
600.0,11.737637745917771,10.338816264979878,240.00000000000003
600.0,11.64676774591777,24.131123227137234,600.0
600.0,12.198977745917771,10.338816264979878,183.0
600.0,11.89141774591777,19.731664417817726,183.0
600.0,11.737637745917771,36.34730695005034,240.00000000000003
600.0,11.64676774591777,75.33077810528877,600.0
600.0,12.198977745917771,52.49035377989052,183.0
600.0,11.89141774591777,88.56944404138956,183.0
600.0,11.737637745917771,141.08361375664495,240.00000000000003
600.0,11.64676774591777,243.56837729345173,600.0
600.0,11.89141774591777,214.44655768237337,183.0
600.0,11.89141774591777,214.44655768237337,183.0
600.0,11.737637745917771,315.7720970138804,240.00000000000003
600.0,11.64676774591777,512.3780893301544,600.0
600.0,11.737637745917771,652.4626775138361,240.00000000000003
600.0,11.737637745917771,652.4626775138361,240.00000000000003
600.0,11.737637745917771,652.4626775138361,240.00000000000003
600.0,11.64676774591777,1038.6523438270565,600.0
600.0,12.201206904051695,10.338816264979878,91.5
600.0,11.893646904051696,19.731664417817726,120.00000000000001
600.0,11.739866904051695,36.34730695005034,240.00000000000003
600.0,11.648996904051696,75.33077810528877,600.0
600.0,12.201206904051695,36.34730695005034,91.5
600.0,11.893646904051696,63.674905294800375,120.00000000000001
600.0,11.739866904051695,105.19689106345137,240.00000000000003
600.0,11.648996904051696,188.19080659027455,600.0
600.0,12.201206904051695,141.08361375664495,91.5
600.0,11.893646904051696,214.44655768237337,120.00000000000001
600.0,11.739866904051695,315.7720970138804,240.00000000000003
600.0,11.648996904051696,512.3780893301544,600.0
600.0,11.893646904051696,456.2681550578407,120.00000000000001
600.0,11.893646904051696,456.2681550578407,120.00000000000001
600.0,11.739866904051695,652.4626775138361,240.00000000000003
600.0,11.648996904051696,1038.6523438270565,600.0
600.0,11.739866904051695,1316.0506678465679,240.00000000000003
600.0,11.739866904051695,1316.0506678465679,240.00000000000003
600.0,11.739866904051695,1316.0506678465679,240.00000000000003
600.0,11.648996904051696,2084.43124416827,600.0
600.0,12.208169489069197,52.49035377989052,60.00000000000001
600.0,11.900609489069197,88.56944404138956,120.00000000000001
600.0,11.746829489069198,141.08361375664495,240.00000000000003
600.0,11.655959489069197,243.56837729345173,600.0
600.0,12.208169489069197,141.08361375664495,60.00000000000001
600.0,11.900609489069197,214.44655768237337,120.00000000000001
600.0,11.746829489069198,315.7720970138804,240.00000000000003
600.0,11.655959489069197,512.3780893301544,600.0
600.0,12.208169489069197,400.83137196928976,60.00000000000001
600.0,11.900609489069197,574.8971059302014,120.00000000000001
600.0,11.746829489069198,818.8938464593346,240.00000000000003
600.0,11.655959489069197,1300.447686154633,600.0
600.0,11.900609489069197,1162.3069903201394,120.00000000000001
600.0,11.900609489069197,1162.3069903201394,120.00000000000001
600.0,11.746829489069198,1646.7561430299202,240.00000000000003
600.0,11.655959489069197,2606.6142110963397,600.0
600.0,11.746829489069198,3298.042742285966,240.00000000000003
600.0,11.746829489069198,3298.042742285966,240.00000000000003
600.0,11.746829489069198,3298.042742285966,240.00000000000003
600.0,11.655959489069197,5216.099649705872,600.0
600.0,12.220748196285847,141.08361375664495,60.00000000000001
600.0,11.913188196285846,214.44655768237337,120.00000000000001
600.0,11.759408196285847,315.7720970138804,240.00000000000003
600.0,11.668538196285846,512.3780893301544,600.0
600.0,12.220748196285847,315.7720970138804,60.00000000000001
600.0,11.913188196285846,456.2681550578407,120.00000000000001
600.0,11.759408196285847,652.4626775138361,240.00000000000003
600.0,11.668538196285846,1038.6523438270565,600.0
600.0,12.220748196285847,818.8938464593346,60.00000000000001
600.0,11.913188196285846,1162.3069903201394,120.00000000000001
600.0,11.759408196285847,1646.7561430299202,240.00000000000003
600.0,11.668538196285846,2606.6142110963397,600.0
600.0,11.913188196285846,2330.9990805028037,120.00000000000001
600.0,11.913188196285846,2330.9990805028037,120.00000000000001
600.0,11.759408196285847,3298.042742285966,240.00000000000003
600.0,11.668538196285846,5216.099649705872,600.0
600.0,11.759408196285847,6598.356561179594,240.00000000000003
600.0,11.759408196285847,6598.356561179594,240.00000000000003
600.0,11.759408196285847,6598.356561179594,240.00000000000003
600.0,11.668538196285846,10433.636396298125,600.0
600.0,12.243696632082816,281.43170375013955,60.00000000000001
600.0,11.936136632082817,408.54278673483776,120.00000000000001
600.0,11.782356632082816,585.6765023243726,240.00000000000003
600.0,11.691486632082817,933.7908454687038,600.0
600.0,12.243696632082816,585.6765023243726,60.00000000000001
600.0,11.936136632082817,834.0397708823836,120.00000000000001
600.0,11.782356632082816,1183.653463609159,240.00000000000003
600.0,11.691486632082817,1875.4842407429867,600.0
600.0,12.243696632082816,1481.4446316770939,60.00000000000001
600.0,11.936136632082817,2097.44814315548,120.00000000000001
600.0,11.782356632082816,2967.919051621964,240.00000000000003
600.0,11.691486632082817,4694.287481505502,600.0
600.0,11.936136632082817,4198.4604329210615,120.00000000000001
600.0,11.936136632082817,4198.4604329210615,120.00000000000001
600.0,11.782356632082816,5938.361012469105,240.00000000000003
600.0,11.691486632082817,9390.171608364837,600.0
600.0,11.782356632082816,11877.984485163932,240.00000000000003
600.0,11.782356632082816,11877.984485163932,240.00000000000003
600.0,11.782356632082816,11877.984485163932,240.00000000000003
600.0,11.691486632082817,18781.1417939981,600.0
600.0,12.80710774591777,2.6854684100284816,183.0
600.0,12.198977745917771,5.301164774025272,183.0
600.0,11.89141774591777,10.338816264979878,240.00000000000003
600.0,11.709677745917771,24.131123227137234,600.0
600.0,12.80710774591777,10.338816264979878,183.0
600.0,12.198977745917771,19.731664417817726,183.0
600.0,11.89141774591777,36.34730695005034,240.00000000000003
600.0,11.709677745917771,75.33077810528877,600.0
600.0,12.80710774591777,52.49035377989052,183.0
600.0,12.198977745917771,88.56944404138956,183.0
600.0,11.89141774591777,141.08361375664495,240.00000000000003
600.0,11.709677745917771,243.56837729345173,600.0
600.0,12.198977745917771,214.44655768237337,183.0
600.0,12.198977745917771,214.44655768237337,183.0
600.0,11.89141774591777,315.7720970138804,240.00000000000003
600.0,11.709677745917771,512.3780893301544,600.0
600.0,11.89141774591777,652.4626775138361,240.00000000000003
600.0,11.89141774591777,652.4626775138361,240.00000000000003
600.0,11.89141774591777,652.4626775138361,240.00000000000003
600.0,11.709677745917771,1038.6523438270565,600.0
600.0,12.809336904051696,10.338816264979878,91.5
600.0,12.201206904051695,19.731664417817726,120.00000000000001
600.0,11.893646904051696,36.34730695005034,240.00000000000003
600.0,11.711906904051695,75.33077810528877,600.0
600.0,12.809336904051696,36.34730695005034,91.5
600.0,12.201206904051695,63.674905294800375,120.00000000000001
600.0,11.893646904051696,105.19689106345137,240.00000000000003
600.0,11.711906904051695,188.19080659027455,600.0
600.0,12.809336904051696,141.08361375664495,91.5
600.0,12.201206904051695,214.44655768237337,120.00000000000001
600.0,11.893646904051696,315.7720970138804,240.00000000000003
600.0,11.711906904051695,512.3780893301544,600.0
600.0,12.201206904051695,456.2681550578407,120.00000000000001
600.0,12.201206904051695,456.2681550578407,120.00000000000001
600.0,11.893646904051696,652.4626775138361,240.00000000000003
600.0,11.711906904051695,1038.6523438270565,600.0
600.0,11.893646904051696,1316.0506678465679,240.00000000000003
600.0,11.893646904051696,1316.0506678465679,240.00000000000003
600.0,11.893646904051696,1316.0506678465679,240.00000000000003
600.0,11.711906904051695,2084.43124416827,600.0
600.0,12.816299489069198,52.49035377989052,60.00000000000001
600.0,12.208169489069197,88.56944404138956,120.00000000000001
600.0,11.900609489069197,141.08361375664495,240.00000000000003
600.0,11.718869489069197,243.56837729345173,600.0
600.0,12.816299489069198,141.08361375664495,60.00000000000001
600.0,12.208169489069197,214.44655768237337,120.00000000000001
600.0,11.900609489069197,315.7720970138804,240.00000000000003
600.0,11.718869489069197,512.3780893301544,600.0
600.0,12.816299489069198,400.83137196928976,60.00000000000001
600.0,12.208169489069197,574.8971059302014,120.00000000000001
600.0,11.900609489069197,818.8938464593346,240.00000000000003
600.0,11.718869489069197,1300.447686154633,600.0
600.0,12.208169489069197,1162.3069903201394,120.00000000000001
600.0,12.208169489069197,1162.3069903201394,120.00000000000001
600.0,11.900609489069197,1646.7561430299202,240.00000000000003
600.0,11.718869489069197,2606.6142110963397,600.0
600.0,11.900609489069197,3298.042742285966,240.00000000000003
600.0,11.900609489069197,3298.042742285966,240.00000000000003
600.0,11.900609489069197,3298.042742285966,240.00000000000003
600.0,11.718869489069197,5216.099649705872,600.0
600.0,12.828878196285846,141.08361375664495,60.00000000000001
600.0,12.220748196285847,214.44655768237337,120.00000000000001
600.0,11.913188196285846,315.7720970138804,240.00000000000003
600.0,11.731448196285847,512.3780893301544,600.0
600.0,12.828878196285846,315.7720970138804,60.00000000000001
600.0,12.220748196285847,456.2681550578407,120.00000000000001
600.0,11.913188196285846,652.4626775138361,240.00000000000003
600.0,11.731448196285847,1038.6523438270565,600.0
600.0,12.828878196285846,818.8938464593346,60.00000000000001
600.0,12.220748196285847,1162.3069903201394,120.00000000000001
600.0,11.913188196285846,1646.7561430299202,240.00000000000003
600.0,11.731448196285847,2606.6142110963397,600.0
600.0,12.220748196285847,2330.9990805028037,120.00000000000001
600.0,12.220748196285847,2330.9990805028037,120.00000000000001
600.0,11.913188196285846,3298.042742285966,240.00000000000003
600.0,11.731448196285847,5216.099649705872,600.0
600.0,11.913188196285846,6598.356561179594,240.00000000000003
600.0,11.913188196285846,6598.356561179594,240.00000000000003
600.0,11.913188196285846,6598.356561179594,240.00000000000003
600.0,11.731448196285847,10433.636396298125,600.0
600.0,12.851826632082815,281.43170375013955,60.00000000000001
600.0,12.243696632082816,408.54278673483776,120.00000000000001
600.0,11.936136632082817,585.6765023243726,240.00000000000003
600.0,11.754396632082816,933.7908454687038,600.0
600.0,12.851826632082815,585.6765023243726,60.00000000000001
600.0,12.243696632082816,834.0397708823836,120.00000000000001
600.0,11.936136632082817,1183.653463609159,240.00000000000003
600.0,11.754396632082816,1875.4842407429867,600.0
600.0,12.851826632082815,1481.4446316770939,60.00000000000001
600.0,12.243696632082816,2097.44814315548,120.00000000000001
600.0,11.936136632082817,2967.919051621964,240.00000000000003
600.0,11.754396632082816,4694.287481505502,600.0
600.0,12.243696632082816,4198.4604329210615,120.00000000000001
600.0,12.243696632082816,4198.4604329210615,120.00000000000001
600.0,11.936136632082817,5938.361012469105,240.00000000000003
600.0,11.754396632082816,9390.171608364837,600.0
600.0,11.936136632082817,11877.984485163932,240.00000000000003
600.0,11.936136632082817,11877.984485163932,240.00000000000003
600.0,11.936136632082817,11877.984485163932,240.00000000000003
600.0,11.754396632082816,18781.1417939981,600.0
600.0,14.03035774591777,2.6854684100284816,183.0
600.0,12.80710774591777,5.301164774025272,183.0
600.0,12.198977745917771,10.338816264979878,240.00000000000003
600.0,11.82850774591777,24.131123227137234,600.0
600.0,14.03035774591777,10.338816264979878,183.0
600.0,12.80710774591777,19.731664417817726,183.0
600.0,12.198977745917771,36.34730695005034,240.00000000000003
600.0,11.82850774591777,75.33077810528877,600.0
600.0,14.03035774591777,52.49035377989052,183.0
600.0,12.80710774591777,88.56944404138956,183.0
600.0,12.198977745917771,141.08361375664495,240.00000000000003
600.0,11.82850774591777,243.56837729345173,600.0
600.0,12.80710774591777,214.44655768237337,183.0
600.0,12.80710774591777,214.44655768237337,183.0
600.0,12.198977745917771,315.7720970138804,240.00000000000003
600.0,11.82850774591777,512.3780893301544,600.0
600.0,12.198977745917771,652.4626775138361,240.00000000000003
600.0,12.198977745917771,652.4626775138361,240.00000000000003
600.0,12.198977745917771,652.4626775138361,240.00000000000003
600.0,11.82850774591777,1038.6523438270565,600.0
600.0,14.032586904051696,10.338816264979878,91.5
600.0,12.809336904051696,19.731664417817726,120.00000000000001
600.0,12.201206904051695,36.34730695005034,240.00000000000003
600.0,11.830736904051696,75.33077810528877,600.0
600.0,14.032586904051696,36.34730695005034,91.5
600.0,12.809336904051696,63.674905294800375,120.00000000000001
600.0,12.201206904051695,105.19689106345137,240.00000000000003
600.0,11.830736904051696,188.19080659027455,600.0
600.0,14.032586904051696,141.08361375664495,91.5
600.0,12.809336904051696,214.44655768237337,120.00000000000001
600.0,12.201206904051695,315.7720970138804,240.00000000000003
600.0,11.830736904051696,512.3780893301544,600.0
600.0,12.809336904051696,456.2681550578407,120.00000000000001
600.0,12.809336904051696,456.2681550578407,120.00000000000001
600.0,12.201206904051695,652.4626775138361,240.00000000000003
600.0,11.830736904051696,1038.6523438270565,600.0
600.0,12.201206904051695,1316.0506678465679,240.00000000000003
600.0,12.201206904051695,1316.0506678465679,240.00000000000003
600.0,12.201206904051695,1316.0506678465679,240.00000000000003
600.0,11.830736904051696,2084.43124416827,600.0
600.0,14.039549489069199,52.49035377989052,60.00000000000001
600.0,12.816299489069198,88.56944404138956,120.00000000000001
600.0,12.208169489069197,141.08361375664495,240.00000000000003
600.0,11.837699489069198,243.56837729345173,600.0
600.0,14.039549489069199,141.08361375664495,60.00000000000001
600.0,12.816299489069198,214.44655768237337,120.00000000000001
600.0,12.208169489069197,315.7720970138804,240.00000000000003
600.0,11.837699489069198,512.3780893301544,600.0
600.0,14.039549489069199,400.83137196928976,60.00000000000001
600.0,12.816299489069198,574.8971059302014,120.00000000000001
600.0,12.208169489069197,818.8938464593346,240.00000000000003
600.0,11.837699489069198,1300.447686154633,600.0
600.0,12.816299489069198,1162.3069903201394,120.00000000000001
600.0,12.816299489069198,1162.3069903201394,120.00000000000001
600.0,12.208169489069197,1646.7561430299202,240.00000000000003
600.0,11.837699489069198,2606.6142110963397,600.0
600.0,12.208169489069197,3298.042742285966,240.00000000000003
600.0,12.208169489069197,3298.042742285966,240.00000000000003
600.0,12.208169489069197,3298.042742285966,240.00000000000003
600.0,11.837699489069198,5216.099649705872,600.0
600.0,14.052128196285846,141.08361375664495,60.00000000000001
600.0,12.828878196285846,214.44655768237337,120.00000000000001
600.0,12.220748196285847,315.7720970138804,240.00000000000003
600.0,11.850278196285846,512.3780893301544,600.0
600.0,14.052128196285846,315.7720970138804,60.00000000000001
600.0,12.828878196285846,456.2681550578407,120.00000000000001
600.0,12.220748196285847,652.4626775138361,240.00000000000003
600.0,11.850278196285846,1038.6523438270565,600.0
600.0,14.052128196285846,818.8938464593346,60.00000000000001
600.0,12.828878196285846,1162.3069903201394,120.00000000000001
600.0,12.220748196285847,1646.7561430299202,240.00000000000003
600.0,11.850278196285846,2606.6142110963397,600.0
600.0,12.828878196285846,2330.9990805028037,120.00000000000001
600.0,12.828878196285846,2330.9990805028037,120.00000000000001
600.0,12.220748196285847,3298.042742285966,240.00000000000003
600.0,11.850278196285846,5216.099649705872,600.0
600.0,12.220748196285847,6598.356561179594,240.00000000000003
600.0,12.220748196285847,6598.356561179594,240.00000000000003
600.0,12.220748196285847,6598.356561179594,240.00000000000003
600.0,11.850278196285846,10433.636396298125,600.0
600.0,14.075076632082816,281.43170375013955,60.00000000000001
600.0,12.851826632082815,408.54278673483776,120.00000000000001
600.0,12.243696632082816,585.6765023243726,240.00000000000003
600.0,11.873226632082817,933.7908454687038,600.0
600.0,14.075076632082816,585.6765023243726,60.00000000000001
600.0,12.851826632082815,834.0397708823836,120.00000000000001
600.0,12.243696632082816,1183.653463609159,240.00000000000003
600.0,11.873226632082817,1875.4842407429867,600.0
600.0,14.075076632082816,1481.4446316770939,60.00000000000001
600.0,12.851826632082815,2097.44814315548,120.00000000000001
600.0,12.243696632082816,2967.919051621964,240.00000000000003
600.0,11.873226632082817,4694.287481505502,600.0
600.0,12.851826632082815,4198.4604329210615,120.00000000000001
600.0,12.851826632082815,4198.4604329210615,120.00000000000001
600.0,12.243696632082816,5938.361012469105,240.00000000000003
600.0,11.873226632082817,9390.171608364837,600.0
600.0,12.243696632082816,11877.984485163932,240.00000000000003
600.0,12.243696632082816,11877.984485163932,240.00000000000003
600.0,12.243696632082816,11877.984485163932,240.00000000000003
600.0,11.873226632082817,18781.1417939981,600.0
600.0,17.686127745917773,2.6854684100284816,183.0
600.0,14.638487745917772,5.301164774025272,183.0
600.0,13.114667745917771,10.338816264979878,240.00000000000003
600.0,12.198977745917771,24.131123227137234,600.0
600.0,17.686127745917773,10.338816264979878,183.0
600.0,14.638487745917772,19.731664417817726,183.0
600.0,13.114667745917771,36.34730695005034,240.00000000000003
600.0,12.198977745917771,75.33077810528877,600.0
600.0,17.686127745917773,52.49035377989052,183.0
600.0,14.638487745917772,88.56944404138956,183.0
600.0,13.114667745917771,141.08361375664495,240.00000000000003
600.0,12.198977745917771,243.56837729345173,600.0
600.0,14.638487745917772,214.44655768237337,183.0
600.0,14.638487745917772,214.44655768237337,183.0
600.0,13.114667745917771,315.7720970138804,240.00000000000003
600.0,12.198977745917771,512.3780893301544,600.0
600.0,13.114667745917771,652.4626775138361,240.00000000000003
600.0,13.114667745917771,652.4626775138361,240.00000000000003
600.0,13.114667745917771,652.4626775138361,240.00000000000003
600.0,12.198977745917771,1038.6523438270565,600.0
600.0,17.688356904051695,10.338816264979878,91.5
600.0,14.640716904051695,19.731664417817726,120.00000000000001
600.0,13.116896904051696,36.34730695005034,240.00000000000003
600.0,12.201206904051695,75.33077810528877,600.0
600.0,17.688356904051695,36.34730695005034,91.5
600.0,14.640716904051695,63.674905294800375,120.00000000000001
600.0,13.116896904051696,105.19689106345137,240.00000000000003
600.0,12.201206904051695,188.19080659027455,600.0
600.0,17.688356904051695,141.08361375664495,91.5
600.0,14.640716904051695,214.44655768237337,120.00000000000001
600.0,13.116896904051696,315.7720970138804,240.00000000000003
600.0,12.201206904051695,512.3780893301544,600.0
600.0,14.640716904051695,456.2681550578407,120.00000000000001
600.0,14.640716904051695,456.2681550578407,120.00000000000001
600.0,13.116896904051696,652.4626775138361,240.00000000000003
600.0,12.201206904051695,1038.6523438270565,600.0
600.0,13.116896904051696,1316.0506678465679,240.00000000000003
600.0,13.116896904051696,1316.0506678465679,240.00000000000003
600.0,13.116896904051696,1316.0506678465679,240.00000000000003
600.0,12.201206904051695,2084.43124416827,600.0
600.0,17.6953194890692,52.49035377989052,60.00000000000001
600.0,14.647679489069198,88.56944404138956,120.00000000000001
600.0,13.123859489069197,141.08361375664495,240.00000000000003
600.0,12.208169489069197,243.56837729345173,600.0
600.0,17.6953194890692,141.08361375664495,60.00000000000001
600.0,14.647679489069198,214.44655768237337,120.00000000000001
600.0,13.123859489069197,315.7720970138804,240.00000000000003
600.0,12.208169489069197,512.3780893301544,600.0
600.0,17.6953194890692,400.83137196928976,60.00000000000001
600.0,14.647679489069198,574.8971059302014,120.00000000000001
600.0,13.123859489069197,818.8938464593346,240.00000000000003
600.0,12.208169489069197,1300.447686154633,600.0
600.0,14.647679489069198,1162.3069903201394,120.00000000000001
600.0,14.647679489069198,1162.3069903201394,120.00000000000001
600.0,13.123859489069197,1646.7561430299202,240.00000000000003
600.0,12.208169489069197,2606.6142110963397,600.0
600.0,13.123859489069197,3298.042742285966,240.00000000000003
600.0,13.123859489069197,3298.042742285966,240.00000000000003
600.0,13.123859489069197,3298.042742285966,240.00000000000003
600.0,12.208169489069197,5216.099649705872,600.0
600.0,17.707898196285846,141.08361375664495,60.00000000000001
600.0,14.660258196285845,214.44655768237337,120.00000000000001
600.0,13.136438196285846,315.7720970138804,240.00000000000003
600.0,12.220748196285847,512.3780893301544,600.0
600.0,17.707898196285846,315.7720970138804,60.00000000000001
600.0,14.660258196285845,456.2681550578407,120.00000000000001
600.0,13.136438196285846,652.4626775138361,240.00000000000003
600.0,12.220748196285847,1038.6523438270565,600.0
600.0,17.707898196285846,818.8938464593346,60.00000000000001
600.0,14.660258196285845,1162.3069903201394,120.00000000000001
600.0,13.136438196285846,1646.7561430299202,240.00000000000003
600.0,12.220748196285847,2606.6142110963397,600.0
600.0,14.660258196285845,2330.9990805028037,120.00000000000001
600.0,14.660258196285845,2330.9990805028037,120.00000000000001
600.0,13.136438196285846,3298.042742285966,240.00000000000003
600.0,12.220748196285847,5216.099649705872,600.0
600.0,13.136438196285846,6598.356561179594,240.00000000000003
600.0,13.136438196285846,6598.356561179594,240.00000000000003
600.0,13.136438196285846,6598.356561179594,240.00000000000003
600.0,12.220748196285847,10433.636396298125,600.0
600.0,17.730846632082816,281.43170375013955,60.00000000000001
600.0,14.683206632082817,408.54278673483776,120.00000000000001
600.0,13.159386632082816,585.6765023243726,240.00000000000003
600.0,12.243696632082816,933.7908454687038,600.0
600.0,17.730846632082816,585.6765023243726,60.00000000000001
600.0,14.683206632082817,834.0397708823836,120.00000000000001
600.0,13.159386632082816,1183.653463609159,240.00000000000003
600.0,12.243696632082816,1875.4842407429867,600.0
600.0,17.730846632082816,1481.4446316770939,60.00000000000001
600.0,14.683206632082817,2097.44814315548,120.00000000000001
600.0,13.159386632082816,2967.919051621964,240.00000000000003
600.0,12.243696632082816,4694.287481505502,600.0
600.0,14.683206632082817,4198.4604329210615,120.00000000000001
600.0,14.683206632082817,4198.4604329210615,120.00000000000001
600.0,13.159386632082816,5938.361012469105,240.00000000000003
600.0,12.243696632082816,9390.171608364837,600.0
600.0,13.159386632082816,11877.984485163932,240.00000000000003
600.0,13.159386632082816,11877.984485163932,240.00000000000003
600.0,13.159386632082816,11877.984485163932,240.00000000000003
600.0,12.243696632082816,18781.1417939981,600.0
600.0,11.85529939180877,0.3396438689904788,183.0
600.0,11.736469391808772,0.6781390361039047,183.0
600.0,11.673559391808771,1.351718014295672,183.0
600.0,11.638609391808771,3.3457723884710764,300.0
600.0,11.85529939180877,1.351718014295672,183.0
600.0,11.736469391808772,2.6854684100284816,183.0
600.0,11.673559391808771,5.301164774025272,183.0
600.0,11.638609391808771,12.76777508382246,300.0
600.0,11.85529939180877,8.165360833324062,183.0
600.0,11.736469391808772,15.725985056911751,183.0
600.0,11.673559391808771,29.388205834407533,183.0
600.0,11.638609391808771,62.52454877420635,300.0
600.0,11.736469391808772,52.49035377989052,183.0
600.0,11.736469391808772,52.49035377989052,183.0
600.0,11.673559391808771,88.56944404138956,183.0
600.0,11.638609391808771,162.15332375277188,300.0
600.0,11.673559391808771,214.44655768237337,183.0
600.0,11.673559391808771,214.44655768237337,183.0
600.0,11.673559391808771,214.44655768237337,183.0
600.0,11.638609391808771,356.05192905263067,300.0
600.0,11.858072237160492,1.351718014295672,91.5
600.0,11.739242237160491,2.6854684100284816,91.5
600.0,11.67633223716049,5.301164774025272,120.00000000000001
600.0,11.641382237160492,12.76777508382246,300.0
600.0,11.858072237160492,5.301164774025272,91.5
600.0,11.739242237160491,10.338816264979878,91.5
600.0,11.67633223716049,19.731664417817726,120.00000000000001
600.0,11.641382237160492,43.8034062176234,300.0
600.0,11.858072237160492,29.388205834407533,91.5
600.0,11.739242237160491,52.49035377989052,91.5
600.0,11.67633223716049,88.56944404138956,120.00000000000001
600.0,11.641382237160492,162.15332375277188,300.0
600.0,11.739242237160491,141.08361375664495,91.5
600.0,11.739242237160491,141.08361375664495,91.5
600.0,11.67633223716049,214.44655768237337,120.00000000000001
600.0,11.641382237160492,356.05192905263067,300.0
600.0,11.67633223716049,456.2681550578407,120.00000000000001
600.0,11.67633223716049,456.2681550578407,120.00000000000001
600.0,11.67633223716049,456.2681550578407,120.00000000000001
600.0,11.641382237160492,731.118477306684,300.0
600.0,11.86673298276123,8.165360833324062,36.6
600.0,11.74790298276123,15.725985056911751,60.00000000000001
600.0,11.68499298276123,29.388205834407533,120.00000000000001
600.0,11.65004298276123,62.52454877420635,300.0
600.0,11.86673298276123,29.388205834407533,36.6
600.0,11.74790298276123,52.49035377989052,60.00000000000001
600.0,11.68499298276123,88.56944404138956,120.00000000000001
600.0,11.65004298276123,162.15332375277188,300.0
600.0,11.86673298276123,120.25974828941537,36.6
600.0,11.74790298276123,185.55700757030482,60.00000000000001
600.0,11.68499298276123,275.8755271306016,120.00000000000001
600.0,11.65004298276123,450.6521685493915,300.0
600.0,11.74790298276123,400.83137196928976,60.00000000000001
600.0,11.74790298276123,400.83137196928976,60.00000000000001
600.0,11.68499298276123,574.8971059302014,120.00000000000001
600.0,11.65004298276123,916.880077058398,300.0
600.0,11.68499298276123,1162.3069903201394,120.00000000000001
600.0,11.68499298276123,1162.3069903201394,120.00000000000001
600.0,11.68499298276123,1162.3069903201394,120.00000000000001
600.0,11.65004298276123,1841.8036789716077,300.0
600.0,11.882379611551501,29.388205834407533,30.000000000000004
600.0,11.763549611551502,52.49035377989052,60.00000000000001
600.0,11.700639611551502,88.56944404138956,120.00000000000001
600.0,11.665689611551501,162.15332375277188,300.0
600.0,11.882379611551501,88.56944404138956,30.000000000000004
600.0,11.763549611551502,141.08361375664495,60.00000000000001
600.0,11.700639611551502,214.44655768237337,120.00000000000001
600.0,11.665689611551501,356.05192905263067,300.0
600.0,11.882379611551501,275.8755271306016,30.000000000000004
600.0,11.763549611551502,400.83137196928976,60.00000000000001
600.0,11.700639611551502,574.8971059302014,120.00000000000001
600.0,11.665689611551501,916.880077058398,300.0
600.0,11.763549611551502,818.8938464593346,60.00000000000001
600.0,11.763549611551502,818.8938464593346,60.00000000000001
600.0,11.700639611551502,1162.3069903201394,120.00000000000001
600.0,11.665689611551501,1841.8036789716077,300.0
600.0,11.700639611551502,2330.9990805028037,120.00000000000001
600.0,11.700639611551502,2330.9990805028037,120.00000000000001
600.0,11.700639611551502,2330.9990805028037,120.00000000000001
600.0,11.665689611551501,3687.6623061542955,300.0
600.0,11.910925125017094,76.02514636563973,30.000000000000004
600.0,11.792095125017093,123.15361347010158,60.00000000000001
600.0,11.729185125017095,189.58201516966054,120.00000000000001
600.0,11.694235125017094,317.90467103108085,300.0
600.0,11.910925125017094,189.58201516966054,30.000000000000004
600.0,11.792095125017093,281.43170375013955,60.00000000000001
600.0,11.729185125017095,408.54278673483776,120.00000000000001
600.0,11.694235125017094,656.6188956171883,300.0
600.0,11.910925125017094,515.6833291453102,30.000000000000004
600.0,11.792095125017093,735.7557091025125,60.00000000000001
600.0,11.729185125017095,1045.1824834574409,120.00000000000001
600.0,11.694235125017094,1657.0538492048588,300.0
600.0,11.792095125017093,1481.4446316770939,60.00000000000001
600.0,11.792095125017093,1481.4446316770939,60.00000000000001
600.0,11.729185125017095,2097.44814315548,120.00000000000001
600.0,11.694235125017094,3318.6102929040903,300.0
600.0,11.729185125017095,4198.4604329210615,120.00000000000001
600.0,11.729185125017095,4198.4604329210615,120.00000000000001
600.0,11.729185125017095,4198.4604329210615,120.00000000000001
600.0,11.694235125017094,6639.477623863486,300.0
600.0,12.09994939180877,0.3396438689904788,183.0
600.0,11.85529939180877,0.6781390361039047,183.0
600.0,11.736469391808772,1.351718014295672,183.0
600.0,11.659579391808771,3.3457723884710764,300.0
600.0,12.09994939180877,1.351718014295672,183.0
600.0,11.85529939180877,2.6854684100284816,183.0
600.0,11.736469391808772,5.301164774025272,183.0
600.0,11.659579391808771,12.76777508382246,300.0
600.0,12.09994939180877,8.165360833324062,183.0
600.0,11.85529939180877,15.725985056911751,183.0
600.0,11.736469391808772,29.388205834407533,183.0
600.0,11.659579391808771,62.52454877420635,300.0
600.0,11.85529939180877,52.49035377989052,183.0
600.0,11.85529939180877,52.49035377989052,183.0
600.0,11.736469391808772,88.56944404138956,183.0
600.0,11.659579391808771,162.15332375277188,300.0
600.0,11.736469391808772,214.44655768237337,183.0
600.0,11.736469391808772,214.44655768237337,183.0
600.0,11.736469391808772,214.44655768237337,183.0
600.0,11.659579391808771,356.05192905263067,300.0
600.0,12.102722237160492,1.351718014295672,91.5
600.0,11.858072237160492,2.6854684100284816,91.5
600.0,11.739242237160491,5.301164774025272,120.00000000000001
600.0,11.66235223716049,12.76777508382246,300.0
600.0,12.102722237160492,5.301164774025272,91.5
600.0,11.858072237160492,10.338816264979878,91.5
600.0,11.739242237160491,19.731664417817726,120.00000000000001
600.0,11.66235223716049,43.8034062176234,300.0
600.0,12.102722237160492,29.388205834407533,91.5
600.0,11.858072237160492,52.49035377989052,91.5
600.0,11.739242237160491,88.56944404138956,120.00000000000001
600.0,11.66235223716049,162.15332375277188,300.0
600.0,11.858072237160492,141.08361375664495,91.5
600.0,11.858072237160492,141.08361375664495,91.5
600.0,11.739242237160491,214.44655768237337,120.00000000000001
600.0,11.66235223716049,356.05192905263067,300.0
600.0,11.739242237160491,456.2681550578407,120.00000000000001
600.0,11.739242237160491,456.2681550578407,120.00000000000001
600.0,11.739242237160491,456.2681550578407,120.00000000000001
600.0,11.66235223716049,731.118477306684,300.0
600.0,12.11138298276123,8.165360833324062,36.6
600.0,11.86673298276123,15.725985056911751,60.00000000000001
600.0,11.74790298276123,29.388205834407533,120.00000000000001
600.0,11.67101298276123,62.52454877420635,300.0
600.0,12.11138298276123,29.388205834407533,36.6
600.0,11.86673298276123,52.49035377989052,60.00000000000001
600.0,11.74790298276123,88.56944404138956,120.00000000000001
600.0,11.67101298276123,162.15332375277188,300.0
600.0,12.11138298276123,120.25974828941537,36.6
600.0,11.86673298276123,185.55700757030482,60.00000000000001
600.0,11.74790298276123,275.8755271306016,120.00000000000001
600.0,11.67101298276123,450.6521685493915,300.0
600.0,11.86673298276123,400.83137196928976,60.00000000000001
600.0,11.86673298276123,400.83137196928976,60.00000000000001
600.0,11.74790298276123,574.8971059302014,120.00000000000001
600.0,11.67101298276123,916.880077058398,300.0
600.0,11.74790298276123,1162.3069903201394,120.00000000000001
600.0,11.74790298276123,1162.3069903201394,120.00000000000001
600.0,11.74790298276123,1162.3069903201394,120.00000000000001
600.0,11.67101298276123,1841.8036789716077,300.0
600.0,12.127029611551501,29.388205834407533,30.000000000000004
600.0,11.882379611551501,52.49035377989052,60.00000000000001
600.0,11.763549611551502,88.56944404138956,120.00000000000001
600.0,11.686659611551502,162.15332375277188,300.0
600.0,12.127029611551501,88.56944404138956,30.000000000000004
600.0,11.882379611551501,141.08361375664495,60.00000000000001
600.0,11.763549611551502,214.44655768237337,120.00000000000001
600.0,11.686659611551502,356.05192905263067,300.0
600.0,12.127029611551501,275.8755271306016,30.000000000000004
600.0,11.882379611551501,400.83137196928976,60.00000000000001
600.0,11.763549611551502,574.8971059302014,120.00000000000001
600.0,11.686659611551502,916.880077058398,300.0
600.0,11.882379611551501,818.8938464593346,60.00000000000001
600.0,11.882379611551501,818.8938464593346,60.00000000000001
600.0,11.763549611551502,1162.3069903201394,120.00000000000001
600.0,11.686659611551502,1841.8036789716077,300.0
600.0,11.763549611551502,2330.9990805028037,120.00000000000001
600.0,11.763549611551502,2330.9990805028037,120.00000000000001
600.0,11.763549611551502,2330.9990805028037,120.00000000000001
600.0,11.686659611551502,3687.6623061542955,300.0
600.0,12.155575125017094,76.02514636563973,30.000000000000004
600.0,11.910925125017094,123.15361347010158,60.00000000000001
600.0,11.792095125017093,189.58201516966054,120.00000000000001
600.0,11.715205125017095,317.90467103108085,300.0
600.0,12.155575125017094,189.58201516966054,30.000000000000004
600.0,11.910925125017094,281.43170375013955,60.00000000000001
600.0,11.792095125017093,408.54278673483776,120.00000000000001
600.0,11.715205125017095,656.6188956171883,300.0
600.0,12.155575125017094,515.6833291453102,30.000000000000004
600.0,11.910925125017094,735.7557091025125,60.00000000000001
600.0,11.792095125017093,1045.1824834574409,120.00000000000001
600.0,11.715205125017095,1657.0538492048588,300.0
600.0,11.910925125017094,1481.4446316770939,60.00000000000001
600.0,11.910925125017094,1481.4446316770939,60.00000000000001
600.0,11.792095125017093,2097.44814315548,120.00000000000001
600.0,11.715205125017095,3318.6102929040903,300.0
600.0,11.792095125017093,4198.4604329210615,120.00000000000001
600.0,11.792095125017093,4198.4604329210615,120.00000000000001
600.0,11.792095125017093,4198.4604329210615,120.00000000000001
600.0,11.715205125017095,6639.477623863486,300.0
600.0,12.833899391808771,0.3396438689904788,183.0
600.0,12.225769391808772,0.6781390361039047,183.0
600.0,11.918209391808771,1.351718014295672,183.0
600.0,11.736469391808772,3.3457723884710764,300.0
600.0,12.833899391808771,1.351718014295672,183.0
600.0,12.225769391808772,2.6854684100284816,183.0
600.0,11.918209391808771,5.301164774025272,183.0
600.0,11.736469391808772,12.76777508382246,300.0
600.0,12.833899391808771,8.165360833324062,183.0
600.0,12.225769391808772,15.725985056911751,183.0
600.0,11.918209391808771,29.388205834407533,183.0
600.0,11.736469391808772,62.52454877420635,300.0
600.0,12.225769391808772,52.49035377989052,183.0
600.0,12.225769391808772,52.49035377989052,183.0
600.0,11.918209391808771,88.56944404138956,183.0
600.0,11.736469391808772,162.15332375277188,300.0
600.0,11.918209391808771,214.44655768237337,183.0
600.0,11.918209391808771,214.44655768237337,183.0
600.0,11.918209391808771,214.44655768237337,183.0
600.0,11.736469391808772,356.05192905263067,300.0
600.0,12.836672237160492,1.351718014295672,91.5
600.0,12.228542237160491,2.6854684100284816,91.5
600.0,11.92098223716049,5.301164774025272,120.00000000000001
600.0,11.739242237160491,12.76777508382246,300.0
600.0,12.836672237160492,5.301164774025272,91.5
600.0,12.228542237160491,10.338816264979878,91.5
600.0,11.92098223716049,19.731664417817726,120.00000000000001
600.0,11.739242237160491,43.8034062176234,300.0
600.0,12.836672237160492,29.388205834407533,91.5
600.0,12.228542237160491,52.49035377989052,91.5
600.0,11.92098223716049,88.56944404138956,120.00000000000001
600.0,11.739242237160491,162.15332375277188,300.0
600.0,12.228542237160491,141.08361375664495,91.5
600.0,12.228542237160491,141.08361375664495,91.5
600.0,11.92098223716049,214.44655768237337,120.00000000000001
600.0,11.739242237160491,356.05192905263067,300.0
600.0,11.92098223716049,456.2681550578407,120.00000000000001
600.0,11.92098223716049,456.2681550578407,120.00000000000001
600.0,11.92098223716049,456.2681550578407,120.00000000000001
600.0,11.739242237160491,731.118477306684,300.0
600.0,12.84533298276123,8.165360833324062,36.6
600.0,12.23720298276123,15.725985056911751,60.00000000000001
600.0,11.92964298276123,29.388205834407533,120.00000000000001
600.0,11.74790298276123,62.52454877420635,300.0
600.0,12.84533298276123,29.388205834407533,36.6
600.0,12.23720298276123,52.49035377989052,60.00000000000001
600.0,11.92964298276123,88.56944404138956,120.00000000000001
600.0,11.74790298276123,162.15332375277188,300.0
600.0,12.84533298276123,120.25974828941537,36.6
600.0,12.23720298276123,185.55700757030482,60.00000000000001
600.0,11.92964298276123,275.8755271306016,120.00000000000001
600.0,11.74790298276123,450.6521685493915,300.0
600.0,12.23720298276123,400.83137196928976,60.00000000000001
600.0,12.23720298276123,400.83137196928976,60.00000000000001
600.0,11.92964298276123,574.8971059302014,120.00000000000001
600.0,11.74790298276123,916.880077058398,300.0
600.0,11.92964298276123,1162.3069903201394,120.00000000000001
600.0,11.92964298276123,1162.3069903201394,120.00000000000001
600.0,11.92964298276123,1162.3069903201394,120.00000000000001
600.0,11.74790298276123,1841.8036789716077,300.0
600.0,12.860979611551501,29.388205834407533,30.000000000000004
600.0,12.252849611551502,52.49035377989052,60.00000000000001
600.0,11.945289611551502,88.56944404138956,120.00000000000001
600.0,11.763549611551502,162.15332375277188,300.0
600.0,12.860979611551501,88.56944404138956,30.000000000000004
600.0,12.252849611551502,141.08361375664495,60.00000000000001
600.0,11.945289611551502,214.44655768237337,120.00000000000001
600.0,11.763549611551502,356.05192905263067,300.0
600.0,12.860979611551501,275.8755271306016,30.000000000000004
600.0,12.252849611551502,400.83137196928976,60.00000000000001
600.0,11.945289611551502,574.8971059302014,120.00000000000001
600.0,11.763549611551502,916.880077058398,300.0
600.0,12.252849611551502,818.8938464593346,60.00000000000001
600.0,12.252849611551502,818.8938464593346,60.00000000000001
600.0,11.945289611551502,1162.3069903201394,120.00000000000001
600.0,11.763549611551502,1841.8036789716077,300.0
600.0,11.945289611551502,2330.9990805028037,120.00000000000001
600.0,11.945289611551502,2330.9990805028037,120.00000000000001
600.0,11.945289611551502,2330.9990805028037,120.00000000000001
600.0,11.763549611551502,3687.6623061542955,300.0
600.0,12.889525125017094,76.02514636563973,30.000000000000004
600.0,12.281395125017093,123.15361347010158,60.00000000000001
600.0,11.973835125017095,189.58201516966054,120.00000000000001
600.0,11.792095125017093,317.90467103108085,300.0
600.0,12.889525125017094,189.58201516966054,30.000000000000004
600.0,12.281395125017093,281.43170375013955,60.00000000000001
600.0,11.973835125017095,408.54278673483776,120.00000000000001
600.0,11.792095125017093,656.6188956171883,300.0
600.0,12.889525125017094,515.6833291453102,30.000000000000004
600.0,12.281395125017093,735.7557091025125,60.00000000000001
600.0,11.973835125017095,1045.1824834574409,120.00000000000001
600.0,11.792095125017093,1657.0538492048588,300.0
600.0,12.281395125017093,1481.4446316770939,60.00000000000001
600.0,12.281395125017093,1481.4446316770939,60.00000000000001
600.0,11.973835125017095,2097.44814315548,120.00000000000001
600.0,11.792095125017093,3318.6102929040903,300.0
600.0,11.973835125017095,4198.4604329210615,120.00000000000001
600.0,11.973835125017095,4198.4604329210615,120.00000000000001
600.0,11.973835125017095,4198.4604329210615,120.00000000000001
600.0,11.792095125017093,6639.477623863486,300.0
600.0,14.057149391808771,0.3396438689904788,183.0
600.0,12.833899391808771,0.6781390361039047,183.0
600.0,12.225769391808772,1.351718014295672,183.0
600.0,11.85529939180877,3.3457723884710764,300.0
600.0,14.057149391808771,1.351718014295672,183.0
600.0,12.833899391808771,2.6854684100284816,183.0
600.0,12.225769391808772,5.301164774025272,183.0
600.0,11.85529939180877,12.76777508382246,300.0
600.0,14.057149391808771,8.165360833324062,183.0
600.0,12.833899391808771,15.725985056911751,183.0
600.0,12.225769391808772,29.388205834407533,183.0
600.0,11.85529939180877,62.52454877420635,300.0
600.0,12.833899391808771,52.49035377989052,183.0
600.0,12.833899391808771,52.49035377989052,183.0
600.0,12.225769391808772,88.56944404138956,183.0
600.0,11.85529939180877,162.15332375277188,300.0
600.0,12.225769391808772,214.44655768237337,183.0
600.0,12.225769391808772,214.44655768237337,183.0
600.0,12.225769391808772,214.44655768237337,183.0
600.0,11.85529939180877,356.05192905263067,300.0
600.0,14.059922237160492,1.351718014295672,91.5
600.0,12.836672237160492,2.6854684100284816,91.5
600.0,12.228542237160491,5.301164774025272,120.00000000000001
600.0,11.858072237160492,12.76777508382246,300.0
600.0,14.059922237160492,5.301164774025272,91.5
600.0,12.836672237160492,10.338816264979878,91.5
600.0,12.228542237160491,19.731664417817726,120.00000000000001
600.0,11.858072237160492,43.8034062176234,300.0
600.0,14.059922237160492,29.388205834407533,91.5
600.0,12.836672237160492,52.49035377989052,91.5
600.0,12.228542237160491,88.56944404138956,120.00000000000001
600.0,11.858072237160492,162.15332375277188,300.0
600.0,12.836672237160492,141.08361375664495,91.5
600.0,12.836672237160492,141.08361375664495,91.5
600.0,12.228542237160491,214.44655768237337,120.00000000000001
600.0,11.858072237160492,356.05192905263067,300.0
600.0,12.228542237160491,456.2681550578407,120.00000000000001
600.0,12.228542237160491,456.2681550578407,120.00000000000001
600.0,12.228542237160491,456.2681550578407,120.00000000000001
600.0,11.858072237160492,731.118477306684,300.0
600.0,14.06858298276123,8.165360833324062,36.6
600.0,12.84533298276123,15.725985056911751,60.00000000000001
600.0,12.23720298276123,29.388205834407533,120.00000000000001
600.0,11.86673298276123,62.52454877420635,300.0
600.0,14.06858298276123,29.388205834407533,36.6
600.0,12.84533298276123,52.49035377989052,60.00000000000001
600.0,12.23720298276123,88.56944404138956,120.00000000000001
600.0,11.86673298276123,162.15332375277188,300.0
600.0,14.06858298276123,120.25974828941537,36.6
600.0,12.84533298276123,185.55700757030482,60.00000000000001
600.0,12.23720298276123,275.8755271306016,120.00000000000001
600.0,11.86673298276123,450.6521685493915,300.0
600.0,12.84533298276123,400.83137196928976,60.00000000000001
600.0,12.84533298276123,400.83137196928976,60.00000000000001
600.0,12.23720298276123,574.8971059302014,120.00000000000001
600.0,11.86673298276123,916.880077058398,300.0
600.0,12.23720298276123,1162.3069903201394,120.00000000000001
600.0,12.23720298276123,1162.3069903201394,120.00000000000001
600.0,12.23720298276123,1162.3069903201394,120.00000000000001
600.0,11.86673298276123,1841.8036789716077,300.0
600.0,14.084229611551502,29.388205834407533,30.000000000000004
600.0,12.860979611551501,52.49035377989052,60.00000000000001
600.0,12.252849611551502,88.56944404138956,120.00000000000001
600.0,11.882379611551501,162.15332375277188,300.0
600.0,14.084229611551502,88.56944404138956,30.000000000000004
600.0,12.860979611551501,141.08361375664495,60.00000000000001
600.0,12.252849611551502,214.44655768237337,120.00000000000001
600.0,11.882379611551501,356.05192905263067,300.0
600.0,14.084229611551502,275.8755271306016,30.000000000000004
600.0,12.860979611551501,400.83137196928976,60.00000000000001
600.0,12.252849611551502,574.8971059302014,120.00000000000001
600.0,11.882379611551501,916.880077058398,300.0
600.0,12.860979611551501,818.8938464593346,60.00000000000001
600.0,12.860979611551501,818.8938464593346,60.00000000000001
600.0,12.252849611551502,1162.3069903201394,120.00000000000001
600.0,11.882379611551501,1841.8036789716077,300.0
600.0,12.252849611551502,2330.9990805028037,120.00000000000001
600.0,12.252849611551502,2330.9990805028037,120.00000000000001
600.0,12.252849611551502,2330.9990805028037,120.00000000000001
600.0,11.882379611551501,3687.6623061542955,300.0
600.0,14.112775125017095,76.02514636563973,30.000000000000004
600.0,12.889525125017094,123.15361347010158,60.00000000000001
600.0,12.281395125017093,189.58201516966054,120.00000000000001
600.0,11.910925125017094,317.90467103108085,300.0
600.0,14.112775125017095,189.58201516966054,30.000000000000004
600.0,12.889525125017094,281.43170375013955,60.00000000000001
600.0,12.281395125017093,408.54278673483776,120.00000000000001
600.0,11.910925125017094,656.6188956171883,300.0
600.0,14.112775125017095,515.6833291453102,30.000000000000004
600.0,12.889525125017094,735.7557091025125,60.00000000000001
600.0,12.281395125017093,1045.1824834574409,120.00000000000001
600.0,11.910925125017094,1657.0538492048588,300.0
600.0,12.889525125017094,1481.4446316770939,60.00000000000001
600.0,12.889525125017094,1481.4446316770939,60.00000000000001
600.0,12.281395125017093,2097.44814315548,120.00000000000001
600.0,11.910925125017094,3318.6102929040903,300.0
600.0,12.281395125017093,4198.4604329210615,120.00000000000001
600.0,12.281395125017093,4198.4604329210615,120.00000000000001
600.0,12.281395125017093,4198.4604329210615,120.00000000000001
600.0,11.910925125017094,6639.477623863486,300.0
600.0,16.496659391808773,0.3396438689904788,183.0
600.0,14.057149391808771,0.6781390361039047,183.0
600.0,12.833899391808771,1.351718014295672,183.0
600.0,12.09994939180877,3.3457723884710764,300.0
600.0,16.496659391808773,1.351718014295672,183.0
600.0,14.057149391808771,2.6854684100284816,183.0
600.0,12.833899391808771,5.301164774025272,183.0
600.0,12.09994939180877,12.76777508382246,300.0
600.0,16.496659391808773,8.165360833324062,183.0
600.0,14.057149391808771,15.725985056911751,183.0
600.0,12.833899391808771,29.388205834407533,183.0
600.0,12.09994939180877,62.52454877420635,300.0
600.0,14.057149391808771,52.49035377989052,183.0
600.0,14.057149391808771,52.49035377989052,183.0
600.0,12.833899391808771,88.56944404138956,183.0
600.0,12.09994939180877,162.15332375277188,300.0
600.0,12.833899391808771,214.44655768237337,183.0
600.0,12.833899391808771,214.44655768237337,183.0
600.0,12.833899391808771,214.44655768237337,183.0
600.0,12.09994939180877,356.05192905263067,300.0
600.0,16.49943223716049,1.351718014295672,91.5
600.0,14.059922237160492,2.6854684100284816,91.5
600.0,12.836672237160492,5.301164774025272,120.00000000000001
600.0,12.102722237160492,12.76777508382246,300.0
600.0,16.49943223716049,5.301164774025272,91.5
600.0,14.059922237160492,10.338816264979878,91.5
600.0,12.836672237160492,19.731664417817726,120.00000000000001
600.0,12.102722237160492,43.8034062176234,300.0
600.0,16.49943223716049,29.388205834407533,91.5
600.0,14.059922237160492,52.49035377989052,91.5
600.0,12.836672237160492,88.56944404138956,120.00000000000001
600.0,12.102722237160492,162.15332375277188,300.0
600.0,14.059922237160492,141.08361375664495,91.5
600.0,14.059922237160492,141.08361375664495,91.5
600.0,12.836672237160492,214.44655768237337,120.00000000000001
600.0,12.102722237160492,356.05192905263067,300.0
600.0,12.836672237160492,456.2681550578407,120.00000000000001
600.0,12.836672237160492,456.2681550578407,120.00000000000001
600.0,12.836672237160492,456.2681550578407,120.00000000000001
600.0,12.102722237160492,731.118477306684,300.0
600.0,16.50809298276123,8.165360833324062,36.6
600.0,14.06858298276123,15.725985056911751,60.00000000000001
600.0,12.84533298276123,29.388205834407533,120.00000000000001
600.0,12.11138298276123,62.52454877420635,300.0
600.0,16.50809298276123,29.388205834407533,36.6
600.0,14.06858298276123,52.49035377989052,60.00000000000001
600.0,12.84533298276123,88.56944404138956,120.00000000000001
600.0,12.11138298276123,162.15332375277188,300.0
600.0,16.50809298276123,120.25974828941537,36.6
600.0,14.06858298276123,185.55700757030482,60.00000000000001
600.0,12.84533298276123,275.8755271306016,120.00000000000001
600.0,12.11138298276123,450.6521685493915,300.0
600.0,14.06858298276123,400.83137196928976,60.00000000000001
600.0,14.06858298276123,400.83137196928976,60.00000000000001
600.0,12.84533298276123,574.8971059302014,120.00000000000001
600.0,12.11138298276123,916.880077058398,300.0
600.0,12.84533298276123,1162.3069903201394,120.00000000000001
600.0,12.84533298276123,1162.3069903201394,120.00000000000001
600.0,12.84533298276123,1162.3069903201394,120.00000000000001
600.0,12.11138298276123,1841.8036789716077,300.0
600.0,16.523739611551502,29.388205834407533,30.000000000000004
600.0,14.084229611551502,52.49035377989052,60.00000000000001
600.0,12.860979611551501,88.56944404138956,120.00000000000001
600.0,12.127029611551501,162.15332375277188,300.0
600.0,16.523739611551502,88.56944404138956,30.000000000000004
600.0,14.084229611551502,141.08361375664495,60.00000000000001
600.0,12.860979611551501,214.44655768237337,120.00000000000001
600.0,12.127029611551501,356.05192905263067,300.0
600.0,16.523739611551502,275.8755271306016,30.000000000000004
600.0,14.084229611551502,400.83137196928976,60.00000000000001
600.0,12.860979611551501,574.8971059302014,120.00000000000001
600.0,12.127029611551501,916.880077058398,300.0
600.0,14.084229611551502,818.8938464593346,60.00000000000001
600.0,14.084229611551502,818.8938464593346,60.00000000000001
600.0,12.860979611551501,1162.3069903201394,120.00000000000001
600.0,12.127029611551501,1841.8036789716077,300.0
600.0,12.860979611551501,2330.9990805028037,120.00000000000001
600.0,12.860979611551501,2330.9990805028037,120.00000000000001
600.0,12.860979611551501,2330.9990805028037,120.00000000000001
600.0,12.127029611551501,3687.6623061542955,300.0
600.0,16.552285125017093,76.02514636563973,30.000000000000004
600.0,14.112775125017095,123.15361347010158,60.00000000000001
600.0,12.889525125017094,189.58201516966054,120.00000000000001
600.0,12.155575125017094,317.90467103108085,300.0
600.0,16.552285125017093,189.58201516966054,30.000000000000004
600.0,14.112775125017095,281.43170375013955,60.00000000000001
600.0,12.889525125017094,408.54278673483776,120.00000000000001
600.0,12.155575125017094,656.6188956171883,300.0
600.0,16.552285125017093,515.6833291453102,30.000000000000004
600.0,14.112775125017095,735.7557091025125,60.00000000000001
600.0,12.889525125017094,1045.1824834574409,120.00000000000001
600.0,12.155575125017094,1657.0538492048588,300.0
600.0,14.112775125017095,1481.4446316770939,60.00000000000001
600.0,14.112775125017095,1481.4446316770939,60.00000000000001
600.0,12.889525125017094,2097.44814315548,120.00000000000001
600.0,12.155575125017094,3318.6102929040903,300.0
600.0,12.889525125017094,4198.4604329210615,120.00000000000001
600.0,12.889525125017094,4198.4604329210615,120.00000000000001
600.0,12.889525125017094,4198.4604329210615,120.00000000000001
600.0,12.155575125017094,6639.477623863486,300.0
600.0,23.815189391808772,0.3396438689904788,183.0
600.0,17.71291939180877,0.6781390361039047,183.0
600.0,14.665279391808772,1.351718014295672,183.0
600.0,12.833899391808771,3.3457723884710764,300.0
600.0,23.815189391808772,1.351718014295672,183.0
600.0,17.71291939180877,2.6854684100284816,183.0
600.0,14.665279391808772,5.301164774025272,183.0
600.0,12.833899391808771,12.76777508382246,300.0
600.0,23.815189391808772,8.165360833324062,183.0
600.0,17.71291939180877,15.725985056911751,183.0
600.0,14.665279391808772,29.388205834407533,183.0
600.0,12.833899391808771,62.52454877420635,300.0
600.0,17.71291939180877,52.49035377989052,183.0
600.0,17.71291939180877,52.49035377989052,183.0
600.0,14.665279391808772,88.56944404138956,183.0
600.0,12.833899391808771,162.15332375277188,300.0
600.0,14.665279391808772,214.44655768237337,183.0
600.0,14.665279391808772,214.44655768237337,183.0
600.0,14.665279391808772,214.44655768237337,183.0
600.0,12.833899391808771,356.05192905263067,300.0
600.0,23.817962237160494,1.351718014295672,91.5
600.0,17.715692237160493,2.6854684100284816,91.5
600.0,14.668052237160492,5.301164774025272,120.00000000000001
600.0,12.836672237160492,12.76777508382246,300.0
600.0,23.817962237160494,5.301164774025272,91.5
600.0,17.715692237160493,10.338816264979878,91.5
600.0,14.668052237160492,19.731664417817726,120.00000000000001
600.0,12.836672237160492,43.8034062176234,300.0
600.0,23.817962237160494,29.388205834407533,91.5
600.0,17.715692237160493,52.49035377989052,91.5
600.0,14.668052237160492,88.56944404138956,120.00000000000001
600.0,12.836672237160492,162.15332375277188,300.0
600.0,17.715692237160493,141.08361375664495,91.5
600.0,17.715692237160493,141.08361375664495,91.5
600.0,14.668052237160492,214.44655768237337,120.00000000000001
600.0,12.836672237160492,356.05192905263067,300.0
600.0,14.668052237160492,456.2681550578407,120.00000000000001
600.0,14.668052237160492,456.2681550578407,120.00000000000001
600.0,14.668052237160492,456.2681550578407,120.00000000000001
600.0,12.836672237160492,731.118477306684,300.0
600.0,23.82662298276123,8.165360833324062,36.6
600.0,17.724352982761232,15.725985056911751,60.00000000000001
600.0,14.67671298276123,29.388205834407533,120.00000000000001
600.0,12.84533298276123,62.52454877420635,300.0
600.0,23.82662298276123,29.388205834407533,36.6
600.0,17.724352982761232,52.49035377989052,60.00000000000001
600.0,14.67671298276123,88.56944404138956,120.00000000000001
600.0,12.84533298276123,162.15332375277188,300.0
600.0,23.82662298276123,120.25974828941537,36.6
600.0,17.724352982761232,185.55700757030482,60.00000000000001
600.0,14.67671298276123,275.8755271306016,120.00000000000001
600.0,12.84533298276123,450.6521685493915,300.0
600.0,17.724352982761232,400.83137196928976,60.00000000000001
600.0,17.724352982761232,400.83137196928976,60.00000000000001
600.0,14.67671298276123,574.8971059302014,120.00000000000001
600.0,12.84533298276123,916.880077058398,300.0
600.0,14.67671298276123,1162.3069903201394,120.00000000000001
600.0,14.67671298276123,1162.3069903201394,120.00000000000001
600.0,14.67671298276123,1162.3069903201394,120.00000000000001
600.0,12.84533298276123,1841.8036789716077,300.0
600.0,23.8422696115515,29.388205834407533,30.000000000000004
600.0,17.739999611551504,52.49035377989052,60.00000000000001
600.0,14.692359611551502,88.56944404138956,120.00000000000001
600.0,12.860979611551501,162.15332375277188,300.0
600.0,23.8422696115515,88.56944404138956,30.000000000000004
600.0,17.739999611551504,141.08361375664495,60.00000000000001
600.0,14.692359611551502,214.44655768237337,120.00000000000001
600.0,12.860979611551501,356.05192905263067,300.0
600.0,23.8422696115515,275.8755271306016,30.000000000000004
600.0,17.739999611551504,400.83137196928976,60.00000000000001
600.0,14.692359611551502,574.8971059302014,120.00000000000001
600.0,12.860979611551501,916.880077058398,300.0
600.0,17.739999611551504,818.8938464593346,60.00000000000001
600.0,17.739999611551504,818.8938464593346,60.00000000000001
600.0,14.692359611551502,1162.3069903201394,120.00000000000001
600.0,12.860979611551501,1841.8036789716077,300.0
600.0,14.692359611551502,2330.9990805028037,120.00000000000001
600.0,14.692359611551502,2330.9990805028037,120.00000000000001
600.0,14.692359611551502,2330.9990805028037,120.00000000000001
600.0,12.860979611551501,3687.6623061542955,300.0
600.0,23.870815125017096,76.02514636563973,30.000000000000004
600.0,17.768545125017095,123.15361347010158,60.00000000000001
600.0,14.720905125017094,189.58201516966054,120.00000000000001
600.0,12.889525125017094,317.90467103108085,300.0
600.0,23.870815125017096,189.58201516966054,30.000000000000004
600.0,17.768545125017095,281.43170375013955,60.00000000000001
600.0,14.720905125017094,408.54278673483776,120.00000000000001
600.0,12.889525125017094,656.6188956171883,300.0
600.0,23.870815125017096,515.6833291453102,30.000000000000004
600.0,17.768545125017095,735.7557091025125,60.00000000000001
600.0,14.720905125017094,1045.1824834574409,120.00000000000001
600.0,12.889525125017094,1657.0538492048588,300.0
600.0,17.768545125017095,1481.4446316770939,60.00000000000001
600.0,17.768545125017095,1481.4446316770939,60.00000000000001
600.0,14.720905125017094,2097.44814315548,120.00000000000001
600.0,12.889525125017094,3318.6102929040903,300.0
600.0,14.720905125017094,4198.4604329210615,120.00000000000001
600.0,14.720905125017094,4198.4604329210615,120.00000000000001
600.0,14.720905125017094,4198.4604329210615,120.00000000000001
600.0,12.889525125017094,6639.477623863486,300.0
600.0,12.174729704570698,0.042518603448051744,183.0
600.0,11.930079704570698,0.08501913818312153,183.0
600.0,11.811249704570699,0.16996607056686927,183.0
600.0,11.734359704570698,0.4243750095848587,183.0
600.0,12.174729704570698,0.16996607056686927,183.0
600.0,11.930079704570698,0.3396438689904788,183.0
600.0,11.811249704570699,0.6781390361039047,183.0
600.0,11.734359704570698,1.6868189577176136,183.0
600.0,12.174729704570698,1.05758388478469,183.0
600.0,11.930079704570698,2.1041289418882974,183.0
600.0,11.811249704570699,4.165120108971312,183.0
600.0,11.734359704570698,10.108137038634853,183.0
600.0,11.930079704570698,8.165360833324062,183.0
600.0,11.930079704570698,8.165360833324062,183.0
600.0,11.811249704570699,15.725985056911751,183.0
600.0,11.734359704570698,35.622284422078074,183.0
600.0,11.811249704570699,52.49035377989052,183.0
600.0,11.811249704570699,52.49035377989052,183.0
600.0,11.811249704570699,52.49035377989052,183.0
600.0,11.734359704570698,103.50480644712077,183.0
600.0,12.179020078944593,0.16996607056686927,91.5
600.0,11.934370078944593,0.3396438689904788,91.5
600.0,11.815540078944592,0.6781390361039047,91.5
600.0,11.738650078944591,1.6868189577176136,150.0
600.0,12.179020078944593,0.6781390361039047,91.5
600.0,11.934370078944593,1.351718014295672,91.5
600.0,11.815540078944592,2.6854684100284816,91.5
600.0,11.738650078944591,6.584104012254777,150.0
600.0,12.179020078944593,4.165120108971312,91.5
600.0,11.934370078944593,8.165360833324062,91.5
600.0,11.815540078944592,15.725985056911751,91.5
600.0,11.738650078944591,35.622284422078074,150.0
600.0,11.934370078944593,29.388205834407533,91.5
600.0,11.934370078944593,29.388205834407533,91.5
600.0,11.815540078944592,52.49035377989052,91.5
600.0,11.738650078944591,103.50480644712077,150.0
600.0,11.815540078944592,141.08361375664495,91.5
600.0,11.815540078944592,141.08361375664495,91.5
600.0,11.815540078944592,141.08361375664495,91.5
600.0,11.738650078944591,243.56837729345173,150.0
600.0,12.19242069681936,1.05758388478469,36.6
600.0,11.94777069681936,2.1041289418882974,36.6
600.0,11.82894069681936,4.165120108971312,60.00000000000001
600.0,11.75205069681936,10.108137038634853,150.0
600.0,12.19242069681936,4.165120108971312,36.6
600.0,11.94777069681936,8.165360833324062,36.6
600.0,11.82894069681936,15.725985056911751,60.00000000000001
600.0,11.75205069681936,35.622284422078074,150.0
600.0,12.19242069681936,23.624856171809657,36.6
600.0,11.94777069681936,42.95456103530532,36.6
600.0,11.82894069681936,74.0187252352321,60.00000000000001
600.0,11.75205069681936,138.97312027465514,150.0
600.0,11.94777069681936,120.25974828941537,36.6
600.0,11.94777069681936,120.25974828941537,36.6
600.0,11.82894069681936,185.55700757030482,60.00000000000001
600.0,11.75205069681936,311.73516466718075,150.0
600.0,11.82894069681936,400.83137196928976,60.00000000000001
600.0,11.82894069681936,400.83137196928976,60.00000000000001
600.0,11.82894069681936,400.83137196928976,60.00000000000001
600.0,11.75205069681936,644.5976843991062,150.0
600.0,12.216630447701421,4.165120108971312,18.3
600.0,11.971980447701421,8.165360833324062,30.000000000000004
600.0,11.85315044770142,15.725985056911751,60.00000000000001
600.0,11.776260447701421,35.622284422078074,150.0
600.0,12.216630447701421,15.725985056911751,18.3
600.0,11.971980447701421,29.388205834407533,30.000000000000004
600.0,11.85315044770142,52.49035377989052,60.00000000000001
600.0,11.776260447701421,103.50480644712077,150.0
600.0,12.216630447701421,74.0187252352321,18.3
600.0,11.971980447701421,120.25974828941537,30.000000000000004
600.0,11.85315044770142,185.55700757030482,60.00000000000001
600.0,11.776260447701421,311.73516466718075,150.0
600.0,11.971980447701421,275.8755271306016,30.000000000000004
600.0,11.971980447701421,275.8755271306016,30.000000000000004
600.0,11.85315044770142,400.83137196928976,60.00000000000001
600.0,11.776260447701421,644.5976843991062,150.0
600.0,11.85315044770142,818.8938464593346,60.00000000000001
600.0,11.85315044770142,818.8938464593346,60.00000000000001
600.0,11.85315044770142,818.8938464593346,60.00000000000001
600.0,11.776260447701421,1300.447686154633,150.0
600.0,12.260798413789564,12.91770481995235,15.000000000000002
600.0,12.016148413789564,24.400157106303414,30.000000000000004
600.0,11.897318413789565,44.25356534141879,60.00000000000001
600.0,11.820428413789564,89.35522098757882,150.0
600.0,12.260798413789564,44.25356534141879,15.000000000000002
600.0,12.016148413789564,76.02514636563973,30.000000000000004
600.0,11.897318413789565,123.15361347010158,60.00000000000001
600.0,11.820428413789564,215.9897012186432,150.0
600.0,12.260798413789564,163.39290717531762,15.000000000000002
600.0,12.016148413789564,245.28003081849155,30.000000000000004
600.0,11.897318413789565,358.42182259897777,60.00000000000001
600.0,11.820428413789564,578.581041082709,150.0
600.0,12.016148413789564,515.6833291453102,30.000000000000004
600.0,12.016148413789564,515.6833291453102,30.000000000000004
600.0,11.897318413789565,735.7557091025125,60.00000000000001
600.0,11.820428413789564,1169.6015146619875,150.0
600.0,11.897318413789565,1481.4446316770939,60.00000000000001
600.0,11.897318413789565,1481.4446316770939,60.00000000000001
600.0,11.897318413789565,1481.4446316770939,60.00000000000001
600.0,11.820428413789564,2345.5491291045223,150.0
600.0,12.664029704570698,0.042518603448051744,183.0
600.0,12.174729704570698,0.08501913818312153,183.0
600.0,11.930079704570698,0.16996607056686927,183.0
600.0,11.783289704570699,0.4243750095848587,183.0
600.0,12.664029704570698,0.16996607056686927,183.0
600.0,12.174729704570698,0.3396438689904788,183.0
600.0,11.930079704570698,0.6781390361039047,183.0
600.0,11.783289704570699,1.6868189577176136,183.0
600.0,12.664029704570698,1.05758388478469,183.0
600.0,12.174729704570698,2.1041289418882974,183.0
600.0,11.930079704570698,4.165120108971312,183.0
600.0,11.783289704570699,10.108137038634853,183.0
600.0,12.174729704570698,8.165360833324062,183.0
600.0,12.174729704570698,8.165360833324062,183.0
600.0,11.930079704570698,15.725985056911751,183.0
600.0,11.783289704570699,35.622284422078074,183.0
600.0,11.930079704570698,52.49035377989052,183.0
600.0,11.930079704570698,52.49035377989052,183.0
600.0,11.930079704570698,52.49035377989052,183.0
600.0,11.783289704570699,103.50480644712077,183.0
600.0,12.668320078944593,0.16996607056686927,91.5
600.0,12.179020078944593,0.3396438689904788,91.5
600.0,11.934370078944593,0.6781390361039047,91.5
600.0,11.787580078944591,1.6868189577176136,150.0
600.0,12.668320078944593,0.6781390361039047,91.5
600.0,12.179020078944593,1.351718014295672,91.5
600.0,11.934370078944593,2.6854684100284816,91.5
600.0,11.787580078944591,6.584104012254777,150.0
600.0,12.668320078944593,4.165120108971312,91.5
600.0,12.179020078944593,8.165360833324062,91.5
600.0,11.934370078944593,15.725985056911751,91.5
600.0,11.787580078944591,35.622284422078074,150.0
600.0,12.179020078944593,29.388205834407533,91.5
600.0,12.179020078944593,29.388205834407533,91.5
600.0,11.934370078944593,52.49035377989052,91.5
600.0,11.787580078944591,103.50480644712077,150.0
600.0,11.934370078944593,141.08361375664495,91.5
600.0,11.934370078944593,141.08361375664495,91.5
600.0,11.934370078944593,141.08361375664495,91.5
600.0,11.787580078944591,243.56837729345173,150.0
600.0,12.68172069681936,1.05758388478469,36.6
600.0,12.19242069681936,2.1041289418882974,36.6
600.0,11.94777069681936,4.165120108971312,60.00000000000001
600.0,11.80098069681936,10.108137038634853,150.0
600.0,12.68172069681936,4.165120108971312,36.6
600.0,12.19242069681936,8.165360833324062,36.6
600.0,11.94777069681936,15.725985056911751,60.00000000000001
600.0,11.80098069681936,35.622284422078074,150.0
600.0,12.68172069681936,23.624856171809657,36.6
600.0,12.19242069681936,42.95456103530532,36.6
600.0,11.94777069681936,74.0187252352321,60.00000000000001
600.0,11.80098069681936,138.97312027465514,150.0
600.0,12.19242069681936,120.25974828941537,36.6
600.0,12.19242069681936,120.25974828941537,36.6
600.0,11.94777069681936,185.55700757030482,60.00000000000001
600.0,11.80098069681936,311.73516466718075,150.0
600.0,11.94777069681936,400.83137196928976,60.00000000000001
600.0,11.94777069681936,400.83137196928976,60.00000000000001
600.0,11.94777069681936,400.83137196928976,60.00000000000001
600.0,11.80098069681936,644.5976843991062,150.0
600.0,12.705930447701421,4.165120108971312,18.3
600.0,12.216630447701421,8.165360833324062,30.000000000000004
600.0,11.971980447701421,15.725985056911751,60.00000000000001
600.0,11.825190447701422,35.622284422078074,150.0
600.0,12.705930447701421,15.725985056911751,18.3
600.0,12.216630447701421,29.388205834407533,30.000000000000004
600.0,11.971980447701421,52.49035377989052,60.00000000000001
600.0,11.825190447701422,103.50480644712077,150.0
600.0,12.705930447701421,74.0187252352321,18.3
600.0,12.216630447701421,120.25974828941537,30.000000000000004
600.0,11.971980447701421,185.55700757030482,60.00000000000001
600.0,11.825190447701422,311.73516466718075,150.0
600.0,12.216630447701421,275.8755271306016,30.000000000000004
600.0,12.216630447701421,275.8755271306016,30.000000000000004
600.0,11.971980447701421,400.83137196928976,60.00000000000001
600.0,11.825190447701422,644.5976843991062,150.0
600.0,11.971980447701421,818.8938464593346,60.00000000000001
600.0,11.971980447701421,818.8938464593346,60.00000000000001
600.0,11.971980447701421,818.8938464593346,60.00000000000001
600.0,11.825190447701422,1300.447686154633,150.0
600.0,12.750098413789564,12.91770481995235,15.000000000000002
600.0,12.260798413789564,24.400157106303414,30.000000000000004
600.0,12.016148413789564,44.25356534141879,60.00000000000001
600.0,11.869358413789564,89.35522098757882,150.0
600.0,12.750098413789564,44.25356534141879,15.000000000000002
600.0,12.260798413789564,76.02514636563973,30.000000000000004
600.0,12.016148413789564,123.15361347010158,60.00000000000001
600.0,11.869358413789564,215.9897012186432,150.0
600.0,12.750098413789564,163.39290717531762,15.000000000000002
600.0,12.260798413789564,245.28003081849155,30.000000000000004
600.0,12.016148413789564,358.42182259897777,60.00000000000001
600.0,11.869358413789564,578.581041082709,150.0
600.0,12.260798413789564,515.6833291453102,30.000000000000004
600.0,12.260798413789564,515.6833291453102,30.000000000000004
600.0,12.016148413789564,735.7557091025125,60.00000000000001
600.0,11.869358413789564,1169.6015146619875,150.0
600.0,12.016148413789564,1481.4446316770939,60.00000000000001
600.0,12.016148413789564,1481.4446316770939,60.00000000000001
600.0,12.016148413789564,1481.4446316770939,60.00000000000001
600.0,11.869358413789564,2345.5491291045223,150.0
600.0,14.131929704570698,0.042518603448051744,183.0
600.0,12.908679704570698,0.08501913818312153,183.0
600.0,12.300549704570697,0.16996607056686927,183.0
600.0,11.930079704570698,0.4243750095848587,183.0
600.0,14.131929704570698,0.16996607056686927,183.0
600.0,12.908679704570698,0.3396438689904788,183.0
600.0,12.300549704570697,0.6781390361039047,183.0
600.0,11.930079704570698,1.6868189577176136,183.0
600.0,14.131929704570698,1.05758388478469,183.0
600.0,12.908679704570698,2.1041289418882974,183.0
600.0,12.300549704570697,4.165120108971312,183.0
600.0,11.930079704570698,10.108137038634853,183.0
600.0,12.908679704570698,8.165360833324062,183.0
600.0,12.908679704570698,8.165360833324062,183.0
600.0,12.300549704570697,15.725985056911751,183.0
600.0,11.930079704570698,35.622284422078074,183.0
600.0,12.300549704570697,52.49035377989052,183.0
600.0,12.300549704570697,52.49035377989052,183.0
600.0,12.300549704570697,52.49035377989052,183.0
600.0,11.930079704570698,103.50480644712077,183.0
600.0,14.136220078944593,0.16996607056686927,91.5
600.0,12.912970078944593,0.3396438689904788,91.5
600.0,12.304840078944592,0.6781390361039047,91.5
600.0,11.934370078944593,1.6868189577176136,150.0
600.0,14.136220078944593,0.6781390361039047,91.5
600.0,12.912970078944593,1.351718014295672,91.5
600.0,12.304840078944592,2.6854684100284816,91.5
600.0,11.934370078944593,6.584104012254777,150.0
600.0,14.136220078944593,4.165120108971312,91.5
600.0,12.912970078944593,8.165360833324062,91.5
600.0,12.304840078944592,15.725985056911751,91.5
600.0,11.934370078944593,35.622284422078074,150.0
600.0,12.912970078944593,29.388205834407533,91.5
600.0,12.912970078944593,29.388205834407533,91.5
600.0,12.304840078944592,52.49035377989052,91.5
600.0,11.934370078944593,103.50480644712077,150.0
600.0,12.304840078944592,141.08361375664495,91.5
600.0,12.304840078944592,141.08361375664495,91.5
600.0,12.304840078944592,141.08361375664495,91.5
600.0,11.934370078944593,243.56837729345173,150.0
600.0,14.14962069681936,1.05758388478469,36.6
600.0,12.92637069681936,2.1041289418882974,36.6
600.0,12.31824069681936,4.165120108971312,60.00000000000001
600.0,11.94777069681936,10.108137038634853,150.0
600.0,14.14962069681936,4.165120108971312,36.6
600.0,12.92637069681936,8.165360833324062,36.6
600.0,12.31824069681936,15.725985056911751,60.00000000000001
600.0,11.94777069681936,35.622284422078074,150.0
600.0,14.14962069681936,23.624856171809657,36.6
600.0,12.92637069681936,42.95456103530532,36.6
600.0,12.31824069681936,74.0187252352321,60.00000000000001
600.0,11.94777069681936,138.97312027465514,150.0
600.0,12.92637069681936,120.25974828941537,36.6
600.0,12.92637069681936,120.25974828941537,36.6
600.0,12.31824069681936,185.55700757030482,60.00000000000001
600.0,11.94777069681936,311.73516466718075,150.0
600.0,12.31824069681936,400.83137196928976,60.00000000000001
600.0,12.31824069681936,400.83137196928976,60.00000000000001
600.0,12.31824069681936,400.83137196928976,60.00000000000001
600.0,11.94777069681936,644.5976843991062,150.0
600.0,14.173830447701421,4.165120108971312,18.3
600.0,12.950580447701421,8.165360833324062,30.000000000000004
600.0,12.34245044770142,15.725985056911751,60.00000000000001
600.0,11.971980447701421,35.622284422078074,150.0
600.0,14.173830447701421,15.725985056911751,18.3
600.0,12.950580447701421,29.388205834407533,30.000000000000004
600.0,12.34245044770142,52.49035377989052,60.00000000000001
600.0,11.971980447701421,103.50480644712077,150.0
600.0,14.173830447701421,74.0187252352321,18.3
600.0,12.950580447701421,120.25974828941537,30.000000000000004
600.0,12.34245044770142,185.55700757030482,60.00000000000001
600.0,11.971980447701421,311.73516466718075,150.0
600.0,12.950580447701421,275.8755271306016,30.000000000000004
600.0,12.950580447701421,275.8755271306016,30.000000000000004
600.0,12.34245044770142,400.83137196928976,60.00000000000001
600.0,11.971980447701421,644.5976843991062,150.0
600.0,12.34245044770142,818.8938464593346,60.00000000000001
600.0,12.34245044770142,818.8938464593346,60.00000000000001
600.0,12.34245044770142,818.8938464593346,60.00000000000001
600.0,11.971980447701421,1300.447686154633,150.0
600.0,14.217998413789564,12.91770481995235,15.000000000000002
600.0,12.994748413789564,24.400157106303414,30.000000000000004
600.0,12.386618413789565,44.25356534141879,60.00000000000001
600.0,12.016148413789564,89.35522098757882,150.0
600.0,14.217998413789564,44.25356534141879,15.000000000000002
600.0,12.994748413789564,76.02514636563973,30.000000000000004
600.0,12.386618413789565,123.15361347010158,60.00000000000001
600.0,12.016148413789564,215.9897012186432,150.0
600.0,14.217998413789564,163.39290717531762,15.000000000000002
600.0,12.994748413789564,245.28003081849155,30.000000000000004
600.0,12.386618413789565,358.42182259897777,60.00000000000001
600.0,12.016148413789564,578.581041082709,150.0
600.0,12.994748413789564,515.6833291453102,30.000000000000004
600.0,12.994748413789564,515.6833291453102,30.000000000000004
600.0,12.386618413789565,735.7557091025125,60.00000000000001
600.0,12.016148413789564,1169.6015146619875,150.0
600.0,12.386618413789565,1481.4446316770939,60.00000000000001
600.0,12.386618413789565,1481.4446316770939,60.00000000000001
600.0,12.386618413789565,1481.4446316770939,60.00000000000001
600.0,12.016148413789564,2345.5491291045223,150.0
600.0,16.5714397045707,0.042518603448051744,183.0
600.0,14.131929704570698,0.08501913818312153,183.0
600.0,12.908679704570698,0.16996607056686927,183.0
600.0,12.174729704570698,0.4243750095848587,183.0
600.0,16.5714397045707,0.16996607056686927,183.0
600.0,14.131929704570698,0.3396438689904788,183.0
600.0,12.908679704570698,0.6781390361039047,183.0
600.0,12.174729704570698,1.6868189577176136,183.0
600.0,16.5714397045707,1.05758388478469,183.0
600.0,14.131929704570698,2.1041289418882974,183.0
600.0,12.908679704570698,4.165120108971312,183.0
600.0,12.174729704570698,10.108137038634853,183.0
600.0,14.131929704570698,8.165360833324062,183.0
600.0,14.131929704570698,8.165360833324062,183.0
600.0,12.908679704570698,15.725985056911751,183.0
600.0,12.174729704570698,35.622284422078074,183.0
600.0,12.908679704570698,52.49035377989052,183.0
600.0,12.908679704570698,52.49035377989052,183.0
600.0,12.908679704570698,52.49035377989052,183.0
600.0,12.174729704570698,103.50480644712077,183.0
600.0,16.575730078944595,0.16996607056686927,91.5
600.0,14.136220078944593,0.3396438689904788,91.5
600.0,12.912970078944593,0.6781390361039047,91.5
600.0,12.179020078944593,1.6868189577176136,150.0
600.0,16.575730078944595,0.6781390361039047,91.5
600.0,14.136220078944593,1.351718014295672,91.5
600.0,12.912970078944593,2.6854684100284816,91.5
600.0,12.179020078944593,6.584104012254777,150.0
600.0,16.575730078944595,4.165120108971312,91.5
600.0,14.136220078944593,8.165360833324062,91.5
600.0,12.912970078944593,15.725985056911751,91.5
600.0,12.179020078944593,35.622284422078074,150.0
600.0,14.136220078944593,29.388205834407533,91.5
600.0,14.136220078944593,29.388205834407533,91.5
600.0,12.912970078944593,52.49035377989052,91.5
600.0,12.179020078944593,103.50480644712077,150.0
600.0,12.912970078944593,141.08361375664495,91.5
600.0,12.912970078944593,141.08361375664495,91.5
600.0,12.912970078944593,141.08361375664495,91.5
600.0,12.179020078944593,243.56837729345173,150.0
600.0,16.58913069681936,1.05758388478469,36.6
600.0,14.14962069681936,2.1041289418882974,36.6
600.0,12.92637069681936,4.165120108971312,60.00000000000001
600.0,12.19242069681936,10.108137038634853,150.0
600.0,16.58913069681936,4.165120108971312,36.6
600.0,14.14962069681936,8.165360833324062,36.6
600.0,12.92637069681936,15.725985056911751,60.00000000000001
600.0,12.19242069681936,35.622284422078074,150.0
600.0,16.58913069681936,23.624856171809657,36.6
600.0,14.14962069681936,42.95456103530532,36.6
600.0,12.92637069681936,74.0187252352321,60.00000000000001
600.0,12.19242069681936,138.97312027465514,150.0
600.0,14.14962069681936,120.25974828941537,36.6
600.0,14.14962069681936,120.25974828941537,36.6
600.0,12.92637069681936,185.55700757030482,60.00000000000001
600.0,12.19242069681936,311.73516466718075,150.0
600.0,12.92637069681936,400.83137196928976,60.00000000000001
600.0,12.92637069681936,400.83137196928976,60.00000000000001
600.0,12.92637069681936,400.83137196928976,60.00000000000001
600.0,12.19242069681936,644.5976843991062,150.0
600.0,16.61334044770142,4.165120108971312,18.3
600.0,14.173830447701421,8.165360833324062,30.000000000000004
600.0,12.950580447701421,15.725985056911751,60.00000000000001
600.0,12.216630447701421,35.622284422078074,150.0
600.0,16.61334044770142,15.725985056911751,18.3
600.0,14.173830447701421,29.388205834407533,30.000000000000004
600.0,12.950580447701421,52.49035377989052,60.00000000000001
600.0,12.216630447701421,103.50480644712077,150.0
600.0,16.61334044770142,74.0187252352321,18.3
600.0,14.173830447701421,120.25974828941537,30.000000000000004
600.0,12.950580447701421,185.55700757030482,60.00000000000001
600.0,12.216630447701421,311.73516466718075,150.0
600.0,14.173830447701421,275.8755271306016,30.000000000000004
600.0,14.173830447701421,275.8755271306016,30.000000000000004
600.0,12.950580447701421,400.83137196928976,60.00000000000001
600.0,12.216630447701421,644.5976843991062,150.0
600.0,12.950580447701421,818.8938464593346,60.00000000000001
600.0,12.950580447701421,818.8938464593346,60.00000000000001
600.0,12.950580447701421,818.8938464593346,60.00000000000001
600.0,12.216630447701421,1300.447686154633,150.0
600.0,16.657508413789564,12.91770481995235,15.000000000000002
600.0,14.217998413789564,24.400157106303414,30.000000000000004
600.0,12.994748413789564,44.25356534141879,60.00000000000001
600.0,12.260798413789564,89.35522098757882,150.0
600.0,16.657508413789564,44.25356534141879,15.000000000000002
600.0,14.217998413789564,76.02514636563973,30.000000000000004
600.0,12.994748413789564,123.15361347010158,60.00000000000001
600.0,12.260798413789564,215.9897012186432,150.0
600.0,16.657508413789564,163.39290717531762,15.000000000000002
600.0,14.217998413789564,245.28003081849155,30.000000000000004
600.0,12.994748413789564,358.42182259897777,60.00000000000001
600.0,12.260798413789564,578.581041082709,150.0
600.0,14.217998413789564,515.6833291453102,30.000000000000004
600.0,14.217998413789564,515.6833291453102,30.000000000000004
600.0,12.994748413789564,735.7557091025125,60.00000000000001
600.0,12.260798413789564,1169.6015146619875,150.0
600.0,12.994748413789564,1481.4446316770939,60.00000000000001
600.0,12.994748413789564,1481.4446316770939,60.00000000000001
600.0,12.994748413789564,1481.4446316770939,60.00000000000001
600.0,12.260798413789564,2345.5491291045223,150.0
600.0,21.450459704570697,0.042518603448051744,183.0
600.0,16.5714397045707,0.08501913818312153,183.0
600.0,14.131929704570698,0.16996607056686927,183.0
600.0,12.664029704570698,0.4243750095848587,183.0
600.0,21.450459704570697,0.16996607056686927,183.0
600.0,16.5714397045707,0.3396438689904788,183.0
600.0,14.131929704570698,0.6781390361039047,183.0
600.0,12.664029704570698,1.6868189577176136,183.0
600.0,21.450459704570697,1.05758388478469,183.0
600.0,16.5714397045707,2.1041289418882974,183.0
600.0,14.131929704570698,4.165120108971312,183.0
600.0,12.664029704570698,10.108137038634853,183.0
600.0,16.5714397045707,8.165360833324062,183.0
600.0,16.5714397045707,8.165360833324062,183.0
600.0,14.131929704570698,15.725985056911751,183.0
600.0,12.664029704570698,35.622284422078074,183.0
600.0,14.131929704570698,52.49035377989052,183.0
600.0,14.131929704570698,52.49035377989052,183.0
600.0,14.131929704570698,52.49035377989052,183.0
600.0,12.664029704570698,103.50480644712077,183.0
600.0,21.454750078944592,0.16996607056686927,91.5
600.0,16.575730078944595,0.3396438689904788,91.5
600.0,14.136220078944593,0.6781390361039047,91.5
600.0,12.668320078944593,1.6868189577176136,150.0
600.0,21.454750078944592,0.6781390361039047,91.5
600.0,16.575730078944595,1.351718014295672,91.5
600.0,14.136220078944593,2.6854684100284816,91.5
600.0,12.668320078944593,6.584104012254777,150.0
600.0,21.454750078944592,4.165120108971312,91.5
600.0,16.575730078944595,8.165360833324062,91.5
600.0,14.136220078944593,15.725985056911751,91.5
600.0,12.668320078944593,35.622284422078074,150.0
600.0,16.575730078944595,29.388205834407533,91.5
600.0,16.575730078944595,29.388205834407533,91.5
600.0,14.136220078944593,52.49035377989052,91.5
600.0,12.668320078944593,103.50480644712077,150.0
600.0,14.136220078944593,141.08361375664495,91.5
600.0,14.136220078944593,141.08361375664495,91.5
600.0,14.136220078944593,141.08361375664495,91.5
600.0,12.668320078944593,243.56837729345173,150.0
600.0,21.46815069681936,1.05758388478469,36.6
600.0,16.58913069681936,2.1041289418882974,36.6
600.0,14.14962069681936,4.165120108971312,60.00000000000001
600.0,12.68172069681936,10.108137038634853,150.0
600.0,21.46815069681936,4.165120108971312,36.6
600.0,16.58913069681936,8.165360833324062,36.6
600.0,14.14962069681936,15.725985056911751,60.00000000000001
600.0,12.68172069681936,35.622284422078074,150.0
600.0,21.46815069681936,23.624856171809657,36.6
600.0,16.58913069681936,42.95456103530532,36.6
600.0,14.14962069681936,74.0187252352321,60.00000000000001
600.0,12.68172069681936,138.97312027465514,150.0
600.0,16.58913069681936,120.25974828941537,36.6
600.0,16.58913069681936,120.25974828941537,36.6
600.0,14.14962069681936,185.55700757030482,60.00000000000001
600.0,12.68172069681936,311.73516466718075,150.0
600.0,14.14962069681936,400.83137196928976,60.00000000000001
600.0,14.14962069681936,400.83137196928976,60.00000000000001
600.0,14.14962069681936,400.83137196928976,60.00000000000001
600.0,12.68172069681936,644.5976843991062,150.0
600.0,21.492360447701422,4.165120108971312,18.3
600.0,16.61334044770142,8.165360833324062,30.000000000000004
600.0,14.173830447701421,15.725985056911751,60.00000000000001
600.0,12.705930447701421,35.622284422078074,150.0
600.0,21.492360447701422,15.725985056911751,18.3
600.0,16.61334044770142,29.388205834407533,30.000000000000004
600.0,14.173830447701421,52.49035377989052,60.00000000000001
600.0,12.705930447701421,103.50480644712077,150.0
600.0,21.492360447701422,74.0187252352321,18.3
600.0,16.61334044770142,120.25974828941537,30.000000000000004
600.0,14.173830447701421,185.55700757030482,60.00000000000001
600.0,12.705930447701421,311.73516466718075,150.0
600.0,16.61334044770142,275.8755271306016,30.000000000000004
600.0,16.61334044770142,275.8755271306016,30.000000000000004
600.0,14.173830447701421,400.83137196928976,60.00000000000001
600.0,12.705930447701421,644.5976843991062,150.0
600.0,14.173830447701421,818.8938464593346,60.00000000000001
600.0,14.173830447701421,818.8938464593346,60.00000000000001
600.0,14.173830447701421,818.8938464593346,60.00000000000001
600.0,12.705930447701421,1300.447686154633,150.0
600.0,21.536528413789565,12.91770481995235,15.000000000000002
600.0,16.657508413789564,24.400157106303414,30.000000000000004
600.0,14.217998413789564,44.25356534141879,60.00000000000001
600.0,12.750098413789564,89.35522098757882,150.0
600.0,21.536528413789565,44.25356534141879,15.000000000000002
600.0,16.657508413789564,76.02514636563973,30.000000000000004
600.0,14.217998413789564,123.15361347010158,60.00000000000001
600.0,12.750098413789564,215.9897012186432,150.0
600.0,21.536528413789565,163.39290717531762,15.000000000000002
600.0,16.657508413789564,245.28003081849155,30.000000000000004
600.0,14.217998413789564,358.42182259897777,60.00000000000001
600.0,12.750098413789564,578.581041082709,150.0
600.0,16.657508413789564,515.6833291453102,30.000000000000004
600.0,16.657508413789564,515.6833291453102,30.000000000000004
600.0,14.217998413789564,735.7557091025125,60.00000000000001
600.0,12.750098413789564,1169.6015146619875,150.0
600.0,14.217998413789564,1481.4446316770939,60.00000000000001
600.0,14.217998413789564,1481.4446316770939,60.00000000000001
600.0,14.217998413789564,1481.4446316770939,60.00000000000001
600.0,12.750098413789564,2345.5491291045223,150.0
600.0,36.087519704570695,0.042518603448051744,183.0
600.0,23.889969704570696,0.08501913818312153,183.0
600.0,17.7876997045707,0.16996607056686927,183.0
600.0,14.131929704570698,0.4243750095848587,183.0
600.0,36.087519704570695,0.16996607056686927,183.0
600.0,23.889969704570696,0.3396438689904788,183.0
600.0,17.7876997045707,0.6781390361039047,183.0
600.0,14.131929704570698,1.6868189577176136,183.0
600.0,36.087519704570695,1.05758388478469,183.0
600.0,23.889969704570696,2.1041289418882974,183.0
600.0,17.7876997045707,4.165120108971312,183.0
600.0,14.131929704570698,10.108137038634853,183.0
600.0,23.889969704570696,8.165360833324062,183.0
600.0,23.889969704570696,8.165360833324062,183.0
600.0,17.7876997045707,15.725985056911751,183.0
600.0,14.131929704570698,35.622284422078074,183.0
600.0,17.7876997045707,52.49035377989052,183.0
600.0,17.7876997045707,52.49035377989052,183.0
600.0,17.7876997045707,52.49035377989052,183.0
600.0,14.131929704570698,103.50480644712077,183.0
600.0,36.09181007894459,0.16996607056686927,91.5
600.0,23.89426007894459,0.3396438689904788,91.5
600.0,17.791990078944593,0.6781390361039047,91.5
600.0,14.136220078944593,1.6868189577176136,150.0
600.0,36.09181007894459,0.6781390361039047,91.5
600.0,23.89426007894459,1.351718014295672,91.5
600.0,17.791990078944593,2.6854684100284816,91.5
600.0,14.136220078944593,6.584104012254777,150.0
600.0,36.09181007894459,4.165120108971312,91.5
600.0,23.89426007894459,8.165360833324062,91.5
600.0,17.791990078944593,15.725985056911751,91.5
600.0,14.136220078944593,35.622284422078074,150.0
600.0,23.89426007894459,29.388205834407533,91.5
600.0,23.89426007894459,29.388205834407533,91.5
600.0,17.791990078944593,52.49035377989052,91.5
600.0,14.136220078944593,103.50480644712077,150.0
600.0,17.791990078944593,141.08361375664495,91.5
600.0,17.791990078944593,141.08361375664495,91.5
600.0,17.791990078944593,141.08361375664495,91.5
600.0,14.136220078944593,243.56837729345173,150.0
600.0,36.105210696819356,1.05758388478469,36.6
600.0,23.90766069681936,2.1041289418882974,36.6
600.0,17.80539069681936,4.165120108971312,60.00000000000001
600.0,14.14962069681936,10.108137038634853,150.0
600.0,36.105210696819356,4.165120108971312,36.6
600.0,23.90766069681936,8.165360833324062,36.6
600.0,17.80539069681936,15.725985056911751,60.00000000000001
600.0,14.14962069681936,35.622284422078074,150.0
600.0,36.105210696819356,23.624856171809657,36.6
600.0,23.90766069681936,42.95456103530532,36.6
600.0,17.80539069681936,74.0187252352321,60.00000000000001
600.0,14.14962069681936,138.97312027465514,150.0
600.0,23.90766069681936,120.25974828941537,36.6
600.0,23.90766069681936,120.25974828941537,36.6
600.0,17.80539069681936,185.55700757030482,60.00000000000001
600.0,14.14962069681936,311.73516466718075,150.0
600.0,17.80539069681936,400.83137196928976,60.00000000000001
600.0,17.80539069681936,400.83137196928976,60.00000000000001
600.0,17.80539069681936,400.83137196928976,60.00000000000001
600.0,14.14962069681936,644.5976843991062,150.0
600.0,36.12942044770142,4.165120108971312,18.3
600.0,23.93187044770142,8.165360833324062,30.000000000000004
600.0,17.829600447701424,15.725985056911751,60.00000000000001
600.0,14.173830447701421,35.622284422078074,150.0
600.0,36.12942044770142,15.725985056911751,18.3
600.0,23.93187044770142,29.388205834407533,30.000000000000004
600.0,17.829600447701424,52.49035377989052,60.00000000000001
600.0,14.173830447701421,103.50480644712077,150.0
600.0,36.12942044770142,74.0187252352321,18.3
600.0,23.93187044770142,120.25974828941537,30.000000000000004
600.0,17.829600447701424,185.55700757030482,60.00000000000001
600.0,14.173830447701421,311.73516466718075,150.0
600.0,23.93187044770142,275.8755271306016,30.000000000000004
600.0,23.93187044770142,275.8755271306016,30.000000000000004
600.0,17.829600447701424,400.83137196928976,60.00000000000001
600.0,14.173830447701421,644.5976843991062,150.0
600.0,17.829600447701424,818.8938464593346,60.00000000000001
600.0,17.829600447701424,818.8938464593346,60.00000000000001
600.0,17.829600447701424,818.8938464593346,60.00000000000001
600.0,14.173830447701421,1300.447686154633,150.0
600.0,36.17358841378956,12.91770481995235,15.000000000000002
600.0,23.976038413789563,24.400157106303414,30.000000000000004
600.0,17.873768413789563,44.25356534141879,60.00000000000001
600.0,14.217998413789564,89.35522098757882,150.0
600.0,36.17358841378956,44.25356534141879,15.000000000000002
600.0,23.976038413789563,76.02514636563973,30.000000000000004
600.0,17.873768413789563,123.15361347010158,60.00000000000001
600.0,14.217998413789564,215.9897012186432,150.0
600.0,36.17358841378956,163.39290717531762,15.000000000000002
600.0,23.976038413789563,245.28003081849155,30.000000000000004
600.0,17.873768413789563,358.42182259897777,60.00000000000001
600.0,14.217998413789564,578.581041082709,150.0
600.0,23.976038413789563,515.6833291453102,30.000000000000004
600.0,23.976038413789563,515.6833291453102,30.000000000000004
600.0,17.873768413789563,735.7557091025125,60.00000000000001
600.0,14.217998413789564,1169.6015146619875,150.0
600.0,17.873768413789563,1481.4446316770939,60.00000000000001
600.0,17.873768413789563,1481.4446316770939,60.00000000000001
600.0,17.873768413789563,1481.4446316770939,60.00000000000001
600.0,14.217998413789564,2345.5491291045223,150.0
600.0,12.458808922796372,0.015497211514326023,183.0
600.0,12.116298922796371,0.03099202185815154,183.0
600.0,11.948538922796372,0.06197444238173182,183.0
600.0,11.843688922796371,0.15486416281594903,183.0
600.0,12.458808922796372,0.06197444238173182,183.0
600.0,12.116298922796371,0.12391050618044125,183.0
600.0,11.948538922796372,0.2476677116847474,183.0
600.0,11.843688922796371,0.6180237775027099,183.0
600.0,12.458808922796372,0.3867118562781391,183.0
600.0,12.116298922796371,0.7719354474766952,183.0
600.0,11.948538922796372,1.53796902206232,183.0
600.0,11.843688922796371,3.8016535137344993,183.0
600.0,12.116298922796371,3.052731050728465,183.0
600.0,12.116298922796371,3.052731050728465,183.0
600.0,11.948538922796372,6.015701020921589,183.0
600.0,11.843688922796371,14.421127118745058,183.0
600.0,11.948538922796372,22.197513163297288,183.0
600.0,11.948538922796372,22.197513163297288,183.0
600.0,11.948538922796372,22.197513163297288,183.0
600.0,11.843688922796371,48.70776576365721,183.0
600.0,12.464892385124593,0.06197444238173182,91.5
600.0,12.122382385124592,0.12391050618044125,91.5
600.0,11.954622385124592,0.2476677116847474,91.5
600.0,11.849772385124592,0.6180237775027099,107.14285714285714
600.0,12.464892385124593,0.2476677116847474,91.5
600.0,12.122382385124592,0.4947239237592579,91.5
600.0,11.954622385124592,0.9870153761724872,91.5
600.0,11.849772385124592,2.449560525968049,107.14285714285714
600.0,12.464892385124593,1.53796902206232,91.5
600.0,12.122382385124592,3.052731050728465,91.5
600.0,11.954622385124592,6.015701020921589,91.5
600.0,11.849772385124592,14.421127118745058,107.14285714285714
600.0,12.122382385124592,11.694899591143994,91.5
600.0,12.122382385124592,11.694899591143994,91.5
600.0,11.954622385124592,22.197513163297288,91.5
600.0,11.849772385124592,48.70776576365721,107.14285714285714
600.0,11.954622385124592,70.28029823872184,91.5
600.0,11.954622385124592,70.28029823872184,91.5
600.0,11.954622385124592,70.28029823872184,91.5
600.0,11.849772385124592,132.9331892068129,107.14285714285714
600.0,12.483893560059828,0.3867118562781391,36.6
600.0,12.141383560059829,0.7719354474766952,36.6
600.0,11.973623560059828,1.53796902206232,42.857142857142854
600.0,11.868773560059829,3.8016535137344993,107.14285714285714
600.0,12.483893560059828,1.53796902206232,36.6
600.0,12.141383560059829,3.052731050728465,36.6
600.0,11.973623560059828,6.015701020921589,42.857142857142854
600.0,11.868773560059829,14.421127118745058,107.14285714285714
600.0,12.483893560059828,9.248911524498666,36.6
600.0,12.141383560059829,17.73144555996041,36.6
600.0,11.973623560059828,32.89401884274301,42.857142857142854
600.0,11.868773560059829,69.0371554481936,107.14285714285714
600.0,12.141383560059829,58.16580585619587,36.6
600.0,12.141383560059829,58.16580585619587,36.6
600.0,11.973623560059828,97.05784448902041,42.857142857142854
600.0,11.868773560059829,175.4921081408602,107.14285714285714
600.0,11.973623560059828,231.046880342566,42.857142857142854
600.0,11.973623560059828,231.046880342566,42.857142857142854
600.0,11.973623560059828,231.046880342566,42.857142857142854
600.0,11.868773560059829,381.56289483286315,107.14285714285714
600.0,12.518221358669376,1.53796902206232,18.3
600.0,12.175711358669375,3.052731050728465,21.428571428571427
600.0,12.007951358669374,6.015701020921589,42.857142857142854
600.0,11.903101358669375,14.421127118745058,107.14285714285714
600.0,12.518221358669376,6.015701020921589,18.3
600.0,12.175711358669375,11.694899591143994,21.428571428571427
600.0,12.007951358669374,22.197513163297288,42.857142857142854
600.0,11.903101358669375,48.70776576365721,107.14285714285714
600.0,12.518221358669376,32.89401884274301,18.3
600.0,12.175711358669375,58.16580585619587,21.428571428571427
600.0,12.007951358669374,97.05784448902041,42.857142857142854
600.0,11.903101358669375,175.4921081408602,107.14285714285714
600.0,12.175711358669375,153.08833414837284,21.428571428571427
600.0,12.175711358669375,153.08833414837284,21.428571428571427
600.0,12.007951358669374,231.046880342566,42.857142857142854
600.0,11.903101358669375,381.56289483286315,107.14285714285714
600.0,12.007951358669374,488.22354830899997,42.857142857142854
600.0,12.007951358669374,488.22354830899997,42.857142857142854
600.0,12.007951358669374,488.22354830899997,42.857142857142854
600.0,11.903101358669375,781.0859372101612,107.14285714285714
600.0,12.580848564221933,4.899966871899124,10.714285714285714
600.0,12.238338564221934,9.573727550836532,21.428571428571427
600.0,12.070578564221933,18.329310508692057,42.857142857142854
600.0,11.965728564221934,40.97092597752041,107.14285714285714
600.0,12.580848564221933,18.329310508692057,10.714285714285714
600.0,12.238338564221934,33.93061667734089,21.428571428571427
600.0,12.070578564221933,59.82760716904033,42.857142857142854
600.0,11.965728564221934,115.8004917674426,107.14285714285714
600.0,12.580848564221933,83.59170749720872,10.714285714285714
600.0,12.238338564221934,133.99935861225978,21.428571428571427
600.0,12.070578564221933,204.6352263026687,42.857142857142854
600.0,11.965728564221934,340.9911221959786,107.14285714285714
600.0,12.238338564221934,302.2172490138829,21.428571428571427
600.0,12.238338564221934,302.2172490138829,21.428571428571427
600.0,12.070578564221933,437.41704818005394,42.857142857142854
600.0,11.965728564221934,701.6721577160462,107.14285714285714
600.0,12.070578564221933,890.8202022605003,42.857142857142854
600.0,12.070578564221933,890.8202022605003,42.857142857142854
600.0,12.070578564221933,890.8202022605003,42.857142857142854
600.0,11.965728564221934,1413.7339861876137,107.14285714285714
600.0,13.143828922796372,0.015497211514326023,183.0
600.0,12.458808922796372,0.03099202185815154,183.0
600.0,12.116298922796371,0.06197444238173182,183.0
600.0,11.913588922796372,0.15486416281594903,183.0
600.0,13.143828922796372,0.06197444238173182,183.0
600.0,12.458808922796372,0.12391050618044125,183.0
600.0,12.116298922796371,0.2476677116847474,183.0
600.0,11.913588922796372,0.6180237775027099,183.0
600.0,13.143828922796372,0.3867118562781391,183.0
600.0,12.458808922796372,0.7719354474766952,183.0
600.0,12.116298922796371,1.53796902206232,183.0
600.0,11.913588922796372,3.8016535137344993,183.0
600.0,12.458808922796372,3.052731050728465,183.0
600.0,12.458808922796372,3.052731050728465,183.0
600.0,12.116298922796371,6.015701020921589,183.0
600.0,11.913588922796372,14.421127118745058,183.0
600.0,12.116298922796371,22.197513163297288,183.0
600.0,12.116298922796371,22.197513163297288,183.0
600.0,12.116298922796371,22.197513163297288,183.0
600.0,11.913588922796372,48.70776576365721,183.0
600.0,13.149912385124592,0.06197444238173182,91.5
600.0,12.464892385124593,0.12391050618044125,91.5
600.0,12.122382385124592,0.2476677116847474,91.5
600.0,11.919672385124592,0.6180237775027099,107.14285714285714
600.0,13.149912385124592,0.2476677116847474,91.5
600.0,12.464892385124593,0.4947239237592579,91.5
600.0,12.122382385124592,0.9870153761724872,91.5
600.0,11.919672385124592,2.449560525968049,107.14285714285714
600.0,13.149912385124592,1.53796902206232,91.5
600.0,12.464892385124593,3.052731050728465,91.5
600.0,12.122382385124592,6.015701020921589,91.5
600.0,11.919672385124592,14.421127118745058,107.14285714285714
600.0,12.464892385124593,11.694899591143994,91.5
600.0,12.464892385124593,11.694899591143994,91.5
600.0,12.122382385124592,22.197513163297288,91.5
600.0,11.919672385124592,48.70776576365721,107.14285714285714
600.0,12.122382385124592,70.28029823872184,91.5
600.0,12.122382385124592,70.28029823872184,91.5
600.0,12.122382385124592,70.28029823872184,91.5
600.0,11.919672385124592,132.9331892068129,107.14285714285714
600.0,13.168913560059828,0.3867118562781391,36.6
600.0,12.483893560059828,0.7719354474766952,36.6
600.0,12.141383560059829,1.53796902206232,42.857142857142854
600.0,11.93867356005983,3.8016535137344993,107.14285714285714
600.0,13.168913560059828,1.53796902206232,36.6
600.0,12.483893560059828,3.052731050728465,36.6
600.0,12.141383560059829,6.015701020921589,42.857142857142854
600.0,11.93867356005983,14.421127118745058,107.14285714285714
600.0,13.168913560059828,9.248911524498666,36.6
600.0,12.483893560059828,17.73144555996041,36.6
600.0,12.141383560059829,32.89401884274301,42.857142857142854
600.0,11.93867356005983,69.0371554481936,107.14285714285714
600.0,12.483893560059828,58.16580585619587,36.6
600.0,12.483893560059828,58.16580585619587,36.6
600.0,12.141383560059829,97.05784448902041,42.857142857142854
600.0,11.93867356005983,175.4921081408602,107.14285714285714
600.0,12.141383560059829,231.046880342566,42.857142857142854
600.0,12.141383560059829,231.046880342566,42.857142857142854
600.0,12.141383560059829,231.046880342566,42.857142857142854
600.0,11.93867356005983,381.56289483286315,107.14285714285714
600.0,13.203241358669375,1.53796902206232,18.3
600.0,12.518221358669376,3.052731050728465,21.428571428571427
600.0,12.175711358669375,6.015701020921589,42.857142857142854
600.0,11.973001358669375,14.421127118745058,107.14285714285714
600.0,13.203241358669375,6.015701020921589,18.3
600.0,12.518221358669376,11.694899591143994,21.428571428571427
600.0,12.175711358669375,22.197513163297288,42.857142857142854
600.0,11.973001358669375,48.70776576365721,107.14285714285714
600.0,13.203241358669375,32.89401884274301,18.3
600.0,12.518221358669376,58.16580585619587,21.428571428571427
600.0,12.175711358669375,97.05784448902041,42.857142857142854
600.0,11.973001358669375,175.4921081408602,107.14285714285714
600.0,12.518221358669376,153.08833414837284,21.428571428571427
600.0,12.518221358669376,153.08833414837284,21.428571428571427
600.0,12.175711358669375,231.046880342566,42.857142857142854
600.0,11.973001358669375,381.56289483286315,107.14285714285714
600.0,12.175711358669375,488.22354830899997,42.857142857142854
600.0,12.175711358669375,488.22354830899997,42.857142857142854
600.0,12.175711358669375,488.22354830899997,42.857142857142854
600.0,11.973001358669375,781.0859372101612,107.14285714285714
600.0,13.265868564221933,4.899966871899124,10.714285714285714
600.0,12.580848564221933,9.573727550836532,21.428571428571427
600.0,12.238338564221934,18.329310508692057,42.857142857142854
600.0,12.035628564221934,40.97092597752041,107.14285714285714
600.0,13.265868564221933,18.329310508692057,10.714285714285714
600.0,12.580848564221933,33.93061667734089,21.428571428571427
600.0,12.238338564221934,59.82760716904033,42.857142857142854
600.0,12.035628564221934,115.8004917674426,107.14285714285714
600.0,13.265868564221933,83.59170749720872,10.714285714285714
600.0,12.580848564221933,133.99935861225978,21.428571428571427
600.0,12.238338564221934,204.6352263026687,42.857142857142854
600.0,12.035628564221934,340.9911221959786,107.14285714285714
600.0,12.580848564221933,302.2172490138829,21.428571428571427
600.0,12.580848564221933,302.2172490138829,21.428571428571427
600.0,12.238338564221934,437.41704818005394,42.857142857142854
600.0,12.035628564221934,701.6721577160462,107.14285714285714
600.0,12.238338564221934,890.8202022605003,42.857142857142854
600.0,12.238338564221934,890.8202022605003,42.857142857142854
600.0,12.238338564221934,890.8202022605003,42.857142857142854
600.0,12.035628564221934,1413.7339861876137,107.14285714285714
600.0,15.191898922796373,0.015497211514326023,183.0
600.0,13.486338922796373,0.03099202185815154,183.0
600.0,12.633558922796372,0.06197444238173182,183.0
600.0,12.116298922796371,0.15486416281594903,183.0
600.0,15.191898922796373,0.06197444238173182,183.0
600.0,13.486338922796373,0.12391050618044125,183.0
600.0,12.633558922796372,0.2476677116847474,183.0
600.0,12.116298922796371,0.6180237775027099,183.0
600.0,15.191898922796373,0.3867118562781391,183.0
600.0,13.486338922796373,0.7719354474766952,183.0
600.0,12.633558922796372,1.53796902206232,183.0
600.0,12.116298922796371,3.8016535137344993,183.0
600.0,13.486338922796373,3.052731050728465,183.0
600.0,13.486338922796373,3.052731050728465,183.0
600.0,12.633558922796372,6.015701020921589,183.0
600.0,12.116298922796371,14.421127118745058,183.0
600.0,12.633558922796372,22.197513163297288,183.0
600.0,12.633558922796372,22.197513163297288,183.0
600.0,12.633558922796372,22.197513163297288,183.0
600.0,12.116298922796371,48.70776576365721,183.0
600.0,15.197982385124591,0.06197444238173182,91.5
600.0,13.492422385124591,0.12391050618044125,91.5
600.0,12.639642385124592,0.2476677116847474,91.5
600.0,12.122382385124592,0.6180237775027099,107.14285714285714
600.0,15.197982385124591,0.2476677116847474,91.5
600.0,13.492422385124591,0.4947239237592579,91.5
600.0,12.639642385124592,0.9870153761724872,91.5
600.0,12.122382385124592,2.449560525968049,107.14285714285714
600.0,15.197982385124591,1.53796902206232,91.5
600.0,13.492422385124591,3.052731050728465,91.5
600.0,12.639642385124592,6.015701020921589,91.5
600.0,12.122382385124592,14.421127118745058,107.14285714285714
600.0,13.492422385124591,11.694899591143994,91.5
600.0,13.492422385124591,11.694899591143994,91.5
600.0,12.639642385124592,22.197513163297288,91.5
600.0,12.122382385124592,48.70776576365721,107.14285714285714
600.0,12.639642385124592,70.28029823872184,91.5
600.0,12.639642385124592,70.28029823872184,91.5
600.0,12.639642385124592,70.28029823872184,91.5
600.0,12.122382385124592,132.9331892068129,107.14285714285714
600.0,15.216983560059829,0.3867118562781391,36.6
600.0,13.511423560059828,0.7719354474766952,36.6
600.0,12.65864356005983,1.53796902206232,42.857142857142854
600.0,12.141383560059829,3.8016535137344993,107.14285714285714
600.0,15.216983560059829,1.53796902206232,36.6
600.0,13.511423560059828,3.052731050728465,36.6
600.0,12.65864356005983,6.015701020921589,42.857142857142854
600.0,12.141383560059829,14.421127118745058,107.14285714285714
600.0,15.216983560059829,9.248911524498666,36.6
600.0,13.511423560059828,17.73144555996041,36.6
600.0,12.65864356005983,32.89401884274301,42.857142857142854
600.0,12.141383560059829,69.0371554481936,107.14285714285714
600.0,13.511423560059828,58.16580585619587,36.6
600.0,13.511423560059828,58.16580585619587,36.6
600.0,12.65864356005983,97.05784448902041,42.857142857142854
600.0,12.141383560059829,175.4921081408602,107.14285714285714
600.0,12.65864356005983,231.046880342566,42.857142857142854
600.0,12.65864356005983,231.046880342566,42.857142857142854
600.0,12.65864356005983,231.046880342566,42.857142857142854
600.0,12.141383560059829,381.56289483286315,107.14285714285714
600.0,15.251311358669374,1.53796902206232,18.3
600.0,13.545751358669374,3.052731050728465,21.428571428571427
600.0,12.692971358669375,6.015701020921589,42.857142857142854
600.0,12.175711358669375,14.421127118745058,107.14285714285714
600.0,15.251311358669374,6.015701020921589,18.3
600.0,13.545751358669374,11.694899591143994,21.428571428571427
600.0,12.692971358669375,22.197513163297288,42.857142857142854
600.0,12.175711358669375,48.70776576365721,107.14285714285714
600.0,15.251311358669374,32.89401884274301,18.3
600.0,13.545751358669374,58.16580585619587,21.428571428571427
600.0,12.692971358669375,97.05784448902041,42.857142857142854
600.0,12.175711358669375,175.4921081408602,107.14285714285714
600.0,13.545751358669374,153.08833414837284,21.428571428571427
600.0,13.545751358669374,153.08833414837284,21.428571428571427
600.0,12.692971358669375,231.046880342566,42.857142857142854
600.0,12.175711358669375,381.56289483286315,107.14285714285714
600.0,12.692971358669375,488.22354830899997,42.857142857142854
600.0,12.692971358669375,488.22354830899997,42.857142857142854
600.0,12.692971358669375,488.22354830899997,42.857142857142854
600.0,12.175711358669375,781.0859372101612,107.14285714285714
600.0,15.313938564221933,4.899966871899124,10.714285714285714
600.0,13.608378564221933,9.573727550836532,21.428571428571427
600.0,12.755598564221934,18.329310508692057,42.857142857142854
600.0,12.238338564221934,40.97092597752041,107.14285714285714
600.0,15.313938564221933,18.329310508692057,10.714285714285714
600.0,13.608378564221933,33.93061667734089,21.428571428571427
600.0,12.755598564221934,59.82760716904033,42.857142857142854
600.0,12.238338564221934,115.8004917674426,107.14285714285714
600.0,15.313938564221933,83.59170749720872,10.714285714285714
600.0,13.608378564221933,133.99935861225978,21.428571428571427
600.0,12.755598564221934,204.6352263026687,42.857142857142854
600.0,12.238338564221934,340.9911221959786,107.14285714285714
600.0,13.608378564221933,302.2172490138829,21.428571428571427
600.0,13.608378564221933,302.2172490138829,21.428571428571427
600.0,12.755598564221934,437.41704818005394,42.857142857142854
600.0,12.238338564221934,701.6721577160462,107.14285714285714
600.0,12.755598564221934,890.8202022605003,42.857142857142854
600.0,12.755598564221934,890.8202022605003,42.857142857142854
600.0,12.755598564221934,890.8202022605003,42.857142857142854
600.0,12.238338564221934,1413.7339861876137,107.14285714285714
600.0,18.610008922796375,0.015497211514326023,183.0
600.0,15.191898922796373,0.03099202185815154,183.0
600.0,13.486338922796373,0.06197444238173182,183.0
600.0,12.458808922796372,0.15486416281594903,183.0
600.0,18.610008922796375,0.06197444238173182,183.0
600.0,15.191898922796373,0.12391050618044125,183.0
600.0,13.486338922796373,0.2476677116847474,183.0
600.0,12.458808922796372,0.6180237775027099,183.0
600.0,18.610008922796375,0.3867118562781391,183.0
600.0,15.191898922796373,0.7719354474766952,183.0
600.0,13.486338922796373,1.53796902206232,183.0
600.0,12.458808922796372,3.8016535137344993,183.0
600.0,15.191898922796373,3.052731050728465,183.0
600.0,15.191898922796373,3.052731050728465,183.0
600.0,13.486338922796373,6.015701020921589,183.0
600.0,12.458808922796372,14.421127118745058,183.0
600.0,13.486338922796373,22.197513163297288,183.0
600.0,13.486338922796373,22.197513163297288,183.0
600.0,13.486338922796373,22.197513163297288,183.0
600.0,12.458808922796372,48.70776576365721,183.0
600.0,18.616092385124592,0.06197444238173182,91.5
600.0,15.197982385124591,0.12391050618044125,91.5
600.0,13.492422385124591,0.2476677116847474,91.5
600.0,12.464892385124593,0.6180237775027099,107.14285714285714
600.0,18.616092385124592,0.2476677116847474,91.5
600.0,15.197982385124591,0.4947239237592579,91.5
600.0,13.492422385124591,0.9870153761724872,91.5
600.0,12.464892385124593,2.449560525968049,107.14285714285714
600.0,18.616092385124592,1.53796902206232,91.5
600.0,15.197982385124591,3.052731050728465,91.5
600.0,13.492422385124591,6.015701020921589,91.5
600.0,12.464892385124593,14.421127118745058,107.14285714285714
600.0,15.197982385124591,11.694899591143994,91.5
600.0,15.197982385124591,11.694899591143994,91.5
600.0,13.492422385124591,22.197513163297288,91.5
600.0,12.464892385124593,48.70776576365721,107.14285714285714
600.0,13.492422385124591,70.28029823872184,91.5
600.0,13.492422385124591,70.28029823872184,91.5
600.0,13.492422385124591,70.28029823872184,91.5
600.0,12.464892385124593,132.9331892068129,107.14285714285714
600.0,18.63509356005983,0.3867118562781391,36.6
600.0,15.216983560059829,0.7719354474766952,36.6
600.0,13.511423560059828,1.53796902206232,42.857142857142854
600.0,12.483893560059828,3.8016535137344993,107.14285714285714
600.0,18.63509356005983,1.53796902206232,36.6
600.0,15.216983560059829,3.052731050728465,36.6
600.0,13.511423560059828,6.015701020921589,42.857142857142854
600.0,12.483893560059828,14.421127118745058,107.14285714285714
600.0,18.63509356005983,9.248911524498666,36.6
600.0,15.216983560059829,17.73144555996041,36.6
600.0,13.511423560059828,32.89401884274301,42.857142857142854
600.0,12.483893560059828,69.0371554481936,107.14285714285714
600.0,15.216983560059829,58.16580585619587,36.6
600.0,15.216983560059829,58.16580585619587,36.6
600.0,13.511423560059828,97.05784448902041,42.857142857142854
600.0,12.483893560059828,175.4921081408602,107.14285714285714
600.0,13.511423560059828,231.046880342566,42.857142857142854
600.0,13.511423560059828,231.046880342566,42.857142857142854
600.0,13.511423560059828,231.046880342566,42.857142857142854
600.0,12.483893560059828,381.56289483286315,107.14285714285714
600.0,18.669421358669375,1.53796902206232,18.3
600.0,15.251311358669374,3.052731050728465,21.428571428571427
600.0,13.545751358669374,6.015701020921589,42.857142857142854
600.0,12.518221358669376,14.421127118745058,107.14285714285714
600.0,18.669421358669375,6.015701020921589,18.3
600.0,15.251311358669374,11.694899591143994,21.428571428571427
600.0,13.545751358669374,22.197513163297288,42.857142857142854
600.0,12.518221358669376,48.70776576365721,107.14285714285714
600.0,18.669421358669375,32.89401884274301,18.3
600.0,15.251311358669374,58.16580585619587,21.428571428571427
600.0,13.545751358669374,97.05784448902041,42.857142857142854
600.0,12.518221358669376,175.4921081408602,107.14285714285714
600.0,15.251311358669374,153.08833414837284,21.428571428571427
600.0,15.251311358669374,153.08833414837284,21.428571428571427
600.0,13.545751358669374,231.046880342566,42.857142857142854
600.0,12.518221358669376,381.56289483286315,107.14285714285714
600.0,13.545751358669374,488.22354830899997,42.857142857142854
600.0,13.545751358669374,488.22354830899997,42.857142857142854
600.0,13.545751358669374,488.22354830899997,42.857142857142854
600.0,12.518221358669376,781.0859372101612,107.14285714285714
600.0,18.732048564221934,4.899966871899124,10.714285714285714
600.0,15.313938564221933,9.573727550836532,21.428571428571427
600.0,13.608378564221933,18.329310508692057,42.857142857142854
600.0,12.580848564221933,40.97092597752041,107.14285714285714
600.0,18.732048564221934,18.329310508692057,10.714285714285714
600.0,15.313938564221933,33.93061667734089,21.428571428571427
600.0,13.608378564221933,59.82760716904033,42.857142857142854
600.0,12.580848564221933,115.8004917674426,107.14285714285714
600.0,18.732048564221934,83.59170749720872,10.714285714285714
600.0,15.313938564221933,133.99935861225978,21.428571428571427
600.0,13.608378564221933,204.6352263026687,42.857142857142854
600.0,12.580848564221933,340.9911221959786,107.14285714285714
600.0,15.313938564221933,302.2172490138829,21.428571428571427
600.0,15.313938564221933,302.2172490138829,21.428571428571427
600.0,13.608378564221933,437.41704818005394,42.857142857142854
600.0,12.580848564221933,701.6721577160462,107.14285714285714
600.0,13.608378564221933,890.8202022605003,42.857142857142854
600.0,13.608378564221933,890.8202022605003,42.857142857142854
600.0,13.608378564221933,890.8202022605003,42.857142857142854
600.0,12.580848564221933,1413.7339861876137,107.14285714285714
600.0,25.43923892279637,0.015497211514326023,183.0
600.0,18.610008922796375,0.03099202185815154,183.0
600.0,15.191898922796373,0.06197444238173182,183.0
600.0,13.143828922796372,0.15486416281594903,183.0
600.0,25.43923892279637,0.06197444238173182,183.0
600.0,18.610008922796375,0.12391050618044125,183.0
600.0,15.191898922796373,0.2476677116847474,183.0
600.0,13.143828922796372,0.6180237775027099,183.0
600.0,25.43923892279637,0.3867118562781391,183.0
600.0,18.610008922796375,0.7719354474766952,183.0
600.0,15.191898922796373,1.53796902206232,183.0
600.0,13.143828922796372,3.8016535137344993,183.0
600.0,18.610008922796375,3.052731050728465,183.0
600.0,18.610008922796375,3.052731050728465,183.0
600.0,15.191898922796373,6.015701020921589,183.0
600.0,13.143828922796372,14.421127118745058,183.0
600.0,15.191898922796373,22.197513163297288,183.0
600.0,15.191898922796373,22.197513163297288,183.0
600.0,15.191898922796373,22.197513163297288,183.0
600.0,13.143828922796372,48.70776576365721,183.0
600.0,25.44532238512459,0.06197444238173182,91.5
600.0,18.616092385124592,0.12391050618044125,91.5
600.0,15.197982385124591,0.2476677116847474,91.5
600.0,13.149912385124592,0.6180237775027099,107.14285714285714
600.0,25.44532238512459,0.2476677116847474,91.5
600.0,18.616092385124592,0.4947239237592579,91.5
600.0,15.197982385124591,0.9870153761724872,91.5
600.0,13.149912385124592,2.449560525968049,107.14285714285714
600.0,25.44532238512459,1.53796902206232,91.5
600.0,18.616092385124592,3.052731050728465,91.5
600.0,15.197982385124591,6.015701020921589,91.5
600.0,13.149912385124592,14.421127118745058,107.14285714285714
600.0,18.616092385124592,11.694899591143994,91.5
600.0,18.616092385124592,11.694899591143994,91.5
600.0,15.197982385124591,22.197513163297288,91.5
600.0,13.149912385124592,48.70776576365721,107.14285714285714
600.0,15.197982385124591,70.28029823872184,91.5
600.0,15.197982385124591,70.28029823872184,91.5
600.0,15.197982385124591,70.28029823872184,91.5
600.0,13.149912385124592,132.9331892068129,107.14285714285714
600.0,25.464323560059828,0.3867118562781391,36.6
600.0,18.63509356005983,0.7719354474766952,36.6
600.0,15.216983560059829,1.53796902206232,42.857142857142854
600.0,13.168913560059828,3.8016535137344993,107.14285714285714
600.0,25.464323560059828,1.53796902206232,36.6
600.0,18.63509356005983,3.052731050728465,36.6
600.0,15.216983560059829,6.015701020921589,42.857142857142854
600.0,13.168913560059828,14.421127118745058,107.14285714285714
600.0,25.464323560059828,9.248911524498666,36.6
600.0,18.63509356005983,17.73144555996041,36.6
600.0,15.216983560059829,32.89401884274301,42.857142857142854
600.0,13.168913560059828,69.0371554481936,107.14285714285714
600.0,18.63509356005983,58.16580585619587,36.6
600.0,18.63509356005983,58.16580585619587,36.6
600.0,15.216983560059829,97.05784448902041,42.857142857142854
600.0,13.168913560059828,175.4921081408602,107.14285714285714
600.0,15.216983560059829,231.046880342566,42.857142857142854
600.0,15.216983560059829,231.046880342566,42.857142857142854
600.0,15.216983560059829,231.046880342566,42.857142857142854
600.0,13.168913560059828,381.56289483286315,107.14285714285714
600.0,25.498651358669377,1.53796902206232,18.3
600.0,18.669421358669375,3.052731050728465,21.428571428571427
600.0,15.251311358669374,6.015701020921589,42.857142857142854
600.0,13.203241358669375,14.421127118745058,107.14285714285714
600.0,25.498651358669377,6.015701020921589,18.3
600.0,18.669421358669375,11.694899591143994,21.428571428571427
600.0,15.251311358669374,22.197513163297288,42.857142857142854
600.0,13.203241358669375,48.70776576365721,107.14285714285714
600.0,25.498651358669377,32.89401884274301,18.3
600.0,18.669421358669375,58.16580585619587,21.428571428571427
600.0,15.251311358669374,97.05784448902041,42.857142857142854
600.0,13.203241358669375,175.4921081408602,107.14285714285714
600.0,18.669421358669375,153.08833414837284,21.428571428571427
600.0,18.669421358669375,153.08833414837284,21.428571428571427
600.0,15.251311358669374,231.046880342566,42.857142857142854
600.0,13.203241358669375,381.56289483286315,107.14285714285714
600.0,15.251311358669374,488.22354830899997,42.857142857142854
600.0,15.251311358669374,488.22354830899997,42.857142857142854
600.0,15.251311358669374,488.22354830899997,42.857142857142854
600.0,13.203241358669375,781.0859372101612,107.14285714285714
600.0,25.561278564221933,4.899966871899124,10.714285714285714
600.0,18.732048564221934,9.573727550836532,21.428571428571427
600.0,15.313938564221933,18.329310508692057,42.857142857142854
600.0,13.265868564221933,40.97092597752041,107.14285714285714
600.0,25.561278564221933,18.329310508692057,10.714285714285714
600.0,18.732048564221934,33.93061667734089,21.428571428571427
600.0,15.313938564221933,59.82760716904033,42.857142857142854
600.0,13.265868564221933,115.8004917674426,107.14285714285714
600.0,25.561278564221933,83.59170749720872,10.714285714285714
600.0,18.732048564221934,133.99935861225978,21.428571428571427
600.0,15.313938564221933,204.6352263026687,42.857142857142854
600.0,13.265868564221933,340.9911221959786,107.14285714285714
600.0,18.732048564221934,302.2172490138829,21.428571428571427
600.0,18.732048564221934,302.2172490138829,21.428571428571427
600.0,15.313938564221933,437.41704818005394,42.857142857142854
600.0,13.265868564221933,701.6721577160462,107.14285714285714
600.0,15.313938564221933,890.8202022605003,42.857142857142854
600.0,15.313938564221933,890.8202022605003,42.857142857142854
600.0,15.313938564221933,890.8202022605003,42.857142857142854
600.0,13.265868564221933,1413.7339861876137,107.14285714285714
600.0,45.93391892279637,0.015497211514326023,183.0
600.0,28.85734892279637,0.03099202185815154,183.0
600.0,20.315568922796373,0.06197444238173182,183.0
600.0,15.191898922796373,0.15486416281594903,183.0
600.0,45.93391892279637,0.06197444238173182,183.0
600.0,28.85734892279637,0.12391050618044125,183.0
600.0,20.315568922796373,0.2476677116847474,183.0
600.0,15.191898922796373,0.6180237775027099,183.0
600.0,45.93391892279637,0.3867118562781391,183.0
600.0,28.85734892279637,0.7719354474766952,183.0
600.0,20.315568922796373,1.53796902206232,183.0
600.0,15.191898922796373,3.8016535137344993,183.0
600.0,28.85734892279637,3.052731050728465,183.0
600.0,28.85734892279637,3.052731050728465,183.0
600.0,20.315568922796373,6.015701020921589,183.0
600.0,15.191898922796373,14.421127118745058,183.0
600.0,20.315568922796373,22.197513163297288,183.0
600.0,20.315568922796373,22.197513163297288,183.0
600.0,20.315568922796373,22.197513163297288,183.0
600.0,15.191898922796373,48.70776576365721,183.0
600.0,45.94000238512459,0.06197444238173182,91.5
600.0,28.86343238512459,0.12391050618044125,91.5
600.0,20.321652385124594,0.2476677116847474,91.5
600.0,15.197982385124591,0.6180237775027099,107.14285714285714
600.0,45.94000238512459,0.2476677116847474,91.5
600.0,28.86343238512459,0.4947239237592579,91.5
600.0,20.321652385124594,0.9870153761724872,91.5
600.0,15.197982385124591,2.449560525968049,107.14285714285714
600.0,45.94000238512459,1.53796902206232,91.5
600.0,28.86343238512459,3.052731050728465,91.5
600.0,20.321652385124594,6.015701020921589,91.5
600.0,15.197982385124591,14.421127118745058,107.14285714285714
600.0,28.86343238512459,11.694899591143994,91.5
600.0,28.86343238512459,11.694899591143994,91.5
600.0,20.321652385124594,22.197513163297288,91.5
600.0,15.197982385124591,48.70776576365721,107.14285714285714
600.0,20.321652385124594,70.28029823872184,91.5
600.0,20.321652385124594,70.28029823872184,91.5
600.0,20.321652385124594,70.28029823872184,91.5
600.0,15.197982385124591,132.9331892068129,107.14285714285714
600.0,45.95900356005983,0.3867118562781391,36.6
600.0,28.882433560059827,0.7719354474766952,36.6
600.0,20.340653560059827,1.53796902206232,42.857142857142854
600.0,15.216983560059829,3.8016535137344993,107.14285714285714
600.0,45.95900356005983,1.53796902206232,36.6
600.0,28.882433560059827,3.052731050728465,36.6
600.0,20.340653560059827,6.015701020921589,42.857142857142854
600.0,15.216983560059829,14.421127118745058,107.14285714285714
600.0,45.95900356005983,9.248911524498666,36.6
600.0,28.882433560059827,17.73144555996041,36.6
600.0,20.340653560059827,32.89401884274301,42.857142857142854
600.0,15.216983560059829,69.0371554481936,107.14285714285714
600.0,28.882433560059827,58.16580585619587,36.6
600.0,28.882433560059827,58.16580585619587,36.6
600.0,20.340653560059827,97.05784448902041,42.857142857142854
600.0,15.216983560059829,175.4921081408602,107.14285714285714
600.0,20.340653560059827,231.046880342566,42.857142857142854
600.0,20.340653560059827,231.046880342566,42.857142857142854
600.0,20.340653560059827,231.046880342566,42.857142857142854
600.0,15.216983560059829,381.56289483286315,107.14285714285714
600.0,45.99333135866937,1.53796902206232,18.3
600.0,28.916761358669373,3.052731050728465,21.428571428571427
600.0,20.374981358669373,6.015701020921589,42.857142857142854
600.0,15.251311358669374,14.421127118745058,107.14285714285714
600.0,45.99333135866937,6.015701020921589,18.3
600.0,28.916761358669373,11.694899591143994,21.428571428571427
600.0,20.374981358669373,22.197513163297288,42.857142857142854
600.0,15.251311358669374,48.70776576365721,107.14285714285714
600.0,45.99333135866937,32.89401884274301,18.3
600.0,28.916761358669373,58.16580585619587,21.428571428571427
600.0,20.374981358669373,97.05784448902041,42.857142857142854
600.0,15.251311358669374,175.4921081408602,107.14285714285714
600.0,28.916761358669373,153.08833414837284,21.428571428571427
600.0,28.916761358669373,153.08833414837284,21.428571428571427
600.0,20.374981358669373,231.046880342566,42.857142857142854
600.0,15.251311358669374,381.56289483286315,107.14285714285714
600.0,20.374981358669373,488.22354830899997,42.857142857142854
600.0,20.374981358669373,488.22354830899997,42.857142857142854
600.0,20.374981358669373,488.22354830899997,42.857142857142854
600.0,15.251311358669374,781.0859372101612,107.14285714285714
600.0,46.05595856422193,4.899966871899124,10.714285714285714
600.0,28.97938856422193,9.573727550836532,21.428571428571427
600.0,20.437608564221932,18.329310508692057,42.857142857142854
600.0,15.313938564221933,40.97092597752041,107.14285714285714
600.0,46.05595856422193,18.329310508692057,10.714285714285714
600.0,28.97938856422193,33.93061667734089,21.428571428571427
600.0,20.437608564221932,59.82760716904033,42.857142857142854
600.0,15.313938564221933,115.8004917674426,107.14285714285714
600.0,46.05595856422193,83.59170749720872,10.714285714285714
600.0,28.97938856422193,133.99935861225978,21.428571428571427
600.0,20.437608564221932,204.6352263026687,42.857142857142854
600.0,15.313938564221933,340.9911221959786,107.14285714285714
600.0,28.97938856422193,302.2172490138829,21.428571428571427
600.0,28.97938856422193,302.2172490138829,21.428571428571427
600.0,20.437608564221932,437.41704818005394,42.857142857142854
600.0,15.313938564221933,701.6721577160462,107.14285714285714
600.0,20.437608564221932,890.8202022605003,42.857142857142854
600.0,20.437608564221932,890.8202022605003,42.857142857142854
600.0,20.437608564221932,890.8202022605003,42.857142857142854
600.0,15.313938564221933,1413.7339861876137,107.14285714285714
700.0,11.594219353888937,180.35254263997203,350.00000000000006
700.0,11.580239353888937,268.69169645235166,700.0000000000001
700.0,11.573249353888936,390.86537651581716,1400.0000000000002
700.0,11.573249353888936,629.0693087220146,3500.0
700.0,11.594219353888937,390.86537651581716,350.00000000000006
700.0,11.580239353888937,560.9715351426689,700.0000000000001
700.0,11.573249353888936,799.3321075929183,1400.0000000000002
700.0,11.573249353888936,1269.6500827437503,3500.0
700.0,11.594219353888937,1001.9064168960432,350.00000000000006
700.0,11.580239353888937,1420.3825722463623,700.0000000000001
700.0,11.573249353888936,2011.1936111590771,1400.0000000000002
700.0,11.573249353888936,3182.325832839995,3500.0
700.0,11.580239353888937,2846.0081863516457,700.0000000000001
700.0,11.580239353888937,2846.0081863516457,700.0000000000001
700.0,11.573249353888936,4026.103168559004,1400.0000000000002
700.0,11.573249353888936,6367.005094329171,3500.0
700.0,11.573249353888936,8054.067530767551,1400.0000000000002
700.0,11.573249353888936,8054.067530767551,1400.0000000000002
700.0,11.573249353888936,8054.067530767551,1400.0000000000002
700.0,11.573249353888936,12735.187719037425,3500.0
700.0,11.596091384997564,390.86537651581716,350.00000000000006
700.0,11.582111384997564,560.9715351426689,700.0000000000001
700.0,11.575121384997566,799.3321075929183,1400.0000000000002
700.0,11.575121384997566,1269.6500827437503,3500.0
700.0,11.596091384997564,799.3321075929183,350.00000000000006
700.0,11.582111384997564,1134.740729552066,700.0000000000001
700.0,11.575121384997566,1607.8428019891228,1400.0000000000002
700.0,11.575121384997566,2545.1553223189408,3500.0
700.0,11.596091384997564,2011.1936111590771,350.00000000000006
700.0,11.582111384997564,2846.0081863516457,700.0000000000001
700.0,11.575121384997566,4026.103168559004,1400.0000000000002
700.0,11.575121384997566,6367.005094329171,3500.0
700.0,11.582111384997564,5694.646978196502,700.0000000000001
700.0,11.582111384997564,5694.646978196502,700.0000000000001
700.0,11.575121384997566,8054.067530767551,1400.0000000000002
700.0,11.575121384997566,12735.187719037425,3500.0
700.0,11.575121384997566,16109.06606174028,1400.0000000000002
700.0,11.575121384997566,16109.06606174028,1400.0000000000002
700.0,11.575121384997566,16109.06606174028,1400.0000000000002
700.0,11.575121384997566,25470.964305353747,3500.0
700.0,11.601938514257206,1001.9064168960432,350.00000000000006
700.0,11.587958514257206,1420.3825722463623,700.0000000000001
700.0,11.580968514257204,2011.1936111590771,1400.0000000000002
700.0,11.580968514257204,3182.325832839995,3500.0
700.0,11.601938514257206,2011.1936111590771,350.00000000000006
700.0,11.587958514257206,2846.0081863516457,700.0000000000001
700.0,11.580968514257204,4026.103168559004,1400.0000000000002
700.0,11.580968514257204,6367.005094329171,3500.0
700.0,11.601938514257206,5033.187218139732,350.00000000000006
700.0,11.587958514257206,7118.703620014862,700.0000000000001
700.0,11.580968514257204,10067.863700930095,1400.0000000000002
700.0,11.580968514257204,15919.161305794714,3500.0
700.0,11.587958514257206,14238.46050391269,700.0000000000001
700.0,11.587958514257206,14238.46050391269,700.0000000000001
700.0,11.580968514257204,20136.472240766394,1400.0000000000002
700.0,11.580968514257204,31838.7937152149,3500.0
700.0,11.580968514257204,40273.316926816864,1400.0000000000002
700.0,11.580968514257204,40273.316926816864,1400.0000000000002
700.0,11.580968514257204,40273.316926816864,1400.0000000000002
700.0,11.580968514257204,63677.82298877773,3500.0
700.0,11.61250202290091,2011.1936111590771,350.00000000000006
700.0,11.59852202290091,2846.0081863516457,700.0000000000001
700.0,11.59153202290091,4026.103168559004,1400.0000000000002
700.0,11.59153202290091,6367.005094329171,3500.0
700.0,11.61250202290091,4026.103168559004,350.00000000000006
700.0,11.59852202290091,5694.646978196502,700.0000000000001
700.0,11.59153202290091,8054.067530767551,1400.0000000000002
700.0,11.59153202290091,12735.187719037425,3500.0
700.0,11.61250202290091,10067.863700930095,350.00000000000006
700.0,11.59852202290091,14238.46050391269,700.0000000000001
700.0,11.59153202290091,20136.472240766394,1400.0000000000002
700.0,11.59153202290091,31838.7937152149,3500.0
700.0,11.59852202290091,28477.447712819998,700.0000000000001
700.0,11.59852202290091,28477.447712819998,700.0000000000001
700.0,11.59153202290091,40273.316926816864,1400.0000000000002
700.0,11.59153202290091,63677.82298877773,3500.0
700.0,11.59153202290091,80546.82007950489,1400.0000000000002
700.0,11.59153202290091,80546.82007950489,1400.0000000000002
700.0,11.59153202290091,80546.82007950489,1400.0000000000002
700.0,11.59153202290091,127355.76375754636,3500.0
700.0,11.631773955677911,3623.23102510313,350.00000000000006
700.0,11.61779395567791,5124.997045387419,700.0000000000001
700.0,11.61080395567791,7248.529762943168,1400.0000000000002
700.0,11.61080395567791,11461.586073289564,3500.0
700.0,11.631773955677911,7248.529762943168,350.00000000000006
700.0,11.61779395567791,10251.456705991557,700.0000000000001
700.0,11.61080395567791,14498.093935501207,1400.0000000000002
700.0,11.61080395567791,22923.826434685132,3500.0
700.0,11.631773955677911,18122.77259941914,350.00000000000006
700.0,11.61779395567791,25629.665876164534,700.0000000000001
700.0,11.61080395567791,36245.95902468744,1400.0000000000002
700.0,11.61080395567791,57310.02411348699,3500.0
700.0,11.61779395567791,51259.6243755694,700.0000000000001
700.0,11.61779395567791,51259.6243755694,700.0000000000001
700.0,11.61080395567791,72492.12496672897,1400.0000000000002
700.0,11.61080395567791,114620.17909355955,3500.0
700.0,11.61080395567791,144984.35339268867,1400.0000000000002
700.0,11.61080395567791,144984.35339268867,1400.0000000000002
700.0,11.61080395567791,144984.35339268867,1400.0000000000002
700.0,11.61080395567791,229240.42362055194,3500.0
700.0,11.615189353888937,180.35254263997203,350.00000000000006
700.0,11.594219353888937,268.69169645235166,700.0000000000001
700.0,11.580239353888937,390.86537651581716,1400.0000000000002
700.0,11.573249353888936,629.0693087220146,3500.0
700.0,11.615189353888937,390.86537651581716,350.00000000000006
700.0,11.594219353888937,560.9715351426689,700.0000000000001
700.0,11.580239353888937,799.3321075929183,1400.0000000000002
700.0,11.573249353888936,1269.6500827437503,3500.0
700.0,11.615189353888937,1001.9064168960432,350.00000000000006
700.0,11.594219353888937,1420.3825722463623,700.0000000000001
700.0,11.580239353888937,2011.1936111590771,1400.0000000000002
700.0,11.573249353888936,3182.325832839995,3500.0
700.0,11.594219353888937,2846.0081863516457,700.0000000000001
700.0,11.594219353888937,2846.0081863516457,700.0000000000001
700.0,11.580239353888937,4026.103168559004,1400.0000000000002
700.0,11.573249353888936,6367.005094329171,3500.0
700.0,11.580239353888937,8054.067530767551,1400.0000000000002
700.0,11.580239353888937,8054.067530767551,1400.0000000000002
700.0,11.580239353888937,8054.067530767551,1400.0000000000002
700.0,11.573249353888936,12735.187719037425,3500.0
700.0,11.617061384997564,390.86537651581716,350.00000000000006
700.0,11.596091384997564,560.9715351426689,700.0000000000001
700.0,11.582111384997564,799.3321075929183,1400.0000000000002
700.0,11.575121384997566,1269.6500827437503,3500.0
700.0,11.617061384997564,799.3321075929183,350.00000000000006
700.0,11.596091384997564,1134.740729552066,700.0000000000001
700.0,11.582111384997564,1607.8428019891228,1400.0000000000002
700.0,11.575121384997566,2545.1553223189408,3500.0
700.0,11.617061384997564,2011.1936111590771,350.00000000000006
700.0,11.596091384997564,2846.0081863516457,700.0000000000001
700.0,11.582111384997564,4026.103168559004,1400.0000000000002
700.0,11.575121384997566,6367.005094329171,3500.0
700.0,11.596091384997564,5694.646978196502,700.0000000000001
700.0,11.596091384997564,5694.646978196502,700.0000000000001
700.0,11.582111384997564,8054.067530767551,1400.0000000000002
700.0,11.575121384997566,12735.187719037425,3500.0
700.0,11.582111384997564,16109.06606174028,1400.0000000000002
700.0,11.582111384997564,16109.06606174028,1400.0000000000002
700.0,11.582111384997564,16109.06606174028,1400.0000000000002
700.0,11.575121384997566,25470.964305353747,3500.0
700.0,11.622908514257205,1001.9064168960432,350.00000000000006
700.0,11.601938514257206,1420.3825722463623,700.0000000000001
700.0,11.587958514257206,2011.1936111590771,1400.0000000000002
700.0,11.580968514257204,3182.325832839995,3500.0
700.0,11.622908514257205,2011.1936111590771,350.00000000000006
700.0,11.601938514257206,2846.0081863516457,700.0000000000001
700.0,11.587958514257206,4026.103168559004,1400.0000000000002
700.0,11.580968514257204,6367.005094329171,3500.0
700.0,11.622908514257205,5033.187218139732,350.00000000000006
700.0,11.601938514257206,7118.703620014862,700.0000000000001
700.0,11.587958514257206,10067.863700930095,1400.0000000000002
700.0,11.580968514257204,15919.161305794714,3500.0
700.0,11.601938514257206,14238.46050391269,700.0000000000001
700.0,11.601938514257206,14238.46050391269,700.0000000000001
700.0,11.587958514257206,20136.472240766394,1400.0000000000002
700.0,11.580968514257204,31838.7937152149,3500.0
700.0,11.587958514257206,40273.316926816864,1400.0000000000002
700.0,11.587958514257206,40273.316926816864,1400.0000000000002
700.0,11.587958514257206,40273.316926816864,1400.0000000000002
700.0,11.580968514257204,63677.82298877773,3500.0
700.0,11.63347202290091,2011.1936111590771,350.00000000000006
700.0,11.61250202290091,2846.0081863516457,700.0000000000001
700.0,11.59852202290091,4026.103168559004,1400.0000000000002
700.0,11.59153202290091,6367.005094329171,3500.0
700.0,11.63347202290091,4026.103168559004,350.00000000000006
700.0,11.61250202290091,5694.646978196502,700.0000000000001
700.0,11.59852202290091,8054.067530767551,1400.0000000000002
700.0,11.59153202290091,12735.187719037425,3500.0
700.0,11.63347202290091,10067.863700930095,350.00000000000006
700.0,11.61250202290091,14238.46050391269,700.0000000000001
700.0,11.59852202290091,20136.472240766394,1400.0000000000002
700.0,11.59153202290091,31838.7937152149,3500.0
700.0,11.61250202290091,28477.447712819998,700.0000000000001
700.0,11.61250202290091,28477.447712819998,700.0000000000001
700.0,11.59852202290091,40273.316926816864,1400.0000000000002
700.0,11.59153202290091,63677.82298877773,3500.0
700.0,11.59852202290091,80546.82007950489,1400.0000000000002
700.0,11.59852202290091,80546.82007950489,1400.0000000000002
700.0,11.59852202290091,80546.82007950489,1400.0000000000002
700.0,11.59153202290091,127355.76375754636,3500.0
700.0,11.652743955677911,3623.23102510313,350.00000000000006
700.0,11.631773955677911,5124.997045387419,700.0000000000001
700.0,11.61779395567791,7248.529762943168,1400.0000000000002
700.0,11.61080395567791,11461.586073289564,3500.0
700.0,11.652743955677911,7248.529762943168,350.00000000000006
700.0,11.631773955677911,10251.456705991557,700.0000000000001
700.0,11.61779395567791,14498.093935501207,1400.0000000000002
700.0,11.61080395567791,22923.826434685132,3500.0
700.0,11.652743955677911,18122.77259941914,350.00000000000006
700.0,11.631773955677911,25629.665876164534,700.0000000000001
700.0,11.61779395567791,36245.95902468744,1400.0000000000002
700.0,11.61080395567791,57310.02411348699,3500.0
700.0,11.631773955677911,51259.6243755694,700.0000000000001
700.0,11.631773955677911,51259.6243755694,700.0000000000001
700.0,11.61779395567791,72492.12496672897,1400.0000000000002
700.0,11.61080395567791,114620.17909355955,3500.0
700.0,11.61779395567791,144984.35339268867,1400.0000000000002
700.0,11.61779395567791,144984.35339268867,1400.0000000000002
700.0,11.61779395567791,144984.35339268867,1400.0000000000002
700.0,11.61080395567791,229240.42362055194,3500.0
700.0,11.692079353888936,180.35254263997203,350.00000000000006
700.0,11.629169353888937,268.69169645235166,700.0000000000001
700.0,11.601209353888937,390.86537651581716,1400.0000000000002
700.0,11.580239353888937,629.0693087220146,3500.0
700.0,11.692079353888936,390.86537651581716,350.00000000000006
700.0,11.629169353888937,560.9715351426689,700.0000000000001
700.0,11.601209353888937,799.3321075929183,1400.0000000000002
700.0,11.580239353888937,1269.6500827437503,3500.0
700.0,11.692079353888936,1001.9064168960432,350.00000000000006
700.0,11.629169353888937,1420.3825722463623,700.0000000000001
700.0,11.601209353888937,2011.1936111590771,1400.0000000000002
700.0,11.580239353888937,3182.325832839995,3500.0
700.0,11.629169353888937,2846.0081863516457,700.0000000000001
700.0,11.629169353888937,2846.0081863516457,700.0000000000001
700.0,11.601209353888937,4026.103168559004,1400.0000000000002
700.0,11.580239353888937,6367.005094329171,3500.0
700.0,11.601209353888937,8054.067530767551,1400.0000000000002
700.0,11.601209353888937,8054.067530767551,1400.0000000000002
700.0,11.601209353888937,8054.067530767551,1400.0000000000002
700.0,11.580239353888937,12735.187719037425,3500.0
700.0,11.693951384997565,390.86537651581716,350.00000000000006
700.0,11.631041384997564,560.9715351426689,700.0000000000001
700.0,11.603081384997564,799.3321075929183,1400.0000000000002
700.0,11.582111384997564,1269.6500827437503,3500.0
700.0,11.693951384997565,799.3321075929183,350.00000000000006
700.0,11.631041384997564,1134.740729552066,700.0000000000001
700.0,11.603081384997564,1607.8428019891228,1400.0000000000002
700.0,11.582111384997564,2545.1553223189408,3500.0
700.0,11.693951384997565,2011.1936111590771,350.00000000000006
700.0,11.631041384997564,2846.0081863516457,700.0000000000001
700.0,11.603081384997564,4026.103168559004,1400.0000000000002
700.0,11.582111384997564,6367.005094329171,3500.0
700.0,11.631041384997564,5694.646978196502,700.0000000000001
700.0,11.631041384997564,5694.646978196502,700.0000000000001
700.0,11.603081384997564,8054.067530767551,1400.0000000000002
700.0,11.582111384997564,12735.187719037425,3500.0
700.0,11.603081384997564,16109.06606174028,1400.0000000000002
700.0,11.603081384997564,16109.06606174028,1400.0000000000002
700.0,11.603081384997564,16109.06606174028,1400.0000000000002
700.0,11.582111384997564,25470.964305353747,3500.0
700.0,11.699798514257205,1001.9064168960432,350.00000000000006
700.0,11.636888514257205,1420.3825722463623,700.0000000000001
700.0,11.608928514257205,2011.1936111590771,1400.0000000000002
700.0,11.587958514257206,3182.325832839995,3500.0
700.0,11.699798514257205,2011.1936111590771,350.00000000000006
700.0,11.636888514257205,2846.0081863516457,700.0000000000001
700.0,11.608928514257205,4026.103168559004,1400.0000000000002
700.0,11.587958514257206,6367.005094329171,3500.0
700.0,11.699798514257205,5033.187218139732,350.00000000000006
700.0,11.636888514257205,7118.703620014862,700.0000000000001
700.0,11.608928514257205,10067.863700930095,1400.0000000000002
700.0,11.587958514257206,15919.161305794714,3500.0
700.0,11.636888514257205,14238.46050391269,700.0000000000001
700.0,11.636888514257205,14238.46050391269,700.0000000000001
700.0,11.608928514257205,20136.472240766394,1400.0000000000002
700.0,11.587958514257206,31838.7937152149,3500.0
700.0,11.608928514257205,40273.316926816864,1400.0000000000002
700.0,11.608928514257205,40273.316926816864,1400.0000000000002
700.0,11.608928514257205,40273.316926816864,1400.0000000000002
700.0,11.587958514257206,63677.82298877773,3500.0
700.0,11.710362022900911,2011.1936111590771,350.00000000000006
700.0,11.64745202290091,2846.0081863516457,700.0000000000001
700.0,11.61949202290091,4026.103168559004,1400.0000000000002
700.0,11.59852202290091,6367.005094329171,3500.0
700.0,11.710362022900911,4026.103168559004,350.00000000000006
700.0,11.64745202290091,5694.646978196502,700.0000000000001
700.0,11.61949202290091,8054.067530767551,1400.0000000000002
700.0,11.59852202290091,12735.187719037425,3500.0
700.0,11.710362022900911,10067.863700930095,350.00000000000006
700.0,11.64745202290091,14238.46050391269,700.0000000000001
700.0,11.61949202290091,20136.472240766394,1400.0000000000002
700.0,11.59852202290091,31838.7937152149,3500.0
700.0,11.64745202290091,28477.447712819998,700.0000000000001
700.0,11.64745202290091,28477.447712819998,700.0000000000001
700.0,11.61949202290091,40273.316926816864,1400.0000000000002
700.0,11.59852202290091,63677.82298877773,3500.0
700.0,11.61949202290091,80546.82007950489,1400.0000000000002
700.0,11.61949202290091,80546.82007950489,1400.0000000000002
700.0,11.61949202290091,80546.82007950489,1400.0000000000002
700.0,11.59852202290091,127355.76375754636,3500.0
700.0,11.72963395567791,3623.23102510313,350.00000000000006
700.0,11.66672395567791,5124.997045387419,700.0000000000001
700.0,11.638763955677911,7248.529762943168,1400.0000000000002
700.0,11.61779395567791,11461.586073289564,3500.0
700.0,11.72963395567791,7248.529762943168,350.00000000000006
700.0,11.66672395567791,10251.456705991557,700.0000000000001
700.0,11.638763955677911,14498.093935501207,1400.0000000000002
700.0,11.61779395567791,22923.826434685132,3500.0
700.0,11.72963395567791,18122.77259941914,350.00000000000006
700.0,11.66672395567791,25629.665876164534,700.0000000000001
700.0,11.638763955677911,36245.95902468744,1400.0000000000002
700.0,11.61779395567791,57310.02411348699,3500.0
700.0,11.66672395567791,51259.6243755694,700.0000000000001
700.0,11.66672395567791,51259.6243755694,700.0000000000001
700.0,11.638763955677911,72492.12496672897,1400.0000000000002
700.0,11.61779395567791,114620.17909355955,3500.0
700.0,11.638763955677911,144984.35339268867,1400.0000000000002
700.0,11.638763955677911,144984.35339268867,1400.0000000000002
700.0,11.638763955677911,144984.35339268867,1400.0000000000002
700.0,11.61779395567791,229240.42362055194,3500.0
700.0,11.810909353888936,180.35254263997203,350.00000000000006
700.0,11.692079353888936,268.69169645235166,700.0000000000001
700.0,11.629169353888937,390.86537651581716,1400.0000000000002
700.0,11.594219353888937,629.0693087220146,3500.0
700.0,11.810909353888936,390.86537651581716,350.00000000000006
700.0,11.692079353888936,560.9715351426689,700.0000000000001
700.0,11.629169353888937,799.3321075929183,1400.0000000000002
700.0,11.594219353888937,1269.6500827437503,3500.0
700.0,11.810909353888936,1001.9064168960432,350.00000000000006
700.0,11.692079353888936,1420.3825722463623,700.0000000000001
700.0,11.629169353888937,2011.1936111590771,1400.0000000000002
700.0,11.594219353888937,3182.325832839995,3500.0
700.0,11.692079353888936,2846.0081863516457,700.0000000000001
700.0,11.692079353888936,2846.0081863516457,700.0000000000001
700.0,11.629169353888937,4026.103168559004,1400.0000000000002
700.0,11.594219353888937,6367.005094329171,3500.0
700.0,11.629169353888937,8054.067530767551,1400.0000000000002
700.0,11.629169353888937,8054.067530767551,1400.0000000000002
700.0,11.629169353888937,8054.067530767551,1400.0000000000002
700.0,11.594219353888937,12735.187719037425,3500.0
700.0,11.812781384997564,390.86537651581716,350.00000000000006
700.0,11.693951384997565,560.9715351426689,700.0000000000001
700.0,11.631041384997564,799.3321075929183,1400.0000000000002
700.0,11.596091384997564,1269.6500827437503,3500.0
700.0,11.812781384997564,799.3321075929183,350.00000000000006
700.0,11.693951384997565,1134.740729552066,700.0000000000001
700.0,11.631041384997564,1607.8428019891228,1400.0000000000002
700.0,11.596091384997564,2545.1553223189408,3500.0
700.0,11.812781384997564,2011.1936111590771,350.00000000000006
700.0,11.693951384997565,2846.0081863516457,700.0000000000001
700.0,11.631041384997564,4026.103168559004,1400.0000000000002
700.0,11.596091384997564,6367.005094329171,3500.0
700.0,11.693951384997565,5694.646978196502,700.0000000000001
700.0,11.693951384997565,5694.646978196502,700.0000000000001
700.0,11.631041384997564,8054.067530767551,1400.0000000000002
700.0,11.596091384997564,12735.187719037425,3500.0
700.0,11.631041384997564,16109.06606174028,1400.0000000000002
700.0,11.631041384997564,16109.06606174028,1400.0000000000002
700.0,11.631041384997564,16109.06606174028,1400.0000000000002
700.0,11.596091384997564,25470.964305353747,3500.0
700.0,11.818628514257206,1001.9064168960432,350.00000000000006
700.0,11.699798514257205,1420.3825722463623,700.0000000000001
700.0,11.636888514257205,2011.1936111590771,1400.0000000000002
700.0,11.601938514257206,3182.325832839995,3500.0
700.0,11.818628514257206,2011.1936111590771,350.00000000000006
700.0,11.699798514257205,2846.0081863516457,700.0000000000001
700.0,11.636888514257205,4026.103168559004,1400.0000000000002
700.0,11.601938514257206,6367.005094329171,3500.0
700.0,11.818628514257206,5033.187218139732,350.00000000000006
700.0,11.699798514257205,7118.703620014862,700.0000000000001
700.0,11.636888514257205,10067.863700930095,1400.0000000000002
700.0,11.601938514257206,15919.161305794714,3500.0
700.0,11.699798514257205,14238.46050391269,700.0000000000001
700.0,11.699798514257205,14238.46050391269,700.0000000000001
700.0,11.636888514257205,20136.472240766394,1400.0000000000002
700.0,11.601938514257206,31838.7937152149,3500.0
700.0,11.636888514257205,40273.316926816864,1400.0000000000002
700.0,11.636888514257205,40273.316926816864,1400.0000000000002
700.0,11.636888514257205,40273.316926816864,1400.0000000000002
700.0,11.601938514257206,63677.82298877773,3500.0
700.0,11.82919202290091,2011.1936111590771,350.00000000000006
700.0,11.710362022900911,2846.0081863516457,700.0000000000001
700.0,11.64745202290091,4026.103168559004,1400.0000000000002
700.0,11.61250202290091,6367.005094329171,3500.0
700.0,11.82919202290091,4026.103168559004,350.00000000000006
700.0,11.710362022900911,5694.646978196502,700.0000000000001
700.0,11.64745202290091,8054.067530767551,1400.0000000000002
700.0,11.61250202290091,12735.187719037425,3500.0
700.0,11.82919202290091,10067.863700930095,350.00000000000006
700.0,11.710362022900911,14238.46050391269,700.0000000000001
700.0,11.64745202290091,20136.472240766394,1400.0000000000002
700.0,11.61250202290091,31838.7937152149,3500.0
700.0,11.710362022900911,28477.447712819998,700.0000000000001
700.0,11.710362022900911,28477.447712819998,700.0000000000001
700.0,11.64745202290091,40273.316926816864,1400.0000000000002
700.0,11.61250202290091,63677.82298877773,3500.0
700.0,11.64745202290091,80546.82007950489,1400.0000000000002
700.0,11.64745202290091,80546.82007950489,1400.0000000000002
700.0,11.64745202290091,80546.82007950489,1400.0000000000002
700.0,11.61250202290091,127355.76375754636,3500.0
700.0,11.84846395567791,3623.23102510313,350.00000000000006
700.0,11.72963395567791,5124.997045387419,700.0000000000001
700.0,11.66672395567791,7248.529762943168,1400.0000000000002
700.0,11.631773955677911,11461.586073289564,3500.0
700.0,11.84846395567791,7248.529762943168,350.00000000000006
700.0,11.72963395567791,10251.456705991557,700.0000000000001
700.0,11.66672395567791,14498.093935501207,1400.0000000000002
700.0,11.631773955677911,22923.826434685132,3500.0
700.0,11.84846395567791,18122.77259941914,350.00000000000006
700.0,11.72963395567791,25629.665876164534,700.0000000000001
700.0,11.66672395567791,36245.95902468744,1400.0000000000002
700.0,11.631773955677911,57310.02411348699,3500.0
700.0,11.72963395567791,51259.6243755694,700.0000000000001
700.0,11.72963395567791,51259.6243755694,700.0000000000001
700.0,11.66672395567791,72492.12496672897,1400.0000000000002
700.0,11.631773955677911,114620.17909355955,3500.0
700.0,11.66672395567791,144984.35339268867,1400.0000000000002
700.0,11.66672395567791,144984.35339268867,1400.0000000000002
700.0,11.66672395567791,144984.35339268867,1400.0000000000002
700.0,11.631773955677911,229240.42362055194,3500.0
700.0,12.055559353888937,180.35254263997203,350.00000000000006
700.0,11.810909353888936,268.69169645235166,700.0000000000001
700.0,11.692079353888936,390.86537651581716,1400.0000000000002
700.0,11.615189353888937,629.0693087220146,3500.0
700.0,12.055559353888937,390.86537651581716,350.00000000000006
700.0,11.810909353888936,560.9715351426689,700.0000000000001
700.0,11.692079353888936,799.3321075929183,1400.0000000000002
700.0,11.615189353888937,1269.6500827437503,3500.0
700.0,12.055559353888937,1001.9064168960432,350.00000000000006
700.0,11.810909353888936,1420.3825722463623,700.0000000000001
700.0,11.692079353888936,2011.1936111590771,1400.0000000000002
700.0,11.615189353888937,3182.325832839995,3500.0
700.0,11.810909353888936,2846.0081863516457,700.0000000000001
700.0,11.810909353888936,2846.0081863516457,700.0000000000001
700.0,11.692079353888936,4026.103168559004,1400.0000000000002
700.0,11.615189353888937,6367.005094329171,3500.0
700.0,11.692079353888936,8054.067530767551,1400.0000000000002
700.0,11.692079353888936,8054.067530767551,1400.0000000000002
700.0,11.692079353888936,8054.067530767551,1400.0000000000002
700.0,11.615189353888937,12735.187719037425,3500.0
700.0,12.057431384997564,390.86537651581716,350.00000000000006
700.0,11.812781384997564,560.9715351426689,700.0000000000001
700.0,11.693951384997565,799.3321075929183,1400.0000000000002
700.0,11.617061384997564,1269.6500827437503,3500.0
700.0,12.057431384997564,799.3321075929183,350.00000000000006
700.0,11.812781384997564,1134.740729552066,700.0000000000001
700.0,11.693951384997565,1607.8428019891228,1400.0000000000002
700.0,11.617061384997564,2545.1553223189408,3500.0
700.0,12.057431384997564,2011.1936111590771,350.00000000000006
700.0,11.812781384997564,2846.0081863516457,700.0000000000001
700.0,11.693951384997565,4026.103168559004,1400.0000000000002
700.0,11.617061384997564,6367.005094329171,3500.0
700.0,11.812781384997564,5694.646978196502,700.0000000000001
700.0,11.812781384997564,5694.646978196502,700.0000000000001
700.0,11.693951384997565,8054.067530767551,1400.0000000000002
700.0,11.617061384997564,12735.187719037425,3500.0
700.0,11.693951384997565,16109.06606174028,1400.0000000000002
700.0,11.693951384997565,16109.06606174028,1400.0000000000002
700.0,11.693951384997565,16109.06606174028,1400.0000000000002
700.0,11.617061384997564,25470.964305353747,3500.0
700.0,12.063278514257206,1001.9064168960432,350.00000000000006
700.0,11.818628514257206,1420.3825722463623,700.0000000000001
700.0,11.699798514257205,2011.1936111590771,1400.0000000000002
700.0,11.622908514257205,3182.325832839995,3500.0
700.0,12.063278514257206,2011.1936111590771,350.00000000000006
700.0,11.818628514257206,2846.0081863516457,700.0000000000001
700.0,11.699798514257205,4026.103168559004,1400.0000000000002
700.0,11.622908514257205,6367.005094329171,3500.0
700.0,12.063278514257206,5033.187218139732,350.00000000000006
700.0,11.818628514257206,7118.703620014862,700.0000000000001
700.0,11.699798514257205,10067.863700930095,1400.0000000000002
700.0,11.622908514257205,15919.161305794714,3500.0
700.0,11.818628514257206,14238.46050391269,700.0000000000001
700.0,11.818628514257206,14238.46050391269,700.0000000000001
700.0,11.699798514257205,20136.472240766394,1400.0000000000002
700.0,11.622908514257205,31838.7937152149,3500.0
700.0,11.699798514257205,40273.316926816864,1400.0000000000002
700.0,11.699798514257205,40273.316926816864,1400.0000000000002
700.0,11.699798514257205,40273.316926816864,1400.0000000000002
700.0,11.622908514257205,63677.82298877773,3500.0
700.0,12.07384202290091,2011.1936111590771,350.00000000000006
700.0,11.82919202290091,2846.0081863516457,700.0000000000001
700.0,11.710362022900911,4026.103168559004,1400.0000000000002
700.0,11.63347202290091,6367.005094329171,3500.0
700.0,12.07384202290091,4026.103168559004,350.00000000000006
700.0,11.82919202290091,5694.646978196502,700.0000000000001
700.0,11.710362022900911,8054.067530767551,1400.0000000000002
700.0,11.63347202290091,12735.187719037425,3500.0
700.0,12.07384202290091,10067.863700930095,350.00000000000006
700.0,11.82919202290091,14238.46050391269,700.0000000000001
700.0,11.710362022900911,20136.472240766394,1400.0000000000002
700.0,11.63347202290091,31838.7937152149,3500.0
700.0,11.82919202290091,28477.447712819998,700.0000000000001
700.0,11.82919202290091,28477.447712819998,700.0000000000001
700.0,11.710362022900911,40273.316926816864,1400.0000000000002
700.0,11.63347202290091,63677.82298877773,3500.0
700.0,11.710362022900911,80546.82007950489,1400.0000000000002
700.0,11.710362022900911,80546.82007950489,1400.0000000000002
700.0,11.710362022900911,80546.82007950489,1400.0000000000002
700.0,11.63347202290091,127355.76375754636,3500.0
700.0,12.09311395567791,3623.23102510313,350.00000000000006
700.0,11.84846395567791,5124.997045387419,700.0000000000001
700.0,11.72963395567791,7248.529762943168,1400.0000000000002
700.0,11.652743955677911,11461.586073289564,3500.0
700.0,12.09311395567791,7248.529762943168,350.00000000000006
700.0,11.84846395567791,10251.456705991557,700.0000000000001
700.0,11.72963395567791,14498.093935501207,1400.0000000000002
700.0,11.652743955677911,22923.826434685132,3500.0
700.0,12.09311395567791,18122.77259941914,350.00000000000006
700.0,11.84846395567791,25629.665876164534,700.0000000000001
700.0,11.72963395567791,36245.95902468744,1400.0000000000002
700.0,11.652743955677911,57310.02411348699,3500.0
700.0,11.84846395567791,51259.6243755694,700.0000000000001
700.0,11.84846395567791,51259.6243755694,700.0000000000001
700.0,11.72963395567791,72492.12496672897,1400.0000000000002
700.0,11.652743955677911,114620.17909355955,3500.0
700.0,11.72963395567791,144984.35339268867,1400.0000000000002
700.0,11.72963395567791,144984.35339268867,1400.0000000000002
700.0,11.72963395567791,144984.35339268867,1400.0000000000002
700.0,11.652743955677911,229240.42362055194,3500.0
700.0,12.789509353888937,180.35254263997203,350.00000000000006
700.0,12.181379353888936,268.69169645235166,700.0000000000001
700.0,11.873819353888937,390.86537651581716,1400.0000000000002
700.0,11.692079353888936,629.0693087220146,3500.0
700.0,12.789509353888937,390.86537651581716,350.00000000000006
700.0,12.181379353888936,560.9715351426689,700.0000000000001
700.0,11.873819353888937,799.3321075929183,1400.0000000000002
700.0,11.692079353888936,1269.6500827437503,3500.0
700.0,12.789509353888937,1001.9064168960432,350.00000000000006
700.0,12.181379353888936,1420.3825722463623,700.0000000000001
700.0,11.873819353888937,2011.1936111590771,1400.0000000000002
700.0,11.692079353888936,3182.325832839995,3500.0
700.0,12.181379353888936,2846.0081863516457,700.0000000000001
700.0,12.181379353888936,2846.0081863516457,700.0000000000001
700.0,11.873819353888937,4026.103168559004,1400.0000000000002
700.0,11.692079353888936,6367.005094329171,3500.0
700.0,11.873819353888937,8054.067530767551,1400.0000000000002
700.0,11.873819353888937,8054.067530767551,1400.0000000000002
700.0,11.873819353888937,8054.067530767551,1400.0000000000002
700.0,11.692079353888936,12735.187719037425,3500.0
700.0,12.791381384997564,390.86537651581716,350.00000000000006
700.0,12.183251384997565,560.9715351426689,700.0000000000001
700.0,11.875691384997564,799.3321075929183,1400.0000000000002
700.0,11.693951384997565,1269.6500827437503,3500.0
700.0,12.791381384997564,799.3321075929183,350.00000000000006
700.0,12.183251384997565,1134.740729552066,700.0000000000001
700.0,11.875691384997564,1607.8428019891228,1400.0000000000002
700.0,11.693951384997565,2545.1553223189408,3500.0
700.0,12.791381384997564,2011.1936111590771,350.00000000000006
700.0,12.183251384997565,2846.0081863516457,700.0000000000001
700.0,11.875691384997564,4026.103168559004,1400.0000000000002
700.0,11.693951384997565,6367.005094329171,3500.0
700.0,12.183251384997565,5694.646978196502,700.0000000000001
700.0,12.183251384997565,5694.646978196502,700.0000000000001
700.0,11.875691384997564,8054.067530767551,1400.0000000000002
700.0,11.693951384997565,12735.187719037425,3500.0
700.0,11.875691384997564,16109.06606174028,1400.0000000000002
700.0,11.875691384997564,16109.06606174028,1400.0000000000002
700.0,11.875691384997564,16109.06606174028,1400.0000000000002
700.0,11.693951384997565,25470.964305353747,3500.0
700.0,12.797228514257206,1001.9064168960432,350.00000000000006
700.0,12.189098514257205,1420.3825722463623,700.0000000000001
700.0,11.881538514257205,2011.1936111590771,1400.0000000000002
700.0,11.699798514257205,3182.325832839995,3500.0
700.0,12.797228514257206,2011.1936111590771,350.00000000000006
700.0,12.189098514257205,2846.0081863516457,700.0000000000001
700.0,11.881538514257205,4026.103168559004,1400.0000000000002
700.0,11.699798514257205,6367.005094329171,3500.0
700.0,12.797228514257206,5033.187218139732,350.00000000000006
700.0,12.189098514257205,7118.703620014862,700.0000000000001
700.0,11.881538514257205,10067.863700930095,1400.0000000000002
700.0,11.699798514257205,15919.161305794714,3500.0
700.0,12.189098514257205,14238.46050391269,700.0000000000001
700.0,12.189098514257205,14238.46050391269,700.0000000000001
700.0,11.881538514257205,20136.472240766394,1400.0000000000002
700.0,11.699798514257205,31838.7937152149,3500.0
700.0,11.881538514257205,40273.316926816864,1400.0000000000002
700.0,11.881538514257205,40273.316926816864,1400.0000000000002
700.0,11.881538514257205,40273.316926816864,1400.0000000000002
700.0,11.699798514257205,63677.82298877773,3500.0
700.0,12.80779202290091,2011.1936111590771,350.00000000000006
700.0,12.19966202290091,2846.0081863516457,700.0000000000001
700.0,11.892102022900911,4026.103168559004,1400.0000000000002
700.0,11.710362022900911,6367.005094329171,3500.0
700.0,12.80779202290091,4026.103168559004,350.00000000000006
700.0,12.19966202290091,5694.646978196502,700.0000000000001
700.0,11.892102022900911,8054.067530767551,1400.0000000000002
700.0,11.710362022900911,12735.187719037425,3500.0
700.0,12.80779202290091,10067.863700930095,350.00000000000006
700.0,12.19966202290091,14238.46050391269,700.0000000000001
700.0,11.892102022900911,20136.472240766394,1400.0000000000002
700.0,11.710362022900911,31838.7937152149,3500.0
700.0,12.19966202290091,28477.447712819998,700.0000000000001
700.0,12.19966202290091,28477.447712819998,700.0000000000001
700.0,11.892102022900911,40273.316926816864,1400.0000000000002
700.0,11.710362022900911,63677.82298877773,3500.0
700.0,11.892102022900911,80546.82007950489,1400.0000000000002
700.0,11.892102022900911,80546.82007950489,1400.0000000000002
700.0,11.892102022900911,80546.82007950489,1400.0000000000002
700.0,11.710362022900911,127355.76375754636,3500.0
700.0,12.827063955677911,3623.23102510313,350.00000000000006
700.0,12.21893395567791,5124.997045387419,700.0000000000001
700.0,11.91137395567791,7248.529762943168,1400.0000000000002
700.0,11.72963395567791,11461.586073289564,3500.0
700.0,12.827063955677911,7248.529762943168,350.00000000000006
700.0,12.21893395567791,10251.456705991557,700.0000000000001
700.0,11.91137395567791,14498.093935501207,1400.0000000000002
700.0,11.72963395567791,22923.826434685132,3500.0
700.0,12.827063955677911,18122.77259941914,350.00000000000006
700.0,12.21893395567791,25629.665876164534,700.0000000000001
700.0,11.91137395567791,36245.95902468744,1400.0000000000002
700.0,11.72963395567791,57310.02411348699,3500.0
700.0,12.21893395567791,51259.6243755694,700.0000000000001
700.0,12.21893395567791,51259.6243755694,700.0000000000001
700.0,11.91137395567791,72492.12496672897,1400.0000000000002
700.0,11.72963395567791,114620.17909355955,3500.0
700.0,11.91137395567791,144984.35339268867,1400.0000000000002
700.0,11.91137395567791,144984.35339268867,1400.0000000000002
700.0,11.91137395567791,144984.35339268867,1400.0000000000002
700.0,11.72963395567791,229240.42362055194,3500.0
700.0,11.619305213336073,41.29059432504053,213.50000000000003
700.0,11.598335213336073,71.43615710668212,350.00000000000006
700.0,11.584355213336073,116.52252632997357,700.0000000000001
700.0,11.577365213336073,205.75171305062435,1750.0
700.0,11.619305213336073,116.52252632997357,213.50000000000003
700.0,11.598335213336073,180.35254263997203,350.00000000000006
700.0,11.584355213336073,268.69169645235166,700.0000000000001
700.0,11.577365213336073,439.56092418925783,1750.0
700.0,11.619305213336073,342.70438805062525,213.50000000000003
700.0,11.598335213336073,493.7704975075558,350.00000000000006
700.0,11.584355213336073,705.019764820597,700.0000000000001
700.0,11.577365213336073,1121.2612455882766,1750.0
700.0,11.598335213336073,1001.9064168960432,350.00000000000006
700.0,11.598335213336073,1001.9064168960432,350.00000000000006
700.0,11.584355213336073,1420.3825722463623,700.0000000000001
700.0,11.577365213336073,2249.136193340954,1750.0
700.0,11.584355213336073,2846.0081863516457,700.0000000000001
700.0,11.584355213336073,2846.0081863516457,700.0000000000001
700.0,11.584355213336073,2846.0081863516457,700.0000000000001
700.0,11.577365213336073,4501.5975645019635,1750.0
700.0,11.62126076824838,116.52252632997357,175.00000000000003
700.0,11.60029076824838,180.35254263997203,350.00000000000006
700.0,11.58631076824838,268.69169645235166,700.0000000000001
700.0,11.57932076824838,439.56092418925783,1750.0
700.0,11.62126076824838,268.69169645235166,175.00000000000003
700.0,11.60029076824838,390.86537651581716,350.00000000000006
700.0,11.58631076824838,560.9715351426689,700.0000000000001
700.0,11.57932076824838,895.0401301046024,1750.0
700.0,11.62126076824838,705.019764820597,175.00000000000003
700.0,11.60029076824838,1001.9064168960432,350.00000000000006
700.0,11.58631076824838,1420.3825722463623,700.0000000000001
700.0,11.57932076824838,2249.136193340954,1750.0
700.0,11.60029076824838,2011.1936111590771,350.00000000000006
700.0,11.60029076824838,2011.1936111590771,350.00000000000006
700.0,11.58631076824838,2846.0081863516457,700.0000000000001
700.0,11.57932076824838,4501.5975645019635,1750.0
700.0,11.58631076824838,5694.646978196502,700.0000000000001
700.0,11.58631076824838,5694.646978196502,700.0000000000001
700.0,11.58631076824838,5694.646978196502,700.0000000000001
700.0,11.57932076824838,9004.860023578407,1750.0
700.0,11.627368776974244,342.70438805062525,175.00000000000003
700.0,11.606398776974244,493.7704975075558,350.00000000000006
700.0,11.592418776974243,705.019764820597,700.0000000000001
700.0,11.585428776974243,1121.2612455882766,1750.0
700.0,11.627368776974244,705.019764820597,175.00000000000003
700.0,11.606398776974244,1001.9064168960432,350.00000000000006
700.0,11.592418776974243,1420.3825722463623,700.0000000000001
700.0,11.585428776974243,2249.136193340954,1750.0
700.0,11.627368776974244,1777.0488657245999,175.00000000000003
700.0,11.606398776974244,2515.105994929627,350.00000000000006
700.0,11.592418776974243,3558.299130171461,700.0000000000001
700.0,11.585428776974243,5627.496351963758,1750.0
700.0,11.606398776974244,5033.187218139732,350.00000000000006
700.0,11.606398776974244,5033.187218139732,350.00000000000006
700.0,11.592418776974243,7118.703620014862,700.0000000000001
700.0,11.585428776974243,11256.32484125176,1750.0
700.0,11.592418776974243,14238.46050391269,700.0000000000001
700.0,11.592418776974243,14238.46050391269,700.0000000000001
700.0,11.592418776974243,14238.46050391269,700.0000000000001
700.0,11.585428776974243,22513.315898995657,1750.0
700.0,11.638403594250619,705.019764820597,175.00000000000003
700.0,11.617433594250619,1001.9064168960432,350.00000000000006
700.0,11.603453594250619,1420.3825722463623,700.0000000000001
700.0,11.596463594250618,2249.136193340954,1750.0
700.0,11.638403594250619,1420.3825722463623,175.00000000000003
700.0,11.617433594250619,2011.1936111590771,350.00000000000006
700.0,11.603453594250619,2846.0081863516457,700.0000000000001
700.0,11.596463594250618,4501.5975645019635,1750.0
700.0,11.638403594250619,3558.299130171461,175.00000000000003
700.0,11.617433594250619,5033.187218139732,350.00000000000006
700.0,11.603453594250619,7118.703620014862,700.0000000000001
700.0,11.596463594250618,11256.32484125176,1750.0
700.0,11.617433594250619,10067.863700930095,350.00000000000006
700.0,11.617433594250619,10067.863700930095,350.00000000000006
700.0,11.603453594250619,14238.46050391269,700.0000000000001
700.0,11.596463594250618,22513.315898995657,1750.0
700.0,11.603453594250619,28477.447712819998,700.0000000000001
700.0,11.603453594250619,28477.447712819998,700.0000000000001
700.0,11.603453594250619,28477.447712819998,700.0000000000001
700.0,11.596463594250618,45026.964924720916,1750.0
700.0,11.658535376590146,1277.6090780806646,175.00000000000003
700.0,11.637565376590146,1809.5522147616596,350.00000000000006
700.0,11.623585376590146,2561.0374709930966,700.0000000000001
700.0,11.616595376590146,4051.2035748510643,1750.0
700.0,11.658535376590146,2561.0374709930966,175.00000000000003
700.0,11.637565376590146,3623.23102510313,350.00000000000006
700.0,11.623585376590146,5124.997045387419,700.0000000000001
700.0,11.616595376590146,8104.2568320145165,1750.0
700.0,11.658535376590146,6406.68504246562,175.00000000000003
700.0,11.637565376590146,9060.972509292938,350.00000000000006
700.0,11.623585376590146,12814.540327370067,700.0000000000001
700.0,11.616595376590146,20261.937425276432,1750.0
700.0,11.637565376590146,18122.77259941914,350.00000000000006
700.0,11.637565376590146,18122.77259941914,350.00000000000006
700.0,11.623585376590146,25629.665876164534,700.0000000000001
700.0,11.616595376590146,40524.24498975766,1750.0
700.0,11.623585376590146,51259.6243755694,700.0000000000001
700.0,11.623585376590146,51259.6243755694,700.0000000000001
700.0,11.623585376590146,51259.6243755694,700.0000000000001
700.0,11.616595376590146,81048.67505228723,1750.0
700.0,11.668235213336072,41.29059432504053,213.50000000000003
700.0,11.619305213336073,71.43615710668212,350.00000000000006
700.0,11.598335213336073,116.52252632997357,700.0000000000001
700.0,11.584355213336073,205.75171305062435,1750.0
700.0,11.668235213336072,116.52252632997357,213.50000000000003
700.0,11.619305213336073,180.35254263997203,350.00000000000006
700.0,11.598335213336073,268.69169645235166,700.0000000000001
700.0,11.584355213336073,439.56092418925783,1750.0
700.0,11.668235213336072,342.70438805062525,213.50000000000003
700.0,11.619305213336073,493.7704975075558,350.00000000000006
700.0,11.598335213336073,705.019764820597,700.0000000000001
700.0,11.584355213336073,1121.2612455882766,1750.0
700.0,11.619305213336073,1001.9064168960432,350.00000000000006
700.0,11.619305213336073,1001.9064168960432,350.00000000000006
700.0,11.598335213336073,1420.3825722463623,700.0000000000001
700.0,11.584355213336073,2249.136193340954,1750.0
700.0,11.598335213336073,2846.0081863516457,700.0000000000001
700.0,11.598335213336073,2846.0081863516457,700.0000000000001
700.0,11.598335213336073,2846.0081863516457,700.0000000000001
700.0,11.584355213336073,4501.5975645019635,1750.0
700.0,11.67019076824838,116.52252632997357,175.00000000000003
700.0,11.62126076824838,180.35254263997203,350.00000000000006
700.0,11.60029076824838,268.69169645235166,700.0000000000001
700.0,11.58631076824838,439.56092418925783,1750.0
700.0,11.67019076824838,268.69169645235166,175.00000000000003
700.0,11.62126076824838,390.86537651581716,350.00000000000006
700.0,11.60029076824838,560.9715351426689,700.0000000000001
700.0,11.58631076824838,895.0401301046024,1750.0
700.0,11.67019076824838,705.019764820597,175.00000000000003
700.0,11.62126076824838,1001.9064168960432,350.00000000000006
700.0,11.60029076824838,1420.3825722463623,700.0000000000001
700.0,11.58631076824838,2249.136193340954,1750.0
700.0,11.62126076824838,2011.1936111590771,350.00000000000006
700.0,11.62126076824838,2011.1936111590771,350.00000000000006
700.0,11.60029076824838,2846.0081863516457,700.0000000000001
700.0,11.58631076824838,4501.5975645019635,1750.0
700.0,11.60029076824838,5694.646978196502,700.0000000000001
700.0,11.60029076824838,5694.646978196502,700.0000000000001
700.0,11.60029076824838,5694.646978196502,700.0000000000001
700.0,11.58631076824838,9004.860023578407,1750.0
700.0,11.676298776974244,342.70438805062525,175.00000000000003
700.0,11.627368776974244,493.7704975075558,350.00000000000006
700.0,11.606398776974244,705.019764820597,700.0000000000001
700.0,11.592418776974243,1121.2612455882766,1750.0
700.0,11.676298776974244,705.019764820597,175.00000000000003
700.0,11.627368776974244,1001.9064168960432,350.00000000000006
700.0,11.606398776974244,1420.3825722463623,700.0000000000001
700.0,11.592418776974243,2249.136193340954,1750.0
700.0,11.676298776974244,1777.0488657245999,175.00000000000003
700.0,11.627368776974244,2515.105994929627,350.00000000000006
700.0,11.606398776974244,3558.299130171461,700.0000000000001
700.0,11.592418776974243,5627.496351963758,1750.0
700.0,11.627368776974244,5033.187218139732,350.00000000000006
700.0,11.627368776974244,5033.187218139732,350.00000000000006
700.0,11.606398776974244,7118.703620014862,700.0000000000001
700.0,11.592418776974243,11256.32484125176,1750.0
700.0,11.606398776974244,14238.46050391269,700.0000000000001
700.0,11.606398776974244,14238.46050391269,700.0000000000001
700.0,11.606398776974244,14238.46050391269,700.0000000000001
700.0,11.592418776974243,22513.315898995657,1750.0
700.0,11.68733359425062,705.019764820597,175.00000000000003
700.0,11.638403594250619,1001.9064168960432,350.00000000000006
700.0,11.617433594250619,1420.3825722463623,700.0000000000001
700.0,11.603453594250619,2249.136193340954,1750.0
700.0,11.68733359425062,1420.3825722463623,175.00000000000003
700.0,11.638403594250619,2011.1936111590771,350.00000000000006
700.0,11.617433594250619,2846.0081863516457,700.0000000000001
700.0,11.603453594250619,4501.5975645019635,1750.0
700.0,11.68733359425062,3558.299130171461,175.00000000000003
700.0,11.638403594250619,5033.187218139732,350.00000000000006
700.0,11.617433594250619,7118.703620014862,700.0000000000001
700.0,11.603453594250619,11256.32484125176,1750.0
700.0,11.638403594250619,10067.863700930095,350.00000000000006
700.0,11.638403594250619,10067.863700930095,350.00000000000006
700.0,11.617433594250619,14238.46050391269,700.0000000000001
700.0,11.603453594250619,22513.315898995657,1750.0
700.0,11.617433594250619,28477.447712819998,700.0000000000001
700.0,11.617433594250619,28477.447712819998,700.0000000000001
700.0,11.617433594250619,28477.447712819998,700.0000000000001
700.0,11.603453594250619,45026.964924720916,1750.0
700.0,11.707465376590147,1277.6090780806646,175.00000000000003
700.0,11.658535376590146,1809.5522147616596,350.00000000000006
700.0,11.637565376590146,2561.0374709930966,700.0000000000001
700.0,11.623585376590146,4051.2035748510643,1750.0
700.0,11.707465376590147,2561.0374709930966,175.00000000000003
700.0,11.658535376590146,3623.23102510313,350.00000000000006
700.0,11.637565376590146,5124.997045387419,700.0000000000001
700.0,11.623585376590146,8104.2568320145165,1750.0
700.0,11.707465376590147,6406.68504246562,175.00000000000003
700.0,11.658535376590146,9060.972509292938,350.00000000000006
700.0,11.637565376590146,12814.540327370067,700.0000000000001
700.0,11.623585376590146,20261.937425276432,1750.0
700.0,11.658535376590146,18122.77259941914,350.00000000000006
700.0,11.658535376590146,18122.77259941914,350.00000000000006
700.0,11.637565376590146,25629.665876164534,700.0000000000001
700.0,11.623585376590146,40524.24498975766,1750.0
700.0,11.637565376590146,51259.6243755694,700.0000000000001
700.0,11.637565376590146,51259.6243755694,700.0000000000001
700.0,11.637565376590146,51259.6243755694,700.0000000000001
700.0,11.623585376590146,81048.67505228723,1750.0
700.0,11.815025213336073,41.29059432504053,213.50000000000003
700.0,11.696195213336072,71.43615710668212,350.00000000000006
700.0,11.633285213336073,116.52252632997357,700.0000000000001
700.0,11.598335213336073,205.75171305062435,1750.0
700.0,11.815025213336073,116.52252632997357,213.50000000000003
700.0,11.696195213336072,180.35254263997203,350.00000000000006
700.0,11.633285213336073,268.69169645235166,700.0000000000001
700.0,11.598335213336073,439.56092418925783,1750.0
700.0,11.815025213336073,342.70438805062525,213.50000000000003
700.0,11.696195213336072,493.7704975075558,350.00000000000006
700.0,11.633285213336073,705.019764820597,700.0000000000001
700.0,11.598335213336073,1121.2612455882766,1750.0
700.0,11.696195213336072,1001.9064168960432,350.00000000000006
700.0,11.696195213336072,1001.9064168960432,350.00000000000006
700.0,11.633285213336073,1420.3825722463623,700.0000000000001
700.0,11.598335213336073,2249.136193340954,1750.0
700.0,11.633285213336073,2846.0081863516457,700.0000000000001
700.0,11.633285213336073,2846.0081863516457,700.0000000000001
700.0,11.633285213336073,2846.0081863516457,700.0000000000001
700.0,11.598335213336073,4501.5975645019635,1750.0
700.0,11.81698076824838,116.52252632997357,175.00000000000003
700.0,11.69815076824838,180.35254263997203,350.00000000000006
700.0,11.63524076824838,268.69169645235166,700.0000000000001
700.0,11.60029076824838,439.56092418925783,1750.0
700.0,11.81698076824838,268.69169645235166,175.00000000000003
700.0,11.69815076824838,390.86537651581716,350.00000000000006
700.0,11.63524076824838,560.9715351426689,700.0000000000001
700.0,11.60029076824838,895.0401301046024,1750.0
700.0,11.81698076824838,705.019764820597,175.00000000000003
700.0,11.69815076824838,1001.9064168960432,350.00000000000006
700.0,11.63524076824838,1420.3825722463623,700.0000000000001
700.0,11.60029076824838,2249.136193340954,1750.0
700.0,11.69815076824838,2011.1936111590771,350.00000000000006
700.0,11.69815076824838,2011.1936111590771,350.00000000000006
700.0,11.63524076824838,2846.0081863516457,700.0000000000001
700.0,11.60029076824838,4501.5975645019635,1750.0
700.0,11.63524076824838,5694.646978196502,700.0000000000001
700.0,11.63524076824838,5694.646978196502,700.0000000000001
700.0,11.63524076824838,5694.646978196502,700.0000000000001
700.0,11.60029076824838,9004.860023578407,1750.0
700.0,11.823088776974243,342.70438805062525,175.00000000000003
700.0,11.704258776974243,493.7704975075558,350.00000000000006
700.0,11.641348776974244,705.019764820597,700.0000000000001
700.0,11.606398776974244,1121.2612455882766,1750.0
700.0,11.823088776974243,705.019764820597,175.00000000000003
700.0,11.704258776974243,1001.9064168960432,350.00000000000006
700.0,11.641348776974244,1420.3825722463623,700.0000000000001
700.0,11.606398776974244,2249.136193340954,1750.0
700.0,11.823088776974243,1777.0488657245999,175.00000000000003
700.0,11.704258776974243,2515.105994929627,350.00000000000006
700.0,11.641348776974244,3558.299130171461,700.0000000000001
700.0,11.606398776974244,5627.496351963758,1750.0
700.0,11.704258776974243,5033.187218139732,350.00000000000006
700.0,11.704258776974243,5033.187218139732,350.00000000000006
700.0,11.641348776974244,7118.703620014862,700.0000000000001
700.0,11.606398776974244,11256.32484125176,1750.0
700.0,11.641348776974244,14238.46050391269,700.0000000000001
700.0,11.641348776974244,14238.46050391269,700.0000000000001
700.0,11.641348776974244,14238.46050391269,700.0000000000001
700.0,11.606398776974244,22513.315898995657,1750.0
700.0,11.834123594250618,705.019764820597,175.00000000000003
700.0,11.71529359425062,1001.9064168960432,350.00000000000006
700.0,11.652383594250619,1420.3825722463623,700.0000000000001
700.0,11.617433594250619,2249.136193340954,1750.0
700.0,11.834123594250618,1420.3825722463623,175.00000000000003
700.0,11.71529359425062,2011.1936111590771,350.00000000000006
700.0,11.652383594250619,2846.0081863516457,700.0000000000001
700.0,11.617433594250619,4501.5975645019635,1750.0
700.0,11.834123594250618,3558.299130171461,175.00000000000003
700.0,11.71529359425062,5033.187218139732,350.00000000000006
700.0,11.652383594250619,7118.703620014862,700.0000000000001
700.0,11.617433594250619,11256.32484125176,1750.0
700.0,11.71529359425062,10067.863700930095,350.00000000000006
700.0,11.71529359425062,10067.863700930095,350.00000000000006
700.0,11.652383594250619,14238.46050391269,700.0000000000001
700.0,11.617433594250619,22513.315898995657,1750.0
700.0,11.652383594250619,28477.447712819998,700.0000000000001
700.0,11.652383594250619,28477.447712819998,700.0000000000001
700.0,11.652383594250619,28477.447712819998,700.0000000000001
700.0,11.617433594250619,45026.964924720916,1750.0
700.0,11.854255376590146,1277.6090780806646,175.00000000000003
700.0,11.735425376590145,1809.5522147616596,350.00000000000006
700.0,11.672515376590146,2561.0374709930966,700.0000000000001
700.0,11.637565376590146,4051.2035748510643,1750.0
700.0,11.854255376590146,2561.0374709930966,175.00000000000003
700.0,11.735425376590145,3623.23102510313,350.00000000000006
700.0,11.672515376590146,5124.997045387419,700.0000000000001
700.0,11.637565376590146,8104.2568320145165,1750.0
700.0,11.854255376590146,6406.68504246562,175.00000000000003
700.0,11.735425376590145,9060.972509292938,350.00000000000006
700.0,11.672515376590146,12814.540327370067,700.0000000000001
700.0,11.637565376590146,20261.937425276432,1750.0
700.0,11.735425376590145,18122.77259941914,350.00000000000006
700.0,11.735425376590145,18122.77259941914,350.00000000000006
700.0,11.672515376590146,25629.665876164534,700.0000000000001
700.0,11.637565376590146,40524.24498975766,1750.0
700.0,11.672515376590146,51259.6243755694,700.0000000000001
700.0,11.672515376590146,51259.6243755694,700.0000000000001
700.0,11.672515376590146,51259.6243755694,700.0000000000001
700.0,11.637565376590146,81048.67505228723,1750.0
700.0,12.059675213336073,41.29059432504053,213.50000000000003
700.0,11.815025213336073,71.43615710668212,350.00000000000006
700.0,11.696195213336072,116.52252632997357,700.0000000000001
700.0,11.619305213336073,205.75171305062435,1750.0
700.0,12.059675213336073,116.52252632997357,213.50000000000003
700.0,11.815025213336073,180.35254263997203,350.00000000000006
700.0,11.696195213336072,268.69169645235166,700.0000000000001
700.0,11.619305213336073,439.56092418925783,1750.0
700.0,12.059675213336073,342.70438805062525,213.50000000000003
700.0,11.815025213336073,493.7704975075558,350.00000000000006
700.0,11.696195213336072,705.019764820597,700.0000000000001
700.0,11.619305213336073,1121.2612455882766,1750.0
700.0,11.815025213336073,1001.9064168960432,350.00000000000006
700.0,11.815025213336073,1001.9064168960432,350.00000000000006
700.0,11.696195213336072,1420.3825722463623,700.0000000000001
700.0,11.619305213336073,2249.136193340954,1750.0
700.0,11.696195213336072,2846.0081863516457,700.0000000000001
700.0,11.696195213336072,2846.0081863516457,700.0000000000001
700.0,11.696195213336072,2846.0081863516457,700.0000000000001
700.0,11.619305213336073,4501.5975645019635,1750.0
700.0,12.06163076824838,116.52252632997357,175.00000000000003
700.0,11.81698076824838,180.35254263997203,350.00000000000006
700.0,11.69815076824838,268.69169645235166,700.0000000000001
700.0,11.62126076824838,439.56092418925783,1750.0
700.0,12.06163076824838,268.69169645235166,175.00000000000003
700.0,11.81698076824838,390.86537651581716,350.00000000000006
700.0,11.69815076824838,560.9715351426689,700.0000000000001
700.0,11.62126076824838,895.0401301046024,1750.0
700.0,12.06163076824838,705.019764820597,175.00000000000003
700.0,11.81698076824838,1001.9064168960432,350.00000000000006
700.0,11.69815076824838,1420.3825722463623,700.0000000000001
700.0,11.62126076824838,2249.136193340954,1750.0
700.0,11.81698076824838,2011.1936111590771,350.00000000000006
700.0,11.81698076824838,2011.1936111590771,350.00000000000006
700.0,11.69815076824838,2846.0081863516457,700.0000000000001
700.0,11.62126076824838,4501.5975645019635,1750.0
700.0,11.69815076824838,5694.646978196502,700.0000000000001
700.0,11.69815076824838,5694.646978196502,700.0000000000001
700.0,11.69815076824838,5694.646978196502,700.0000000000001
700.0,11.62126076824838,9004.860023578407,1750.0
700.0,12.067738776974243,342.70438805062525,175.00000000000003
700.0,11.823088776974243,493.7704975075558,350.00000000000006
700.0,11.704258776974243,705.019764820597,700.0000000000001
700.0,11.627368776974244,1121.2612455882766,1750.0
700.0,12.067738776974243,705.019764820597,175.00000000000003
700.0,11.823088776974243,1001.9064168960432,350.00000000000006
700.0,11.704258776974243,1420.3825722463623,700.0000000000001
700.0,11.627368776974244,2249.136193340954,1750.0
700.0,12.067738776974243,1777.0488657245999,175.00000000000003
700.0,11.823088776974243,2515.105994929627,350.00000000000006
700.0,11.704258776974243,3558.299130171461,700.0000000000001
700.0,11.627368776974244,5627.496351963758,1750.0
700.0,11.823088776974243,5033.187218139732,350.00000000000006
700.0,11.823088776974243,5033.187218139732,350.00000000000006
700.0,11.704258776974243,7118.703620014862,700.0000000000001
700.0,11.627368776974244,11256.32484125176,1750.0
700.0,11.704258776974243,14238.46050391269,700.0000000000001
700.0,11.704258776974243,14238.46050391269,700.0000000000001
700.0,11.704258776974243,14238.46050391269,700.0000000000001
700.0,11.627368776974244,22513.315898995657,1750.0
700.0,12.078773594250618,705.019764820597,175.00000000000003
700.0,11.834123594250618,1001.9064168960432,350.00000000000006
700.0,11.71529359425062,1420.3825722463623,700.0000000000001
700.0,11.638403594250619,2249.136193340954,1750.0
700.0,12.078773594250618,1420.3825722463623,175.00000000000003
700.0,11.834123594250618,2011.1936111590771,350.00000000000006
700.0,11.71529359425062,2846.0081863516457,700.0000000000001
700.0,11.638403594250619,4501.5975645019635,1750.0
700.0,12.078773594250618,3558.299130171461,175.00000000000003
700.0,11.834123594250618,5033.187218139732,350.00000000000006
700.0,11.71529359425062,7118.703620014862,700.0000000000001
700.0,11.638403594250619,11256.32484125176,1750.0
700.0,11.834123594250618,10067.863700930095,350.00000000000006
700.0,11.834123594250618,10067.863700930095,350.00000000000006
700.0,11.71529359425062,14238.46050391269,700.0000000000001
700.0,11.638403594250619,22513.315898995657,1750.0
700.0,11.71529359425062,28477.447712819998,700.0000000000001
700.0,11.71529359425062,28477.447712819998,700.0000000000001
700.0,11.71529359425062,28477.447712819998,700.0000000000001
700.0,11.638403594250619,45026.964924720916,1750.0
700.0,12.098905376590146,1277.6090780806646,175.00000000000003
700.0,11.854255376590146,1809.5522147616596,350.00000000000006
700.0,11.735425376590145,2561.0374709930966,700.0000000000001
700.0,11.658535376590146,4051.2035748510643,1750.0
700.0,12.098905376590146,2561.0374709930966,175.00000000000003
700.0,11.854255376590146,3623.23102510313,350.00000000000006
700.0,11.735425376590145,5124.997045387419,700.0000000000001
700.0,11.658535376590146,8104.2568320145165,1750.0
700.0,12.098905376590146,6406.68504246562,175.00000000000003
700.0,11.854255376590146,9060.972509292938,350.00000000000006
700.0,11.735425376590145,12814.540327370067,700.0000000000001
700.0,11.658535376590146,20261.937425276432,1750.0
700.0,11.854255376590146,18122.77259941914,350.00000000000006
700.0,11.854255376590146,18122.77259941914,350.00000000000006
700.0,11.735425376590145,25629.665876164534,700.0000000000001
700.0,11.658535376590146,40524.24498975766,1750.0
700.0,11.735425376590145,51259.6243755694,700.0000000000001
700.0,11.735425376590145,51259.6243755694,700.0000000000001
700.0,11.735425376590145,51259.6243755694,700.0000000000001
700.0,11.658535376590146,81048.67505228723,1750.0
700.0,12.548975213336071,41.29059432504053,213.50000000000003
700.0,12.059675213336073,71.43615710668212,350.00000000000006
700.0,11.815025213336073,116.52252632997357,700.0000000000001
700.0,11.668235213336072,205.75171305062435,1750.0
700.0,12.548975213336071,116.52252632997357,213.50000000000003
700.0,12.059675213336073,180.35254263997203,350.00000000000006
700.0,11.815025213336073,268.69169645235166,700.0000000000001
700.0,11.668235213336072,439.56092418925783,1750.0
700.0,12.548975213336071,342.70438805062525,213.50000000000003
700.0,12.059675213336073,493.7704975075558,350.00000000000006
700.0,11.815025213336073,705.019764820597,700.0000000000001
700.0,11.668235213336072,1121.2612455882766,1750.0
700.0,12.059675213336073,1001.9064168960432,350.00000000000006
700.0,12.059675213336073,1001.9064168960432,350.00000000000006
700.0,11.815025213336073,1420.3825722463623,700.0000000000001
700.0,11.668235213336072,2249.136193340954,1750.0
700.0,11.815025213336073,2846.0081863516457,700.0000000000001
700.0,11.815025213336073,2846.0081863516457,700.0000000000001
700.0,11.815025213336073,2846.0081863516457,700.0000000000001
700.0,11.668235213336072,4501.5975645019635,1750.0
700.0,12.55093076824838,116.52252632997357,175.00000000000003
700.0,12.06163076824838,180.35254263997203,350.00000000000006
700.0,11.81698076824838,268.69169645235166,700.0000000000001
700.0,11.67019076824838,439.56092418925783,1750.0
700.0,12.55093076824838,268.69169645235166,175.00000000000003
700.0,12.06163076824838,390.86537651581716,350.00000000000006
700.0,11.81698076824838,560.9715351426689,700.0000000000001
700.0,11.67019076824838,895.0401301046024,1750.0
700.0,12.55093076824838,705.019764820597,175.00000000000003
700.0,12.06163076824838,1001.9064168960432,350.00000000000006
700.0,11.81698076824838,1420.3825722463623,700.0000000000001
700.0,11.67019076824838,2249.136193340954,1750.0
700.0,12.06163076824838,2011.1936111590771,350.00000000000006
700.0,12.06163076824838,2011.1936111590771,350.00000000000006
700.0,11.81698076824838,2846.0081863516457,700.0000000000001
700.0,11.67019076824838,4501.5975645019635,1750.0
700.0,11.81698076824838,5694.646978196502,700.0000000000001
700.0,11.81698076824838,5694.646978196502,700.0000000000001
700.0,11.81698076824838,5694.646978196502,700.0000000000001
700.0,11.67019076824838,9004.860023578407,1750.0
700.0,12.557038776974244,342.70438805062525,175.00000000000003
700.0,12.067738776974243,493.7704975075558,350.00000000000006
700.0,11.823088776974243,705.019764820597,700.0000000000001
700.0,11.676298776974244,1121.2612455882766,1750.0
700.0,12.557038776974244,705.019764820597,175.00000000000003
700.0,12.067738776974243,1001.9064168960432,350.00000000000006
700.0,11.823088776974243,1420.3825722463623,700.0000000000001
700.0,11.676298776974244,2249.136193340954,1750.0
700.0,12.557038776974244,1777.0488657245999,175.00000000000003
700.0,12.067738776974243,2515.105994929627,350.00000000000006
700.0,11.823088776974243,3558.299130171461,700.0000000000001
700.0,11.676298776974244,5627.496351963758,1750.0
700.0,12.067738776974243,5033.187218139732,350.00000000000006
700.0,12.067738776974243,5033.187218139732,350.00000000000006
700.0,11.823088776974243,7118.703620014862,700.0000000000001
700.0,11.676298776974244,11256.32484125176,1750.0
700.0,11.823088776974243,14238.46050391269,700.0000000000001
700.0,11.823088776974243,14238.46050391269,700.0000000000001
700.0,11.823088776974243,14238.46050391269,700.0000000000001
700.0,11.676298776974244,22513.315898995657,1750.0
700.0,12.568073594250619,705.019764820597,175.00000000000003
700.0,12.078773594250618,1001.9064168960432,350.00000000000006
700.0,11.834123594250618,1420.3825722463623,700.0000000000001
700.0,11.68733359425062,2249.136193340954,1750.0
700.0,12.568073594250619,1420.3825722463623,175.00000000000003
700.0,12.078773594250618,2011.1936111590771,350.00000000000006
700.0,11.834123594250618,2846.0081863516457,700.0000000000001
700.0,11.68733359425062,4501.5975645019635,1750.0
700.0,12.568073594250619,3558.299130171461,175.00000000000003
700.0,12.078773594250618,5033.187218139732,350.00000000000006
700.0,11.834123594250618,7118.703620014862,700.0000000000001
700.0,11.68733359425062,11256.32484125176,1750.0
700.0,12.078773594250618,10067.863700930095,350.00000000000006
700.0,12.078773594250618,10067.863700930095,350.00000000000006
700.0,11.834123594250618,14238.46050391269,700.0000000000001
700.0,11.68733359425062,22513.315898995657,1750.0
700.0,11.834123594250618,28477.447712819998,700.0000000000001
700.0,11.834123594250618,28477.447712819998,700.0000000000001
700.0,11.834123594250618,28477.447712819998,700.0000000000001
700.0,11.68733359425062,45026.964924720916,1750.0
700.0,12.588205376590146,1277.6090780806646,175.00000000000003
700.0,12.098905376590146,1809.5522147616596,350.00000000000006
700.0,11.854255376590146,2561.0374709930966,700.0000000000001
700.0,11.707465376590147,4051.2035748510643,1750.0
700.0,12.588205376590146,2561.0374709930966,175.00000000000003
700.0,12.098905376590146,3623.23102510313,350.00000000000006
700.0,11.854255376590146,5124.997045387419,700.0000000000001
700.0,11.707465376590147,8104.2568320145165,1750.0
700.0,12.588205376590146,6406.68504246562,175.00000000000003
700.0,12.098905376590146,9060.972509292938,350.00000000000006
700.0,11.854255376590146,12814.540327370067,700.0000000000001
700.0,11.707465376590147,20261.937425276432,1750.0
700.0,12.098905376590146,18122.77259941914,350.00000000000006
700.0,12.098905376590146,18122.77259941914,350.00000000000006
700.0,11.854255376590146,25629.665876164534,700.0000000000001
700.0,11.707465376590147,40524.24498975766,1750.0
700.0,11.854255376590146,51259.6243755694,700.0000000000001
700.0,11.854255376590146,51259.6243755694,700.0000000000001
700.0,11.854255376590146,51259.6243755694,700.0000000000001
700.0,11.707465376590147,81048.67505228723,1750.0
700.0,14.016875213336071,41.29059432504053,213.50000000000003
700.0,12.793625213336073,71.43615710668212,350.00000000000006
700.0,12.185495213336072,116.52252632997357,700.0000000000001
700.0,11.815025213336073,205.75171305062435,1750.0
700.0,14.016875213336071,116.52252632997357,213.50000000000003
700.0,12.793625213336073,180.35254263997203,350.00000000000006
700.0,12.185495213336072,268.69169645235166,700.0000000000001
700.0,11.815025213336073,439.56092418925783,1750.0
700.0,14.016875213336071,342.70438805062525,213.50000000000003
700.0,12.793625213336073,493.7704975075558,350.00000000000006
700.0,12.185495213336072,705.019764820597,700.0000000000001
700.0,11.815025213336073,1121.2612455882766,1750.0
700.0,12.793625213336073,1001.9064168960432,350.00000000000006
700.0,12.793625213336073,1001.9064168960432,350.00000000000006
700.0,12.185495213336072,1420.3825722463623,700.0000000000001
700.0,11.815025213336073,2249.136193340954,1750.0
700.0,12.185495213336072,2846.0081863516457,700.0000000000001
700.0,12.185495213336072,2846.0081863516457,700.0000000000001
700.0,12.185495213336072,2846.0081863516457,700.0000000000001
700.0,11.815025213336073,4501.5975645019635,1750.0
700.0,14.01883076824838,116.52252632997357,175.00000000000003
700.0,12.79558076824838,180.35254263997203,350.00000000000006
700.0,12.18745076824838,268.69169645235166,700.0000000000001
700.0,11.81698076824838,439.56092418925783,1750.0
700.0,14.01883076824838,268.69169645235166,175.00000000000003
700.0,12.79558076824838,390.86537651581716,350.00000000000006
700.0,12.18745076824838,560.9715351426689,700.0000000000001
700.0,11.81698076824838,895.0401301046024,1750.0
700.0,14.01883076824838,705.019764820597,175.00000000000003
700.0,12.79558076824838,1001.9064168960432,350.00000000000006
700.0,12.18745076824838,1420.3825722463623,700.0000000000001
700.0,11.81698076824838,2249.136193340954,1750.0
700.0,12.79558076824838,2011.1936111590771,350.00000000000006
700.0,12.79558076824838,2011.1936111590771,350.00000000000006
700.0,12.18745076824838,2846.0081863516457,700.0000000000001
700.0,11.81698076824838,4501.5975645019635,1750.0
700.0,12.18745076824838,5694.646978196502,700.0000000000001
700.0,12.18745076824838,5694.646978196502,700.0000000000001
700.0,12.18745076824838,5694.646978196502,700.0000000000001
700.0,11.81698076824838,9004.860023578407,1750.0
700.0,14.024938776974244,342.70438805062525,175.00000000000003
700.0,12.801688776974244,493.7704975075558,350.00000000000006
700.0,12.193558776974243,705.019764820597,700.0000000000001
700.0,11.823088776974243,1121.2612455882766,1750.0
700.0,14.024938776974244,705.019764820597,175.00000000000003
700.0,12.801688776974244,1001.9064168960432,350.00000000000006
700.0,12.193558776974243,1420.3825722463623,700.0000000000001
700.0,11.823088776974243,2249.136193340954,1750.0
700.0,14.024938776974244,1777.0488657245999,175.00000000000003
700.0,12.801688776974244,2515.105994929627,350.00000000000006
700.0,12.193558776974243,3558.299130171461,700.0000000000001
700.0,11.823088776974243,5627.496351963758,1750.0
700.0,12.801688776974244,5033.187218139732,350.00000000000006
700.0,12.801688776974244,5033.187218139732,350.00000000000006
700.0,12.193558776974243,7118.703620014862,700.0000000000001
700.0,11.823088776974243,11256.32484125176,1750.0
700.0,12.193558776974243,14238.46050391269,700.0000000000001
700.0,12.193558776974243,14238.46050391269,700.0000000000001
700.0,12.193558776974243,14238.46050391269,700.0000000000001
700.0,11.823088776974243,22513.315898995657,1750.0
700.0,14.035973594250619,705.019764820597,175.00000000000003
700.0,12.812723594250619,1001.9064168960432,350.00000000000006
700.0,12.20459359425062,1420.3825722463623,700.0000000000001
700.0,11.834123594250618,2249.136193340954,1750.0
700.0,14.035973594250619,1420.3825722463623,175.00000000000003
700.0,12.812723594250619,2011.1936111590771,350.00000000000006
700.0,12.20459359425062,2846.0081863516457,700.0000000000001
700.0,11.834123594250618,4501.5975645019635,1750.0
700.0,14.035973594250619,3558.299130171461,175.00000000000003
700.0,12.812723594250619,5033.187218139732,350.00000000000006
700.0,12.20459359425062,7118.703620014862,700.0000000000001
700.0,11.834123594250618,11256.32484125176,1750.0
700.0,12.812723594250619,10067.863700930095,350.00000000000006
700.0,12.812723594250619,10067.863700930095,350.00000000000006
700.0,12.20459359425062,14238.46050391269,700.0000000000001
700.0,11.834123594250618,22513.315898995657,1750.0
700.0,12.20459359425062,28477.447712819998,700.0000000000001
700.0,12.20459359425062,28477.447712819998,700.0000000000001
700.0,12.20459359425062,28477.447712819998,700.0000000000001
700.0,11.834123594250618,45026.964924720916,1750.0
700.0,14.056105376590146,1277.6090780806646,175.00000000000003
700.0,12.832855376590146,1809.5522147616596,350.00000000000006
700.0,12.224725376590145,2561.0374709930966,700.0000000000001
700.0,11.854255376590146,4051.2035748510643,1750.0
700.0,14.056105376590146,2561.0374709930966,175.00000000000003
700.0,12.832855376590146,3623.23102510313,350.00000000000006
700.0,12.224725376590145,5124.997045387419,700.0000000000001
700.0,11.854255376590146,8104.2568320145165,1750.0
700.0,14.056105376590146,6406.68504246562,175.00000000000003
700.0,12.832855376590146,9060.972509292938,350.00000000000006
700.0,12.224725376590145,12814.540327370067,700.0000000000001
700.0,11.854255376590146,20261.937425276432,1750.0
700.0,12.832855376590146,18122.77259941914,350.00000000000006
700.0,12.832855376590146,18122.77259941914,350.00000000000006
700.0,12.224725376590145,25629.665876164534,700.0000000000001
700.0,11.854255376590146,40524.24498975766,1750.0
700.0,12.224725376590145,51259.6243755694,700.0000000000001
700.0,12.224725376590145,51259.6243755694,700.0000000000001
700.0,12.224725376590145,51259.6243755694,700.0000000000001
700.0,11.854255376590146,81048.67505228723,1750.0
700.0,11.709677745917771,3.1925320935075607,213.50000000000003
700.0,11.64676774591777,6.287059067282356,213.50000000000003
700.0,11.61880774591777,12.207736173174538,280.0
700.0,11.59783774591777,28.18769245792249,700.0000000000001
700.0,11.709677745917771,12.207736173174538,213.50000000000003
700.0,11.64676774591777,23.12364553524069,213.50000000000003
700.0,11.61880774591777,42.11192896719155,280.0
700.0,11.59783774591777,85.60399421965091,700.0000000000001
700.0,11.709677745917771,60.263069756837496,213.50000000000003
700.0,11.64676774591777,100.16713903660487,213.50000000000003
700.0,11.61880774591777,157.46531127640878,280.0
700.0,11.59783774591777,268.6916964523516,700.0000000000001
700.0,11.64676774591777,237.09388006644858,213.50000000000003
700.0,11.64676774591777,237.09388006644858,213.50000000000003
700.0,11.61880774591777,347.09009962944333,280.0
700.0,11.59783774591777,560.9715351426689,700.0000000000001
700.0,11.61880774591777,713.5916516656167,280.0
700.0,11.61880774591777,713.5916516656167,280.0
700.0,11.61880774591777,713.5916516656167,280.0
700.0,11.59783774591777,1134.7407295520659,700.0000000000001
700.0,11.711906904051695,12.207736173174538,106.75000000000001
700.0,11.648996904051696,23.12364553524069,140.0
700.0,11.621036904051696,42.11192896719155,280.0
700.0,11.600066904051696,85.60399421965091,700.0000000000001
700.0,11.711906904051695,42.11192896719155,106.75000000000001
700.0,11.648996904051696,72.71269527150204,140.0
700.0,11.621036904051696,118.37159489726928,280.0
700.0,11.600066904051696,208.60931907073558,700.0000000000001
700.0,11.711906904051695,157.46531127640878,106.75000000000001
700.0,11.648996904051696,237.09388006644858,140.0
700.0,11.621036904051696,347.09009962944333,280.0
700.0,11.600066904051696,560.9715351426689,700.0000000000001
700.0,11.648996904051696,499.8830362959042,140.0
700.0,11.648996904051696,499.8830362959042,140.0
700.0,11.621036904051696,713.5916516656167,280.0
700.0,11.600066904051696,1134.7407295520659,700.0000000000001
700.0,11.621036904051696,1437.4087826364187,280.0
700.0,11.621036904051696,1437.4087826364187,280.0
700.0,11.621036904051696,1437.4087826364187,280.0
700.0,11.600066904051696,2276.0183236970665,700.0000000000001
700.0,11.718869489069197,60.263069756837496,70.0
700.0,11.655959489069197,100.16713903660487,140.0
700.0,11.627999489069197,157.46531127640878,280.0
700.0,11.607029489069198,268.6916964523516,700.0000000000001
700.0,11.718869489069197,157.46531127640878,70.0
700.0,11.655959489069197,237.09388006644858,140.0
700.0,11.627999489069197,347.09009962944333,280.0
700.0,11.607029489069198,560.9715351426689,700.0000000000001
700.0,11.718869489069197,439.56092418925783,70.0
700.0,11.655959489069197,629.0693087220146,140.0
700.0,11.627999489069197,895.0401301046024,280.0
700.0,11.607029489069198,1420.3825722463623,700.0000000000001
700.0,11.655959489069197,1269.6500827437503,140.0
700.0,11.655959489069197,1269.6500827437503,140.0
700.0,11.627999489069197,1798.3133333218777,280.0
700.0,11.607029489069198,2846.0081863516457,700.0000000000001
700.0,11.627999489069197,3600.778825566355,280.0
700.0,11.627999489069197,3600.778825566355,280.0
700.0,11.627999489069197,3600.778825566355,280.0
700.0,11.607029489069198,5694.646978196502,700.0000000000001
700.0,11.731448196285847,157.46531127640878,70.0
700.0,11.668538196285846,237.09388006644858,140.0
700.0,11.640578196285846,347.09009962944333,280.0
700.0,11.619608196285846,560.9715351426689,700.0000000000001
700.0,11.731448196285847,347.09009962944333,70.0
700.0,11.668538196285846,499.8830362959042,140.0
700.0,11.640578196285846,713.5916516656167,280.0
700.0,11.619608196285846,1134.7407295520659,700.0000000000001
700.0,11.731448196285847,895.0401301046024,70.0
700.0,11.668538196285846,1269.6500827437503,140.0
700.0,11.640578196285846,1798.3133333218777,280.0
700.0,11.619608196285846,2846.0081863516457,700.0000000000001
700.0,11.668538196285846,2545.1553223189408,140.0
700.0,11.668538196285846,2545.1553223189408,140.0
700.0,11.640578196285846,3600.778825566355,280.0
700.0,11.619608196285846,5694.646978196502,700.0000000000001
700.0,11.640578196285846,7203.63822839263,280.0
700.0,11.640578196285846,7203.63822839263,280.0
700.0,11.640578196285846,7203.63822839263,280.0
700.0,11.619608196285846,11390.610399303112,700.0000000000001
700.0,11.754396632082816,309.7921166411334,70.0
700.0,11.691486632082817,447.94960670197673,140.0
700.0,11.663526632082817,640.8133827234947,280.0
700.0,11.642556632082817,1020.3518437489198,700.0000000000001
700.0,11.754396632082816,640.8133827234947,70.0
700.0,11.691486632082817,911.5571528827693,140.0
700.0,11.663526632082817,1292.9411945652764,280.0
700.0,11.642556632082817,2047.9546566338452,700.0000000000001
700.0,11.754396632082816,1617.8989476876864,70.0
700.0,11.691486632082817,2290.226446249107,140.0
700.0,11.663526632082817,3240.4082875211093,280.0
700.0,11.642556632082817,5124.997045387419,700.0000000000001
700.0,11.691486632082817,4583.71873959301,140.0
700.0,11.691486632082817,4583.71873959301,140.0
700.0,11.663526632082817,6483.127936069931,280.0
700.0,11.642556632082817,10251.456705991557,700.0000000000001
700.0,11.663526632082817,12967.41232567829,280.0
700.0,11.663526632082817,12967.41232567829,280.0
700.0,11.663526632082817,12967.41232567829,280.0
700.0,11.642556632082817,20503.644915275025,700.0000000000001
700.0,11.82850774591777,3.1925320935075607,213.50000000000003
700.0,11.709677745917771,6.287059067282356,213.50000000000003
700.0,11.64676774591777,12.207736173174538,280.0
700.0,11.61181774591777,28.18769245792249,700.0000000000001
700.0,11.82850774591777,12.207736173174538,213.50000000000003
700.0,11.709677745917771,23.12364553524069,213.50000000000003
700.0,11.64676774591777,42.11192896719155,280.0
700.0,11.61181774591777,85.60399421965091,700.0000000000001
700.0,11.82850774591777,60.263069756837496,213.50000000000003
700.0,11.709677745917771,100.16713903660487,213.50000000000003
700.0,11.64676774591777,157.46531127640878,280.0
700.0,11.61181774591777,268.6916964523516,700.0000000000001
700.0,11.709677745917771,237.09388006644858,213.50000000000003
700.0,11.709677745917771,237.09388006644858,213.50000000000003
700.0,11.64676774591777,347.09009962944333,280.0
700.0,11.61181774591777,560.9715351426689,700.0000000000001
700.0,11.64676774591777,713.5916516656167,280.0
700.0,11.64676774591777,713.5916516656167,280.0
700.0,11.64676774591777,713.5916516656167,280.0
700.0,11.61181774591777,1134.7407295520659,700.0000000000001
700.0,11.830736904051696,12.207736173174538,106.75000000000001
700.0,11.711906904051695,23.12364553524069,140.0
700.0,11.648996904051696,42.11192896719155,280.0
700.0,11.614046904051696,85.60399421965091,700.0000000000001
700.0,11.830736904051696,42.11192896719155,106.75000000000001
700.0,11.711906904051695,72.71269527150204,140.0
700.0,11.648996904051696,118.37159489726928,280.0
700.0,11.614046904051696,208.60931907073558,700.0000000000001
700.0,11.830736904051696,157.46531127640878,106.75000000000001
700.0,11.711906904051695,237.09388006644858,140.0
700.0,11.648996904051696,347.09009962944333,280.0
700.0,11.614046904051696,560.9715351426689,700.0000000000001
700.0,11.711906904051695,499.8830362959042,140.0
700.0,11.711906904051695,499.8830362959042,140.0
700.0,11.648996904051696,713.5916516656167,280.0
700.0,11.614046904051696,1134.7407295520659,700.0000000000001
700.0,11.648996904051696,1437.4087826364187,280.0
700.0,11.648996904051696,1437.4087826364187,280.0
700.0,11.648996904051696,1437.4087826364187,280.0
700.0,11.614046904051696,2276.0183236970665,700.0000000000001
700.0,11.837699489069198,60.263069756837496,70.0
700.0,11.718869489069197,100.16713903660487,140.0
700.0,11.655959489069197,157.46531127640878,280.0
700.0,11.621009489069198,268.6916964523516,700.0000000000001
700.0,11.837699489069198,157.46531127640878,70.0
700.0,11.718869489069197,237.09388006644858,140.0
700.0,11.655959489069197,347.09009962944333,280.0
700.0,11.621009489069198,560.9715351426689,700.0000000000001
700.0,11.837699489069198,439.56092418925783,70.0
700.0,11.718869489069197,629.0693087220146,140.0
700.0,11.655959489069197,895.0401301046024,280.0
700.0,11.621009489069198,1420.3825722463623,700.0000000000001
700.0,11.718869489069197,1269.6500827437503,140.0
700.0,11.718869489069197,1269.6500827437503,140.0
700.0,11.655959489069197,1798.3133333218777,280.0
700.0,11.621009489069198,2846.0081863516457,700.0000000000001
700.0,11.655959489069197,3600.778825566355,280.0
700.0,11.655959489069197,3600.778825566355,280.0
700.0,11.655959489069197,3600.778825566355,280.0
700.0,11.621009489069198,5694.646978196502,700.0000000000001
700.0,11.850278196285846,157.46531127640878,70.0
700.0,11.731448196285847,237.09388006644858,140.0
700.0,11.668538196285846,347.09009962944333,280.0
700.0,11.633588196285846,560.9715351426689,700.0000000000001
700.0,11.850278196285846,347.09009962944333,70.0
700.0,11.731448196285847,499.8830362959042,140.0
700.0,11.668538196285846,713.5916516656167,280.0
700.0,11.633588196285846,1134.7407295520659,700.0000000000001
700.0,11.850278196285846,895.0401301046024,70.0
700.0,11.731448196285847,1269.6500827437503,140.0
700.0,11.668538196285846,1798.3133333218777,280.0
700.0,11.633588196285846,2846.0081863516457,700.0000000000001
700.0,11.731448196285847,2545.1553223189408,140.0
700.0,11.731448196285847,2545.1553223189408,140.0
700.0,11.668538196285846,3600.778825566355,280.0
700.0,11.633588196285846,5694.646978196502,700.0000000000001
700.0,11.668538196285846,7203.63822839263,280.0
700.0,11.668538196285846,7203.63822839263,280.0
700.0,11.668538196285846,7203.63822839263,280.0
700.0,11.633588196285846,11390.610399303112,700.0000000000001
700.0,11.873226632082817,309.7921166411334,70.0
700.0,11.754396632082816,447.94960670197673,140.0
700.0,11.691486632082817,640.8133827234947,280.0
700.0,11.656536632082817,1020.3518437489198,700.0000000000001
700.0,11.873226632082817,640.8133827234947,70.0
700.0,11.754396632082816,911.5571528827693,140.0
700.0,11.691486632082817,1292.9411945652764,280.0
700.0,11.656536632082817,2047.9546566338452,700.0000000000001
700.0,11.873226632082817,1617.8989476876864,70.0
700.0,11.754396632082816,2290.226446249107,140.0
700.0,11.691486632082817,3240.4082875211093,280.0
700.0,11.656536632082817,5124.997045387419,700.0000000000001
700.0,11.754396632082816,4583.71873959301,140.0
700.0,11.754396632082816,4583.71873959301,140.0
700.0,11.691486632082817,6483.127936069931,280.0
700.0,11.656536632082817,10251.456705991557,700.0000000000001
700.0,11.691486632082817,12967.41232567829,280.0
700.0,11.691486632082817,12967.41232567829,280.0
700.0,11.691486632082817,12967.41232567829,280.0
700.0,11.656536632082817,20503.644915275025,700.0000000000001
700.0,12.198977745917771,3.1925320935075607,213.50000000000003
700.0,11.89141774591777,6.287059067282356,213.50000000000003
700.0,11.737637745917771,12.207736173174538,280.0
700.0,11.64676774591777,28.18769245792249,700.0000000000001
700.0,12.198977745917771,12.207736173174538,213.50000000000003
700.0,11.89141774591777,23.12364553524069,213.50000000000003
700.0,11.737637745917771,42.11192896719155,280.0
700.0,11.64676774591777,85.60399421965091,700.0000000000001
700.0,12.198977745917771,60.263069756837496,213.50000000000003
700.0,11.89141774591777,100.16713903660487,213.50000000000003
700.0,11.737637745917771,157.46531127640878,280.0
700.0,11.64676774591777,268.6916964523516,700.0000000000001
700.0,11.89141774591777,237.09388006644858,213.50000000000003
700.0,11.89141774591777,237.09388006644858,213.50000000000003
700.0,11.737637745917771,347.09009962944333,280.0
700.0,11.64676774591777,560.9715351426689,700.0000000000001
700.0,11.737637745917771,713.5916516656167,280.0
700.0,11.737637745917771,713.5916516656167,280.0
700.0,11.737637745917771,713.5916516656167,280.0
700.0,11.64676774591777,1134.7407295520659,700.0000000000001
700.0,12.201206904051695,12.207736173174538,106.75000000000001
700.0,11.893646904051696,23.12364553524069,140.0
700.0,11.739866904051695,42.11192896719155,280.0
700.0,11.648996904051696,85.60399421965091,700.0000000000001
700.0,12.201206904051695,42.11192896719155,106.75000000000001
700.0,11.893646904051696,72.71269527150204,140.0
700.0,11.739866904051695,118.37159489726928,280.0
700.0,11.648996904051696,208.60931907073558,700.0000000000001
700.0,12.201206904051695,157.46531127640878,106.75000000000001
700.0,11.893646904051696,237.09388006644858,140.0
700.0,11.739866904051695,347.09009962944333,280.0
700.0,11.648996904051696,560.9715351426689,700.0000000000001
700.0,11.893646904051696,499.8830362959042,140.0
700.0,11.893646904051696,499.8830362959042,140.0
700.0,11.739866904051695,713.5916516656167,280.0
700.0,11.648996904051696,1134.7407295520659,700.0000000000001
700.0,11.739866904051695,1437.4087826364187,280.0
700.0,11.739866904051695,1437.4087826364187,280.0
700.0,11.739866904051695,1437.4087826364187,280.0
700.0,11.648996904051696,2276.0183236970665,700.0000000000001
700.0,12.208169489069197,60.263069756837496,70.0
700.0,11.900609489069197,100.16713903660487,140.0
700.0,11.746829489069198,157.46531127640878,280.0
700.0,11.655959489069197,268.6916964523516,700.0000000000001
700.0,12.208169489069197,157.46531127640878,70.0
700.0,11.900609489069197,237.09388006644858,140.0
700.0,11.746829489069198,347.09009962944333,280.0
700.0,11.655959489069197,560.9715351426689,700.0000000000001
700.0,12.208169489069197,439.56092418925783,70.0
700.0,11.900609489069197,629.0693087220146,140.0
700.0,11.746829489069198,895.0401301046024,280.0
700.0,11.655959489069197,1420.3825722463623,700.0000000000001
700.0,11.900609489069197,1269.6500827437503,140.0
700.0,11.900609489069197,1269.6500827437503,140.0
700.0,11.746829489069198,1798.3133333218777,280.0
700.0,11.655959489069197,2846.0081863516457,700.0000000000001
700.0,11.746829489069198,3600.778825566355,280.0
700.0,11.746829489069198,3600.778825566355,280.0
700.0,11.746829489069198,3600.778825566355,280.0
700.0,11.655959489069197,5694.646978196502,700.0000000000001
700.0,12.220748196285847,157.46531127640878,70.0
700.0,11.913188196285846,237.09388006644858,140.0
700.0,11.759408196285847,347.09009962944333,280.0
700.0,11.668538196285846,560.9715351426689,700.0000000000001
700.0,12.220748196285847,347.09009962944333,70.0
700.0,11.913188196285846,499.8830362959042,140.0
700.0,11.759408196285847,713.5916516656167,280.0
700.0,11.668538196285846,1134.7407295520659,700.0000000000001
700.0,12.220748196285847,895.0401301046024,70.0
700.0,11.913188196285846,1269.6500827437503,140.0
700.0,11.759408196285847,1798.3133333218777,280.0
700.0,11.668538196285846,2846.0081863516457,700.0000000000001
700.0,11.913188196285846,2545.1553223189408,140.0
700.0,11.913188196285846,2545.1553223189408,140.0
700.0,11.759408196285847,3600.778825566355,280.0
700.0,11.668538196285846,5694.646978196502,700.0000000000001
700.0,11.759408196285847,7203.63822839263,280.0
700.0,11.759408196285847,7203.63822839263,280.0
700.0,11.759408196285847,7203.63822839263,280.0
700.0,11.668538196285846,11390.610399303112,700.0000000000001
700.0,12.243696632082816,309.7921166411334,70.0
700.0,11.936136632082817,447.94960670197673,140.0
700.0,11.782356632082816,640.8133827234947,280.0
700.0,11.691486632082817,1020.3518437489198,700.0000000000001
700.0,12.243696632082816,640.8133827234947,70.0
700.0,11.936136632082817,911.5571528827693,140.0
700.0,11.782356632082816,1292.9411945652764,280.0
700.0,11.691486632082817,2047.9546566338452,700.0000000000001
700.0,12.243696632082816,1617.8989476876864,70.0
700.0,11.936136632082817,2290.226446249107,140.0
700.0,11.782356632082816,3240.4082875211093,280.0
700.0,11.691486632082817,5124.997045387419,700.0000000000001
700.0,11.936136632082817,4583.71873959301,140.0
700.0,11.936136632082817,4583.71873959301,140.0
700.0,11.782356632082816,6483.127936069931,280.0
700.0,11.691486632082817,10251.456705991557,700.0000000000001
700.0,11.782356632082816,12967.41232567829,280.0
700.0,11.782356632082816,12967.41232567829,280.0
700.0,11.782356632082816,12967.41232567829,280.0
700.0,11.691486632082817,20503.644915275025,700.0000000000001
700.0,12.80710774591777,3.1925320935075607,213.50000000000003
700.0,12.198977745917771,6.287059067282356,213.50000000000003
700.0,11.89141774591777,12.207736173174538,280.0
700.0,11.709677745917771,28.18769245792249,700.0000000000001
700.0,12.80710774591777,12.207736173174538,213.50000000000003
700.0,12.198977745917771,23.12364553524069,213.50000000000003
700.0,11.89141774591777,42.11192896719155,280.0
700.0,11.709677745917771,85.60399421965091,700.0000000000001
700.0,12.80710774591777,60.263069756837496,213.50000000000003
700.0,12.198977745917771,100.16713903660487,213.50000000000003
700.0,11.89141774591777,157.46531127640878,280.0
700.0,11.709677745917771,268.6916964523516,700.0000000000001
700.0,12.198977745917771,237.09388006644858,213.50000000000003
700.0,12.198977745917771,237.09388006644858,213.50000000000003
700.0,11.89141774591777,347.09009962944333,280.0
700.0,11.709677745917771,560.9715351426689,700.0000000000001
700.0,11.89141774591777,713.5916516656167,280.0
700.0,11.89141774591777,713.5916516656167,280.0
700.0,11.89141774591777,713.5916516656167,280.0
700.0,11.709677745917771,1134.7407295520659,700.0000000000001
700.0,12.809336904051696,12.207736173174538,106.75000000000001
700.0,12.201206904051695,23.12364553524069,140.0
700.0,11.893646904051696,42.11192896719155,280.0
700.0,11.711906904051695,85.60399421965091,700.0000000000001
700.0,12.809336904051696,42.11192896719155,106.75000000000001
700.0,12.201206904051695,72.71269527150204,140.0
700.0,11.893646904051696,118.37159489726928,280.0
700.0,11.711906904051695,208.60931907073558,700.0000000000001
700.0,12.809336904051696,157.46531127640878,106.75000000000001
700.0,12.201206904051695,237.09388006644858,140.0
700.0,11.893646904051696,347.09009962944333,280.0
700.0,11.711906904051695,560.9715351426689,700.0000000000001
700.0,12.201206904051695,499.8830362959042,140.0
700.0,12.201206904051695,499.8830362959042,140.0
700.0,11.893646904051696,713.5916516656167,280.0
700.0,11.711906904051695,1134.7407295520659,700.0000000000001
700.0,11.893646904051696,1437.4087826364187,280.0
700.0,11.893646904051696,1437.4087826364187,280.0
700.0,11.893646904051696,1437.4087826364187,280.0
700.0,11.711906904051695,2276.0183236970665,700.0000000000001
700.0,12.816299489069198,60.263069756837496,70.0
700.0,12.208169489069197,100.16713903660487,140.0
700.0,11.900609489069197,157.46531127640878,280.0
700.0,11.718869489069197,268.6916964523516,700.0000000000001
700.0,12.816299489069198,157.46531127640878,70.0
700.0,12.208169489069197,237.09388006644858,140.0
700.0,11.900609489069197,347.09009962944333,280.0
700.0,11.718869489069197,560.9715351426689,700.0000000000001
700.0,12.816299489069198,439.56092418925783,70.0
700.0,12.208169489069197,629.0693087220146,140.0
700.0,11.900609489069197,895.0401301046024,280.0
700.0,11.718869489069197,1420.3825722463623,700.0000000000001
700.0,12.208169489069197,1269.6500827437503,140.0
700.0,12.208169489069197,1269.6500827437503,140.0
700.0,11.900609489069197,1798.3133333218777,280.0
700.0,11.718869489069197,2846.0081863516457,700.0000000000001
700.0,11.900609489069197,3600.778825566355,280.0
700.0,11.900609489069197,3600.778825566355,280.0
700.0,11.900609489069197,3600.778825566355,280.0
700.0,11.718869489069197,5694.646978196502,700.0000000000001
700.0,12.828878196285846,157.46531127640878,70.0
700.0,12.220748196285847,237.09388006644858,140.0
700.0,11.913188196285846,347.09009962944333,280.0
700.0,11.731448196285847,560.9715351426689,700.0000000000001
700.0,12.828878196285846,347.09009962944333,70.0
700.0,12.220748196285847,499.8830362959042,140.0
700.0,11.913188196285846,713.5916516656167,280.0
700.0,11.731448196285847,1134.7407295520659,700.0000000000001
700.0,12.828878196285846,895.0401301046024,70.0
700.0,12.220748196285847,1269.6500827437503,140.0
700.0,11.913188196285846,1798.3133333218777,280.0
700.0,11.731448196285847,2846.0081863516457,700.0000000000001
700.0,12.220748196285847,2545.1553223189408,140.0
700.0,12.220748196285847,2545.1553223189408,140.0
700.0,11.913188196285846,3600.778825566355,280.0
700.0,11.731448196285847,5694.646978196502,700.0000000000001
700.0,11.913188196285846,7203.63822839263,280.0
700.0,11.913188196285846,7203.63822839263,280.0
700.0,11.913188196285846,7203.63822839263,280.0
700.0,11.731448196285847,11390.610399303112,700.0000000000001
700.0,12.851826632082815,309.7921166411334,70.0
700.0,12.243696632082816,447.94960670197673,140.0
700.0,11.936136632082817,640.8133827234947,280.0
700.0,11.754396632082816,1020.3518437489198,700.0000000000001
700.0,12.851826632082815,640.8133827234947,70.0
700.0,12.243696632082816,911.5571528827693,140.0
700.0,11.936136632082817,1292.9411945652764,280.0
700.0,11.754396632082816,2047.9546566338452,700.0000000000001
700.0,12.851826632082815,1617.8989476876864,70.0
700.0,12.243696632082816,2290.226446249107,140.0
700.0,11.936136632082817,3240.4082875211093,280.0
700.0,11.754396632082816,5124.997045387419,700.0000000000001
700.0,12.243696632082816,4583.71873959301,140.0
700.0,12.243696632082816,4583.71873959301,140.0
700.0,11.936136632082817,6483.127936069931,280.0
700.0,11.754396632082816,10251.456705991557,700.0000000000001
700.0,11.936136632082817,12967.41232567829,280.0
700.0,11.936136632082817,12967.41232567829,280.0
700.0,11.936136632082817,12967.41232567829,280.0
700.0,11.754396632082816,20503.644915275025,700.0000000000001
700.0,14.03035774591777,3.1925320935075607,213.50000000000003
700.0,12.80710774591777,6.287059067282356,213.50000000000003
700.0,12.198977745917771,12.207736173174538,280.0
700.0,11.82850774591777,28.18769245792249,700.0000000000001
700.0,14.03035774591777,12.207736173174538,213.50000000000003
700.0,12.80710774591777,23.12364553524069,213.50000000000003
700.0,12.198977745917771,42.11192896719155,280.0
700.0,11.82850774591777,85.60399421965091,700.0000000000001
700.0,14.03035774591777,60.263069756837496,213.50000000000003
700.0,12.80710774591777,100.16713903660487,213.50000000000003
700.0,12.198977745917771,157.46531127640878,280.0
700.0,11.82850774591777,268.6916964523516,700.0000000000001
700.0,12.80710774591777,237.09388006644858,213.50000000000003
700.0,12.80710774591777,237.09388006644858,213.50000000000003
700.0,12.198977745917771,347.09009962944333,280.0
700.0,11.82850774591777,560.9715351426689,700.0000000000001
700.0,12.198977745917771,713.5916516656167,280.0
700.0,12.198977745917771,713.5916516656167,280.0
700.0,12.198977745917771,713.5916516656167,280.0
700.0,11.82850774591777,1134.7407295520659,700.0000000000001
700.0,14.032586904051696,12.207736173174538,106.75000000000001
700.0,12.809336904051696,23.12364553524069,140.0
700.0,12.201206904051695,42.11192896719155,280.0
700.0,11.830736904051696,85.60399421965091,700.0000000000001
700.0,14.032586904051696,42.11192896719155,106.75000000000001
700.0,12.809336904051696,72.71269527150204,140.0
700.0,12.201206904051695,118.37159489726928,280.0
700.0,11.830736904051696,208.60931907073558,700.0000000000001
700.0,14.032586904051696,157.46531127640878,106.75000000000001
700.0,12.809336904051696,237.09388006644858,140.0
700.0,12.201206904051695,347.09009962944333,280.0
700.0,11.830736904051696,560.9715351426689,700.0000000000001
700.0,12.809336904051696,499.8830362959042,140.0
700.0,12.809336904051696,499.8830362959042,140.0
700.0,12.201206904051695,713.5916516656167,280.0
700.0,11.830736904051696,1134.7407295520659,700.0000000000001
700.0,12.201206904051695,1437.4087826364187,280.0
700.0,12.201206904051695,1437.4087826364187,280.0
700.0,12.201206904051695,1437.4087826364187,280.0
700.0,11.830736904051696,2276.0183236970665,700.0000000000001
700.0,14.039549489069199,60.263069756837496,70.0
700.0,12.816299489069198,100.16713903660487,140.0
700.0,12.208169489069197,157.46531127640878,280.0
700.0,11.837699489069198,268.6916964523516,700.0000000000001
700.0,14.039549489069199,157.46531127640878,70.0
700.0,12.816299489069198,237.09388006644858,140.0
700.0,12.208169489069197,347.09009962944333,280.0
700.0,11.837699489069198,560.9715351426689,700.0000000000001
700.0,14.039549489069199,439.56092418925783,70.0
700.0,12.816299489069198,629.0693087220146,140.0
700.0,12.208169489069197,895.0401301046024,280.0
700.0,11.837699489069198,1420.3825722463623,700.0000000000001
700.0,12.816299489069198,1269.6500827437503,140.0
700.0,12.816299489069198,1269.6500827437503,140.0
700.0,12.208169489069197,1798.3133333218777,280.0
700.0,11.837699489069198,2846.0081863516457,700.0000000000001
700.0,12.208169489069197,3600.778825566355,280.0
700.0,12.208169489069197,3600.778825566355,280.0
700.0,12.208169489069197,3600.778825566355,280.0
700.0,11.837699489069198,5694.646978196502,700.0000000000001
700.0,14.052128196285846,157.46531127640878,70.0
700.0,12.828878196285846,237.09388006644858,140.0
700.0,12.220748196285847,347.09009962944333,280.0
700.0,11.850278196285846,560.9715351426689,700.0000000000001
700.0,14.052128196285846,347.09009962944333,70.0
700.0,12.828878196285846,499.8830362959042,140.0
700.0,12.220748196285847,713.5916516656167,280.0
700.0,11.850278196285846,1134.7407295520659,700.0000000000001
700.0,14.052128196285846,895.0401301046024,70.0
700.0,12.828878196285846,1269.6500827437503,140.0
700.0,12.220748196285847,1798.3133333218777,280.0
700.0,11.850278196285846,2846.0081863516457,700.0000000000001
700.0,12.828878196285846,2545.1553223189408,140.0
700.0,12.828878196285846,2545.1553223189408,140.0
700.0,12.220748196285847,3600.778825566355,280.0
700.0,11.850278196285846,5694.646978196502,700.0000000000001
700.0,12.220748196285847,7203.63822839263,280.0
700.0,12.220748196285847,7203.63822839263,280.0
700.0,12.220748196285847,7203.63822839263,280.0
700.0,11.850278196285846,11390.610399303112,700.0000000000001
700.0,14.075076632082816,309.7921166411334,70.0
700.0,12.851826632082815,447.94960670197673,140.0
700.0,12.243696632082816,640.8133827234947,280.0
700.0,11.873226632082817,1020.3518437489198,700.0000000000001
700.0,14.075076632082816,640.8133827234947,70.0
700.0,12.851826632082815,911.5571528827693,140.0
700.0,12.243696632082816,1292.9411945652764,280.0
700.0,11.873226632082817,2047.9546566338452,700.0000000000001
700.0,14.075076632082816,1617.8989476876864,70.0
700.0,12.851826632082815,2290.226446249107,140.0
700.0,12.243696632082816,3240.4082875211093,280.0
700.0,11.873226632082817,5124.997045387419,700.0000000000001
700.0,12.851826632082815,4583.71873959301,140.0
700.0,12.851826632082815,4583.71873959301,140.0
700.0,12.243696632082816,6483.127936069931,280.0
700.0,11.873226632082817,10251.456705991557,700.0000000000001
700.0,12.243696632082816,12967.41232567829,280.0
700.0,12.243696632082816,12967.41232567829,280.0
700.0,12.243696632082816,12967.41232567829,280.0
700.0,11.873226632082817,20503.644915275025,700.0000000000001
700.0,17.686127745917773,3.1925320935075607,213.50000000000003
700.0,14.638487745917772,6.287059067282356,213.50000000000003
700.0,13.114667745917771,12.207736173174538,280.0
700.0,12.198977745917771,28.18769245792249,700.0000000000001
700.0,17.686127745917773,12.207736173174538,213.50000000000003
700.0,14.638487745917772,23.12364553524069,213.50000000000003
700.0,13.114667745917771,42.11192896719155,280.0
700.0,12.198977745917771,85.60399421965091,700.0000000000001
700.0,17.686127745917773,60.263069756837496,213.50000000000003
700.0,14.638487745917772,100.16713903660487,213.50000000000003
700.0,13.114667745917771,157.46531127640878,280.0
700.0,12.198977745917771,268.6916964523516,700.0000000000001
700.0,14.638487745917772,237.09388006644858,213.50000000000003
700.0,14.638487745917772,237.09388006644858,213.50000000000003
700.0,13.114667745917771,347.09009962944333,280.0
700.0,12.198977745917771,560.9715351426689,700.0000000000001
700.0,13.114667745917771,713.5916516656167,280.0
700.0,13.114667745917771,713.5916516656167,280.0
700.0,13.114667745917771,713.5916516656167,280.0
700.0,12.198977745917771,1134.7407295520659,700.0000000000001
700.0,17.688356904051695,12.207736173174538,106.75000000000001
700.0,14.640716904051695,23.12364553524069,140.0
700.0,13.116896904051696,42.11192896719155,280.0
700.0,12.201206904051695,85.60399421965091,700.0000000000001
700.0,17.688356904051695,42.11192896719155,106.75000000000001
700.0,14.640716904051695,72.71269527150204,140.0
700.0,13.116896904051696,118.37159489726928,280.0
700.0,12.201206904051695,208.60931907073558,700.0000000000001
700.0,17.688356904051695,157.46531127640878,106.75000000000001
700.0,14.640716904051695,237.09388006644858,140.0
700.0,13.116896904051696,347.09009962944333,280.0
700.0,12.201206904051695,560.9715351426689,700.0000000000001
700.0,14.640716904051695,499.8830362959042,140.0
700.0,14.640716904051695,499.8830362959042,140.0
700.0,13.116896904051696,713.5916516656167,280.0
700.0,12.201206904051695,1134.7407295520659,700.0000000000001
700.0,13.116896904051696,1437.4087826364187,280.0
700.0,13.116896904051696,1437.4087826364187,280.0
700.0,13.116896904051696,1437.4087826364187,280.0
700.0,12.201206904051695,2276.0183236970665,700.0000000000001
700.0,17.6953194890692,60.263069756837496,70.0
700.0,14.647679489069198,100.16713903660487,140.0
700.0,13.123859489069197,157.46531127640878,280.0
700.0,12.208169489069197,268.6916964523516,700.0000000000001
700.0,17.6953194890692,157.46531127640878,70.0
700.0,14.647679489069198,237.09388006644858,140.0
700.0,13.123859489069197,347.09009962944333,280.0
700.0,12.208169489069197,560.9715351426689,700.0000000000001
700.0,17.6953194890692,439.56092418925783,70.0
700.0,14.647679489069198,629.0693087220146,140.0
700.0,13.123859489069197,895.0401301046024,280.0
700.0,12.208169489069197,1420.3825722463623,700.0000000000001
700.0,14.647679489069198,1269.6500827437503,140.0
700.0,14.647679489069198,1269.6500827437503,140.0
700.0,13.123859489069197,1798.3133333218777,280.0
700.0,12.208169489069197,2846.0081863516457,700.0000000000001
700.0,13.123859489069197,3600.778825566355,280.0
700.0,13.123859489069197,3600.778825566355,280.0
700.0,13.123859489069197,3600.778825566355,280.0
700.0,12.208169489069197,5694.646978196502,700.0000000000001
700.0,17.707898196285846,157.46531127640878,70.0
700.0,14.660258196285845,237.09388006644858,140.0
700.0,13.136438196285846,347.09009962944333,280.0
700.0,12.220748196285847,560.9715351426689,700.0000000000001
700.0,17.707898196285846,347.09009962944333,70.0
700.0,14.660258196285845,499.8830362959042,140.0
700.0,13.136438196285846,713.5916516656167,280.0
700.0,12.220748196285847,1134.7407295520659,700.0000000000001
700.0,17.707898196285846,895.0401301046024,70.0
700.0,14.660258196285845,1269.6500827437503,140.0
700.0,13.136438196285846,1798.3133333218777,280.0
700.0,12.220748196285847,2846.0081863516457,700.0000000000001
700.0,14.660258196285845,2545.1553223189408,140.0
700.0,14.660258196285845,2545.1553223189408,140.0
700.0,13.136438196285846,3600.778825566355,280.0
700.0,12.220748196285847,5694.646978196502,700.0000000000001
700.0,13.136438196285846,7203.63822839263,280.0
700.0,13.136438196285846,7203.63822839263,280.0
700.0,13.136438196285846,7203.63822839263,280.0
700.0,12.220748196285847,11390.610399303112,700.0000000000001
700.0,17.730846632082816,309.7921166411334,70.0
700.0,14.683206632082817,447.94960670197673,140.0
700.0,13.159386632082816,640.8133827234947,280.0
700.0,12.243696632082816,1020.3518437489198,700.0000000000001
700.0,17.730846632082816,640.8133827234947,70.0
700.0,14.683206632082817,911.5571528827693,140.0
700.0,13.159386632082816,1292.9411945652764,280.0
700.0,12.243696632082816,2047.9546566338452,700.0000000000001
700.0,17.730846632082816,1617.8989476876864,70.0
700.0,14.683206632082817,2290.226446249107,140.0
700.0,13.159386632082816,3240.4082875211093,280.0
700.0,12.243696632082816,5124.997045387419,700.0000000000001
700.0,14.683206632082817,4583.71873959301,140.0
700.0,14.683206632082817,4583.71873959301,140.0
700.0,13.159386632082816,6483.127936069931,280.0
700.0,12.243696632082816,10251.456705991557,700.0000000000001
700.0,13.159386632082816,12967.41232567829,280.0
700.0,13.159386632082816,12967.41232567829,280.0
700.0,13.159386632082816,12967.41232567829,280.0
700.0,12.243696632082816,20503.644915275025,700.0000000000001
700.0,11.85529939180877,0.4046679051545392,213.50000000000003
700.0,11.736469391808772,0.807706492506518,213.50000000000003
700.0,11.673559391808771,1.6089543225731628,213.50000000000003
700.0,11.638609391808771,3.9750836258219673,350.00000000000006
700.0,11.85529939180877,1.6089543225731628,213.50000000000003
700.0,11.736469391808772,3.1925320935075607,213.50000000000003
700.0,11.673559391808771,6.287059067282356,213.50000000000003
700.0,11.638609391808771,15.045200325573795,350.00000000000006
700.0,11.85529939180877,9.659407828782038,213.50000000000003
700.0,11.736469391808772,18.486765589653004,213.50000000000003
700.0,11.673559391808771,34.2029834199237,213.50000000000003
700.0,11.638609391808771,71.4361571066821,350.00000000000006
700.0,11.736469391808772,60.263069756837496,213.50000000000003
700.0,11.736469391808772,60.263069756837496,213.50000000000003
700.0,11.673559391808771,100.16713903660487,213.50000000000003
700.0,11.638609391808771,180.352542639972,350.00000000000006
700.0,11.673559391808771,237.09388006644858,213.50000000000003
700.0,11.673559391808771,237.09388006644858,213.50000000000003
700.0,11.673559391808771,237.09388006644858,213.50000000000003
700.0,11.638609391808771,390.8653765158171,350.00000000000006
700.0,11.858072237160492,1.6089543225731628,106.75000000000001
700.0,11.739242237160491,3.1925320935075607,106.75000000000001
700.0,11.67633223716049,6.287059067282356,140.0
700.0,11.641382237160492,15.045200325573795,350.00000000000006
700.0,11.858072237160492,6.287059067282356,106.75000000000001
700.0,11.739242237160491,12.207736173174538,106.75000000000001
700.0,11.67633223716049,23.12364553524069,140.0
700.0,11.641382237160492,50.52613872021815,350.00000000000006
700.0,11.858072237160492,34.2029834199237,106.75000000000001
700.0,11.739242237160491,60.263069756837496,106.75000000000001
700.0,11.67633223716049,100.16713903660487,140.0
700.0,11.641382237160492,180.352542639972,350.00000000000006
700.0,11.739242237160491,157.46531127640878,106.75000000000001
700.0,11.739242237160491,157.46531127640878,106.75000000000001
700.0,11.67633223716049,237.09388006644858,140.0
700.0,11.641382237160492,390.8653765158171,350.00000000000006
700.0,11.67633223716049,499.8830362959042,140.0
700.0,11.67633223716049,499.8830362959042,140.0
700.0,11.67633223716049,499.8830362959042,140.0
700.0,11.641382237160492,799.3321075929183,350.00000000000006
700.0,11.86673298276123,9.659407828782038,42.7
700.0,11.74790298276123,18.486765589653004,70.0
700.0,11.68499298276123,34.2029834199237,140.0
700.0,11.65004298276123,71.4361571066821,350.00000000000006
700.0,11.86673298276123,34.2029834199237,42.7
700.0,11.74790298276123,60.263069756837496,70.0
700.0,11.68499298276123,100.16713903660487,140.0
700.0,11.65004298276123,180.352542639972,350.00000000000006
700.0,11.86673298276123,134.80499491513928,42.7
700.0,11.74790298276123,205.75171305062435,70.0
700.0,11.68499298276123,303.75939696368,140.0
700.0,11.65004298276123,493.7704975075558,350.00000000000006
700.0,11.74790298276123,439.56092418925783,70.0
700.0,11.74790298276123,439.56092418925783,70.0
700.0,11.68499298276123,629.0693087220146,140.0
700.0,11.65004298276123,1001.9064168960432,350.00000000000006
700.0,11.68499298276123,1269.6500827437503,140.0
700.0,11.68499298276123,1269.6500827437503,140.0
700.0,11.68499298276123,1269.6500827437503,140.0
700.0,11.65004298276123,2011.1936111590771,350.00000000000006
700.0,11.882379611551501,34.2029834199237,35.0
700.0,11.763549611551502,60.263069756837496,70.0
700.0,11.700639611551502,100.16713903660487,140.0
700.0,11.665689611551501,180.352542639972,350.00000000000006
700.0,11.882379611551501,100.16713903660487,35.0
700.0,11.763549611551502,157.46531127640878,70.0
700.0,11.700639611551502,237.09388006644858,140.0
700.0,11.665689611551501,390.8653765158171,350.00000000000006
700.0,11.882379611551501,303.75939696368,35.0
700.0,11.763549611551502,439.56092418925783,70.0
700.0,11.700639611551502,629.0693087220146,140.0
700.0,11.665689611551501,1001.9064168960432,350.00000000000006
700.0,11.763549611551502,895.0401301046024,70.0
700.0,11.763549611551502,895.0401301046024,70.0
700.0,11.700639611551502,1269.6500827437503,140.0
700.0,11.665689611551501,2011.1936111590771,350.00000000000006
700.0,11.700639611551502,2545.1553223189408,140.0
700.0,11.700639611551502,2545.1553223189408,140.0
700.0,11.700639611551502,2545.1553223189408,140.0
700.0,11.665689611551501,4026.103168559004,350.00000000000006
700.0,11.910925125017094,86.36971911979306,35.0
700.0,11.792095125017093,137.95747717721082,70.0
700.0,11.729185125017095,210.1187108260316,140.0
700.0,11.694235125017094,349.4070382956552,350.00000000000006
700.0,11.910925125017094,210.1187108260316,35.0
700.0,11.792095125017093,309.7921166411334,70.0
700.0,11.729185125017095,447.94960670197673,140.0
700.0,11.694235125017094,718.1215464385513,350.00000000000006
700.0,11.910925125017094,564.5709481262138,35.0
700.0,11.792095125017093,804.3877936601988,70.0
700.0,11.729185125017095,1141.86474103644,140.0
700.0,11.694235125017094,1809.5522147616596,350.00000000000006
700.0,11.792095125017093,1617.8989476876864,70.0
700.0,11.792095125017093,1617.8989476876864,70.0
700.0,11.729185125017095,2290.226446249107,140.0
700.0,11.694235125017094,3623.23102510313,350.00000000000006
700.0,11.729185125017095,4583.71873959301,140.0
700.0,11.729185125017095,4583.71873959301,140.0
700.0,11.729185125017095,4583.71873959301,140.0
700.0,11.694235125017094,7248.529762943168,350.00000000000006
700.0,12.09994939180877,0.4046679051545392,213.50000000000003
700.0,11.85529939180877,0.807706492506518,213.50000000000003
700.0,11.736469391808772,1.6089543225731628,213.50000000000003
700.0,11.659579391808771,3.9750836258219673,350.00000000000006
700.0,12.09994939180877,1.6089543225731628,213.50000000000003
700.0,11.85529939180877,3.1925320935075607,213.50000000000003
700.0,11.736469391808772,6.287059067282356,213.50000000000003
700.0,11.659579391808771,15.045200325573795,350.00000000000006
700.0,12.09994939180877,9.659407828782038,213.50000000000003
700.0,11.85529939180877,18.486765589653004,213.50000000000003
700.0,11.736469391808772,34.2029834199237,213.50000000000003
700.0,11.659579391808771,71.4361571066821,350.00000000000006
700.0,11.85529939180877,60.263069756837496,213.50000000000003
700.0,11.85529939180877,60.263069756837496,213.50000000000003
700.0,11.736469391808772,100.16713903660487,213.50000000000003
700.0,11.659579391808771,180.352542639972,350.00000000000006
700.0,11.736469391808772,237.09388006644858,213.50000000000003
700.0,11.736469391808772,237.09388006644858,213.50000000000003
700.0,11.736469391808772,237.09388006644858,213.50000000000003
700.0,11.659579391808771,390.8653765158171,350.00000000000006
700.0,12.102722237160492,1.6089543225731628,106.75000000000001
700.0,11.858072237160492,3.1925320935075607,106.75000000000001
700.0,11.739242237160491,6.287059067282356,140.0
700.0,11.66235223716049,15.045200325573795,350.00000000000006
700.0,12.102722237160492,6.287059067282356,106.75000000000001
700.0,11.858072237160492,12.207736173174538,106.75000000000001
700.0,11.739242237160491,23.12364553524069,140.0
700.0,11.66235223716049,50.52613872021815,350.00000000000006
700.0,12.102722237160492,34.2029834199237,106.75000000000001
700.0,11.858072237160492,60.263069756837496,106.75000000000001
700.0,11.739242237160491,100.16713903660487,140.0
700.0,11.66235223716049,180.352542639972,350.00000000000006
700.0,11.858072237160492,157.46531127640878,106.75000000000001
700.0,11.858072237160492,157.46531127640878,106.75000000000001
700.0,11.739242237160491,237.09388006644858,140.0
700.0,11.66235223716049,390.8653765158171,350.00000000000006
700.0,11.739242237160491,499.8830362959042,140.0
700.0,11.739242237160491,499.8830362959042,140.0
700.0,11.739242237160491,499.8830362959042,140.0
700.0,11.66235223716049,799.3321075929183,350.00000000000006
700.0,12.11138298276123,9.659407828782038,42.7
700.0,11.86673298276123,18.486765589653004,70.0
700.0,11.74790298276123,34.2029834199237,140.0
700.0,11.67101298276123,71.4361571066821,350.00000000000006
700.0,12.11138298276123,34.2029834199237,42.7
700.0,11.86673298276123,60.263069756837496,70.0
700.0,11.74790298276123,100.16713903660487,140.0
700.0,11.67101298276123,180.352542639972,350.00000000000006
700.0,12.11138298276123,134.80499491513928,42.7
700.0,11.86673298276123,205.75171305062435,70.0
700.0,11.74790298276123,303.75939696368,140.0
700.0,11.67101298276123,493.7704975075558,350.00000000000006
700.0,11.86673298276123,439.56092418925783,70.0
700.0,11.86673298276123,439.56092418925783,70.0
700.0,11.74790298276123,629.0693087220146,140.0
700.0,11.67101298276123,1001.9064168960432,350.00000000000006
700.0,11.74790298276123,1269.6500827437503,140.0
700.0,11.74790298276123,1269.6500827437503,140.0
700.0,11.74790298276123,1269.6500827437503,140.0
700.0,11.67101298276123,2011.1936111590771,350.00000000000006
700.0,12.127029611551501,34.2029834199237,35.0
700.0,11.882379611551501,60.263069756837496,70.0
700.0,11.763549611551502,100.16713903660487,140.0
700.0,11.686659611551502,180.352542639972,350.00000000000006
700.0,12.127029611551501,100.16713903660487,35.0
700.0,11.882379611551501,157.46531127640878,70.0
700.0,11.763549611551502,237.09388006644858,140.0
700.0,11.686659611551502,390.8653765158171,350.00000000000006
700.0,12.127029611551501,303.75939696368,35.0
700.0,11.882379611551501,439.56092418925783,70.0
700.0,11.763549611551502,629.0693087220146,140.0
700.0,11.686659611551502,1001.9064168960432,350.00000000000006
700.0,11.882379611551501,895.0401301046024,70.0
700.0,11.882379611551501,895.0401301046024,70.0
700.0,11.763549611551502,1269.6500827437503,140.0
700.0,11.686659611551502,2011.1936111590771,350.00000000000006
700.0,11.763549611551502,2545.1553223189408,140.0
700.0,11.763549611551502,2545.1553223189408,140.0
700.0,11.763549611551502,2545.1553223189408,140.0
700.0,11.686659611551502,4026.103168559004,350.00000000000006
700.0,12.155575125017094,86.36971911979306,35.0
700.0,11.910925125017094,137.95747717721082,70.0
700.0,11.792095125017093,210.1187108260316,140.0
700.0,11.715205125017095,349.4070382956552,350.00000000000006
700.0,12.155575125017094,210.1187108260316,35.0
700.0,11.910925125017094,309.7921166411334,70.0
700.0,11.792095125017093,447.94960670197673,140.0
700.0,11.715205125017095,718.1215464385513,350.00000000000006
700.0,12.155575125017094,564.5709481262138,35.0
700.0,11.910925125017094,804.3877936601988,70.0
700.0,11.792095125017093,1141.86474103644,140.0
700.0,11.715205125017095,1809.5522147616596,350.00000000000006
700.0,11.910925125017094,1617.8989476876864,70.0
700.0,11.910925125017094,1617.8989476876864,70.0
700.0,11.792095125017093,2290.226446249107,140.0
700.0,11.715205125017095,3623.23102510313,350.00000000000006
700.0,11.792095125017093,4583.71873959301,140.0
700.0,11.792095125017093,4583.71873959301,140.0
700.0,11.792095125017093,4583.71873959301,140.0
700.0,11.715205125017095,7248.529762943168,350.00000000000006
700.0,12.833899391808771,0.4046679051545392,213.50000000000003
700.0,12.225769391808772,0.807706492506518,213.50000000000003
700.0,11.918209391808771,1.6089543225731628,213.50000000000003
700.0,11.736469391808772,3.9750836258219673,350.00000000000006
700.0,12.833899391808771,1.6089543225731628,213.50000000000003
700.0,12.225769391808772,3.1925320935075607,213.50000000000003
700.0,11.918209391808771,6.287059067282356,213.50000000000003
700.0,11.736469391808772,15.045200325573795,350.00000000000006
700.0,12.833899391808771,9.659407828782038,213.50000000000003
700.0,12.225769391808772,18.486765589653004,213.50000000000003
700.0,11.918209391808771,34.2029834199237,213.50000000000003
700.0,11.736469391808772,71.4361571066821,350.00000000000006
700.0,12.225769391808772,60.263069756837496,213.50000000000003
700.0,12.225769391808772,60.263069756837496,213.50000000000003
700.0,11.918209391808771,100.16713903660487,213.50000000000003
700.0,11.736469391808772,180.352542639972,350.00000000000006
700.0,11.918209391808771,237.09388006644858,213.50000000000003
700.0,11.918209391808771,237.09388006644858,213.50000000000003
700.0,11.918209391808771,237.09388006644858,213.50000000000003
700.0,11.736469391808772,390.8653765158171,350.00000000000006
700.0,12.836672237160492,1.6089543225731628,106.75000000000001
700.0,12.228542237160491,3.1925320935075607,106.75000000000001
700.0,11.92098223716049,6.287059067282356,140.0
700.0,11.739242237160491,15.045200325573795,350.00000000000006
700.0,12.836672237160492,6.287059067282356,106.75000000000001
700.0,12.228542237160491,12.207736173174538,106.75000000000001
700.0,11.92098223716049,23.12364553524069,140.0
700.0,11.739242237160491,50.52613872021815,350.00000000000006
700.0,12.836672237160492,34.2029834199237,106.75000000000001
700.0,12.228542237160491,60.263069756837496,106.75000000000001
700.0,11.92098223716049,100.16713903660487,140.0
700.0,11.739242237160491,180.352542639972,350.00000000000006
700.0,12.228542237160491,157.46531127640878,106.75000000000001
700.0,12.228542237160491,157.46531127640878,106.75000000000001
700.0,11.92098223716049,237.09388006644858,140.0
700.0,11.739242237160491,390.8653765158171,350.00000000000006
700.0,11.92098223716049,499.8830362959042,140.0
700.0,11.92098223716049,499.8830362959042,140.0
700.0,11.92098223716049,499.8830362959042,140.0
700.0,11.739242237160491,799.3321075929183,350.00000000000006
700.0,12.84533298276123,9.659407828782038,42.7
700.0,12.23720298276123,18.486765589653004,70.0
700.0,11.92964298276123,34.2029834199237,140.0
700.0,11.74790298276123,71.4361571066821,350.00000000000006
700.0,12.84533298276123,34.2029834199237,42.7
700.0,12.23720298276123,60.263069756837496,70.0
700.0,11.92964298276123,100.16713903660487,140.0
700.0,11.74790298276123,180.352542639972,350.00000000000006
700.0,12.84533298276123,134.80499491513928,42.7
700.0,12.23720298276123,205.75171305062435,70.0
700.0,11.92964298276123,303.75939696368,140.0
700.0,11.74790298276123,493.7704975075558,350.00000000000006
700.0,12.23720298276123,439.56092418925783,70.0
700.0,12.23720298276123,439.56092418925783,70.0
700.0,11.92964298276123,629.0693087220146,140.0
700.0,11.74790298276123,1001.9064168960432,350.00000000000006
700.0,11.92964298276123,1269.6500827437503,140.0
700.0,11.92964298276123,1269.6500827437503,140.0
700.0,11.92964298276123,1269.6500827437503,140.0
700.0,11.74790298276123,2011.1936111590771,350.00000000000006
700.0,12.860979611551501,34.2029834199237,35.0
700.0,12.252849611551502,60.263069756837496,70.0
700.0,11.945289611551502,100.16713903660487,140.0
700.0,11.763549611551502,180.352542639972,350.00000000000006
700.0,12.860979611551501,100.16713903660487,35.0
700.0,12.252849611551502,157.46531127640878,70.0
700.0,11.945289611551502,237.09388006644858,140.0
700.0,11.763549611551502,390.8653765158171,350.00000000000006
700.0,12.860979611551501,303.75939696368,35.0
700.0,12.252849611551502,439.56092418925783,70.0
700.0,11.945289611551502,629.0693087220146,140.0
700.0,11.763549611551502,1001.9064168960432,350.00000000000006
700.0,12.252849611551502,895.0401301046024,70.0
700.0,12.252849611551502,895.0401301046024,70.0
700.0,11.945289611551502,1269.6500827437503,140.0
700.0,11.763549611551502,2011.1936111590771,350.00000000000006
700.0,11.945289611551502,2545.1553223189408,140.0
700.0,11.945289611551502,2545.1553223189408,140.0
700.0,11.945289611551502,2545.1553223189408,140.0
700.0,11.763549611551502,4026.103168559004,350.00000000000006
700.0,12.889525125017094,86.36971911979306,35.0
700.0,12.281395125017093,137.95747717721082,70.0
700.0,11.973835125017095,210.1187108260316,140.0
700.0,11.792095125017093,349.4070382956552,350.00000000000006
700.0,12.889525125017094,210.1187108260316,35.0
700.0,12.281395125017093,309.7921166411334,70.0
700.0,11.973835125017095,447.94960670197673,140.0
700.0,11.792095125017093,718.1215464385513,350.00000000000006
700.0,12.889525125017094,564.5709481262138,35.0
700.0,12.281395125017093,804.3877936601988,70.0
700.0,11.973835125017095,1141.86474103644,140.0
700.0,11.792095125017093,1809.5522147616596,350.00000000000006
700.0,12.281395125017093,1617.8989476876864,70.0
700.0,12.281395125017093,1617.8989476876864,70.0
700.0,11.973835125017095,2290.226446249107,140.0
700.0,11.792095125017093,3623.23102510313,350.00000000000006
700.0,11.973835125017095,4583.71873959301,140.0
700.0,11.973835125017095,4583.71873959301,140.0
700.0,11.973835125017095,4583.71873959301,140.0
700.0,11.792095125017093,7248.529762943168,350.00000000000006
700.0,14.057149391808771,0.4046679051545392,213.50000000000003
700.0,12.833899391808771,0.807706492506518,213.50000000000003
700.0,12.225769391808772,1.6089543225731628,213.50000000000003
700.0,11.85529939180877,3.9750836258219673,350.00000000000006
700.0,14.057149391808771,1.6089543225731628,213.50000000000003
700.0,12.833899391808771,3.1925320935075607,213.50000000000003
700.0,12.225769391808772,6.287059067282356,213.50000000000003
700.0,11.85529939180877,15.045200325573795,350.00000000000006
700.0,14.057149391808771,9.659407828782038,213.50000000000003
700.0,12.833899391808771,18.486765589653004,213.50000000000003
700.0,12.225769391808772,34.2029834199237,213.50000000000003
700.0,11.85529939180877,71.4361571066821,350.00000000000006
700.0,12.833899391808771,60.263069756837496,213.50000000000003
700.0,12.833899391808771,60.263069756837496,213.50000000000003
700.0,12.225769391808772,100.16713903660487,213.50000000000003
700.0,11.85529939180877,180.352542639972,350.00000000000006
700.0,12.225769391808772,237.09388006644858,213.50000000000003
700.0,12.225769391808772,237.09388006644858,213.50000000000003
700.0,12.225769391808772,237.09388006644858,213.50000000000003
700.0,11.85529939180877,390.8653765158171,350.00000000000006
700.0,14.059922237160492,1.6089543225731628,106.75000000000001
700.0,12.836672237160492,3.1925320935075607,106.75000000000001
700.0,12.228542237160491,6.287059067282356,140.0
700.0,11.858072237160492,15.045200325573795,350.00000000000006
700.0,14.059922237160492,6.287059067282356,106.75000000000001
700.0,12.836672237160492,12.207736173174538,106.75000000000001
700.0,12.228542237160491,23.12364553524069,140.0
700.0,11.858072237160492,50.52613872021815,350.00000000000006
700.0,14.059922237160492,34.2029834199237,106.75000000000001
700.0,12.836672237160492,60.263069756837496,106.75000000000001
700.0,12.228542237160491,100.16713903660487,140.0
700.0,11.858072237160492,180.352542639972,350.00000000000006
700.0,12.836672237160492,157.46531127640878,106.75000000000001
700.0,12.836672237160492,157.46531127640878,106.75000000000001
700.0,12.228542237160491,237.09388006644858,140.0
700.0,11.858072237160492,390.8653765158171,350.00000000000006
700.0,12.228542237160491,499.8830362959042,140.0
700.0,12.228542237160491,499.8830362959042,140.0
700.0,12.228542237160491,499.8830362959042,140.0
700.0,11.858072237160492,799.3321075929183,350.00000000000006
700.0,14.06858298276123,9.659407828782038,42.7
700.0,12.84533298276123,18.486765589653004,70.0
700.0,12.23720298276123,34.2029834199237,140.0
700.0,11.86673298276123,71.4361571066821,350.00000000000006
700.0,14.06858298276123,34.2029834199237,42.7
700.0,12.84533298276123,60.263069756837496,70.0
700.0,12.23720298276123,100.16713903660487,140.0
700.0,11.86673298276123,180.352542639972,350.00000000000006
700.0,14.06858298276123,134.80499491513928,42.7
700.0,12.84533298276123,205.75171305062435,70.0
700.0,12.23720298276123,303.75939696368,140.0
700.0,11.86673298276123,493.7704975075558,350.00000000000006
700.0,12.84533298276123,439.56092418925783,70.0
700.0,12.84533298276123,439.56092418925783,70.0
700.0,12.23720298276123,629.0693087220146,140.0
700.0,11.86673298276123,1001.9064168960432,350.00000000000006
700.0,12.23720298276123,1269.6500827437503,140.0
700.0,12.23720298276123,1269.6500827437503,140.0
700.0,12.23720298276123,1269.6500827437503,140.0
700.0,11.86673298276123,2011.1936111590771,350.00000000000006
700.0,14.084229611551502,34.2029834199237,35.0
700.0,12.860979611551501,60.263069756837496,70.0
700.0,12.252849611551502,100.16713903660487,140.0
700.0,11.882379611551501,180.352542639972,350.00000000000006
700.0,14.084229611551502,100.16713903660487,35.0
700.0,12.860979611551501,157.46531127640878,70.0
700.0,12.252849611551502,237.09388006644858,140.0
700.0,11.882379611551501,390.8653765158171,350.00000000000006
700.0,14.084229611551502,303.75939696368,35.0
700.0,12.860979611551501,439.56092418925783,70.0
700.0,12.252849611551502,629.0693087220146,140.0
700.0,11.882379611551501,1001.9064168960432,350.00000000000006
700.0,12.860979611551501,895.0401301046024,70.0
700.0,12.860979611551501,895.0401301046024,70.0
700.0,12.252849611551502,1269.6500827437503,140.0
700.0,11.882379611551501,2011.1936111590771,350.00000000000006
700.0,12.252849611551502,2545.1553223189408,140.0
700.0,12.252849611551502,2545.1553223189408,140.0
700.0,12.252849611551502,2545.1553223189408,140.0
700.0,11.882379611551501,4026.103168559004,350.00000000000006
700.0,14.112775125017095,86.36971911979306,35.0
700.0,12.889525125017094,137.95747717721082,70.0
700.0,12.281395125017093,210.1187108260316,140.0
700.0,11.910925125017094,349.4070382956552,350.00000000000006
700.0,14.112775125017095,210.1187108260316,35.0
700.0,12.889525125017094,309.7921166411334,70.0
700.0,12.281395125017093,447.94960670197673,140.0
700.0,11.910925125017094,718.1215464385513,350.00000000000006
700.0,14.112775125017095,564.5709481262138,35.0
700.0,12.889525125017094,804.3877936601988,70.0
700.0,12.281395125017093,1141.86474103644,140.0
700.0,11.910925125017094,1809.5522147616596,350.00000000000006
700.0,12.889525125017094,1617.8989476876864,70.0
700.0,12.889525125017094,1617.8989476876864,70.0
700.0,12.281395125017093,2290.226446249107,140.0
700.0,11.910925125017094,3623.23102510313,350.00000000000006
700.0,12.281395125017093,4583.71873959301,140.0
700.0,12.281395125017093,4583.71873959301,140.0
700.0,12.281395125017093,4583.71873959301,140.0
700.0,11.910925125017094,7248.529762943168,350.00000000000006
700.0,16.496659391808773,0.4046679051545392,213.50000000000003
700.0,14.057149391808771,0.807706492506518,213.50000000000003
700.0,12.833899391808771,1.6089543225731628,213.50000000000003
700.0,12.09994939180877,3.9750836258219673,350.00000000000006
700.0,16.496659391808773,1.6089543225731628,213.50000000000003
700.0,14.057149391808771,3.1925320935075607,213.50000000000003
700.0,12.833899391808771,6.287059067282356,213.50000000000003
700.0,12.09994939180877,15.045200325573795,350.00000000000006
700.0,16.496659391808773,9.659407828782038,213.50000000000003
700.0,14.057149391808771,18.486765589653004,213.50000000000003
700.0,12.833899391808771,34.2029834199237,213.50000000000003
700.0,12.09994939180877,71.4361571066821,350.00000000000006
700.0,14.057149391808771,60.263069756837496,213.50000000000003
700.0,14.057149391808771,60.263069756837496,213.50000000000003
700.0,12.833899391808771,100.16713903660487,213.50000000000003
700.0,12.09994939180877,180.352542639972,350.00000000000006
700.0,12.833899391808771,237.09388006644858,213.50000000000003
700.0,12.833899391808771,237.09388006644858,213.50000000000003
700.0,12.833899391808771,237.09388006644858,213.50000000000003
700.0,12.09994939180877,390.8653765158171,350.00000000000006
700.0,16.49943223716049,1.6089543225731628,106.75000000000001
700.0,14.059922237160492,3.1925320935075607,106.75000000000001
700.0,12.836672237160492,6.287059067282356,140.0
700.0,12.102722237160492,15.045200325573795,350.00000000000006
700.0,16.49943223716049,6.287059067282356,106.75000000000001
700.0,14.059922237160492,12.207736173174538,106.75000000000001
700.0,12.836672237160492,23.12364553524069,140.0
700.0,12.102722237160492,50.52613872021815,350.00000000000006
700.0,16.49943223716049,34.2029834199237,106.75000000000001
700.0,14.059922237160492,60.263069756837496,106.75000000000001
700.0,12.836672237160492,100.16713903660487,140.0
700.0,12.102722237160492,180.352542639972,350.00000000000006
700.0,14.059922237160492,157.46531127640878,106.75000000000001
700.0,14.059922237160492,157.46531127640878,106.75000000000001
700.0,12.836672237160492,237.09388006644858,140.0
700.0,12.102722237160492,390.8653765158171,350.00000000000006
700.0,12.836672237160492,499.8830362959042,140.0
700.0,12.836672237160492,499.8830362959042,140.0
700.0,12.836672237160492,499.8830362959042,140.0
700.0,12.102722237160492,799.3321075929183,350.00000000000006
700.0,16.50809298276123,9.659407828782038,42.7
700.0,14.06858298276123,18.486765589653004,70.0
700.0,12.84533298276123,34.2029834199237,140.0
700.0,12.11138298276123,71.4361571066821,350.00000000000006
700.0,16.50809298276123,34.2029834199237,42.7
700.0,14.06858298276123,60.263069756837496,70.0
700.0,12.84533298276123,100.16713903660487,140.0
700.0,12.11138298276123,180.352542639972,350.00000000000006
700.0,16.50809298276123,134.80499491513928,42.7
700.0,14.06858298276123,205.75171305062435,70.0
700.0,12.84533298276123,303.75939696368,140.0
700.0,12.11138298276123,493.7704975075558,350.00000000000006
700.0,14.06858298276123,439.56092418925783,70.0
700.0,14.06858298276123,439.56092418925783,70.0
700.0,12.84533298276123,629.0693087220146,140.0
700.0,12.11138298276123,1001.9064168960432,350.00000000000006
700.0,12.84533298276123,1269.6500827437503,140.0
700.0,12.84533298276123,1269.6500827437503,140.0
700.0,12.84533298276123,1269.6500827437503,140.0
700.0,12.11138298276123,2011.1936111590771,350.00000000000006
700.0,16.523739611551502,34.2029834199237,35.0
700.0,14.084229611551502,60.263069756837496,70.0
700.0,12.860979611551501,100.16713903660487,140.0
700.0,12.127029611551501,180.352542639972,350.00000000000006
700.0,16.523739611551502,100.16713903660487,35.0
700.0,14.084229611551502,157.46531127640878,70.0
700.0,12.860979611551501,237.09388006644858,140.0
700.0,12.127029611551501,390.8653765158171,350.00000000000006
700.0,16.523739611551502,303.75939696368,35.0
700.0,14.084229611551502,439.56092418925783,70.0
700.0,12.860979611551501,629.0693087220146,140.0
700.0,12.127029611551501,1001.9064168960432,350.00000000000006
700.0,14.084229611551502,895.0401301046024,70.0
700.0,14.084229611551502,895.0401301046024,70.0
700.0,12.860979611551501,1269.6500827437503,140.0
700.0,12.127029611551501,2011.1936111590771,350.00000000000006
700.0,12.860979611551501,2545.1553223189408,140.0
700.0,12.860979611551501,2545.1553223189408,140.0
700.0,12.860979611551501,2545.1553223189408,140.0
700.0,12.127029611551501,4026.103168559004,350.00000000000006
700.0,16.552285125017093,86.36971911979306,35.0
700.0,14.112775125017095,137.95747717721082,70.0
700.0,12.889525125017094,210.1187108260316,140.0
700.0,12.155575125017094,349.4070382956552,350.00000000000006
700.0,16.552285125017093,210.1187108260316,35.0
700.0,14.112775125017095,309.7921166411334,70.0
700.0,12.889525125017094,447.94960670197673,140.0
700.0,12.155575125017094,718.1215464385513,350.00000000000006
700.0,16.552285125017093,564.5709481262138,35.0
700.0,14.112775125017095,804.3877936601988,70.0
700.0,12.889525125017094,1141.86474103644,140.0
700.0,12.155575125017094,1809.5522147616596,350.00000000000006
700.0,14.112775125017095,1617.8989476876864,70.0
700.0,14.112775125017095,1617.8989476876864,70.0
700.0,12.889525125017094,2290.226446249107,140.0
700.0,12.155575125017094,3623.23102510313,350.00000000000006
700.0,12.889525125017094,4583.71873959301,140.0
700.0,12.889525125017094,4583.71873959301,140.0
700.0,12.889525125017094,4583.71873959301,140.0
700.0,12.155575125017094,7248.529762943168,350.00000000000006
700.0,23.815189391808772,0.4046679051545392,213.50000000000003
700.0,17.71291939180877,0.807706492506518,213.50000000000003
700.0,14.665279391808772,1.6089543225731628,213.50000000000003
700.0,12.833899391808771,3.9750836258219673,350.00000000000006
700.0,23.815189391808772,1.6089543225731628,213.50000000000003
700.0,17.71291939180877,3.1925320935075607,213.50000000000003
700.0,14.665279391808772,6.287059067282356,213.50000000000003
700.0,12.833899391808771,15.045200325573795,350.00000000000006
700.0,23.815189391808772,9.659407828782038,213.50000000000003
700.0,17.71291939180877,18.486765589653004,213.50000000000003
700.0,14.665279391808772,34.2029834199237,213.50000000000003
700.0,12.833899391808771,71.4361571066821,350.00000000000006
700.0,17.71291939180877,60.263069756837496,213.50000000000003
700.0,17.71291939180877,60.263069756837496,213.50000000000003
700.0,14.665279391808772,100.16713903660487,213.50000000000003
700.0,12.833899391808771,180.352542639972,350.00000000000006
700.0,14.665279391808772,237.09388006644858,213.50000000000003
700.0,14.665279391808772,237.09388006644858,213.50000000000003
700.0,14.665279391808772,237.09388006644858,213.50000000000003
700.0,12.833899391808771,390.8653765158171,350.00000000000006
700.0,23.817962237160494,1.6089543225731628,106.75000000000001
700.0,17.715692237160493,3.1925320935075607,106.75000000000001
700.0,14.668052237160492,6.287059067282356,140.0
700.0,12.836672237160492,15.045200325573795,350.00000000000006
700.0,23.817962237160494,6.287059067282356,106.75000000000001
700.0,17.715692237160493,12.207736173174538,106.75000000000001
700.0,14.668052237160492,23.12364553524069,140.0
700.0,12.836672237160492,50.52613872021815,350.00000000000006
700.0,23.817962237160494,34.2029834199237,106.75000000000001
700.0,17.715692237160493,60.263069756837496,106.75000000000001
700.0,14.668052237160492,100.16713903660487,140.0
700.0,12.836672237160492,180.352542639972,350.00000000000006
700.0,17.715692237160493,157.46531127640878,106.75000000000001
700.0,17.715692237160493,157.46531127640878,106.75000000000001
700.0,14.668052237160492,237.09388006644858,140.0
700.0,12.836672237160492,390.8653765158171,350.00000000000006
700.0,14.668052237160492,499.8830362959042,140.0
700.0,14.668052237160492,499.8830362959042,140.0
700.0,14.668052237160492,499.8830362959042,140.0
700.0,12.836672237160492,799.3321075929183,350.00000000000006
700.0,23.82662298276123,9.659407828782038,42.7
700.0,17.724352982761232,18.486765589653004,70.0
700.0,14.67671298276123,34.2029834199237,140.0
700.0,12.84533298276123,71.4361571066821,350.00000000000006
700.0,23.82662298276123,34.2029834199237,42.7
700.0,17.724352982761232,60.263069756837496,70.0
700.0,14.67671298276123,100.16713903660487,140.0
700.0,12.84533298276123,180.352542639972,350.00000000000006
700.0,23.82662298276123,134.80499491513928,42.7
700.0,17.724352982761232,205.75171305062435,70.0
700.0,14.67671298276123,303.75939696368,140.0
700.0,12.84533298276123,493.7704975075558,350.00000000000006
700.0,17.724352982761232,439.56092418925783,70.0
700.0,17.724352982761232,439.56092418925783,70.0
700.0,14.67671298276123,629.0693087220146,140.0
700.0,12.84533298276123,1001.9064168960432,350.00000000000006
700.0,14.67671298276123,1269.6500827437503,140.0
700.0,14.67671298276123,1269.6500827437503,140.0
700.0,14.67671298276123,1269.6500827437503,140.0
700.0,12.84533298276123,2011.1936111590771,350.00000000000006
700.0,23.8422696115515,34.2029834199237,35.0
700.0,17.739999611551504,60.263069756837496,70.0
700.0,14.692359611551502,100.16713903660487,140.0
700.0,12.860979611551501,180.352542639972,350.00000000000006
700.0,23.8422696115515,100.16713903660487,35.0
700.0,17.739999611551504,157.46531127640878,70.0
700.0,14.692359611551502,237.09388006644858,140.0
700.0,12.860979611551501,390.8653765158171,350.00000000000006
700.0,23.8422696115515,303.75939696368,35.0
700.0,17.739999611551504,439.56092418925783,70.0
700.0,14.692359611551502,629.0693087220146,140.0
700.0,12.860979611551501,1001.9064168960432,350.00000000000006
700.0,17.739999611551504,895.0401301046024,70.0
700.0,17.739999611551504,895.0401301046024,70.0
700.0,14.692359611551502,1269.6500827437503,140.0
700.0,12.860979611551501,2011.1936111590771,350.00000000000006
700.0,14.692359611551502,2545.1553223189408,140.0
700.0,14.692359611551502,2545.1553223189408,140.0
700.0,14.692359611551502,2545.1553223189408,140.0
700.0,12.860979611551501,4026.103168559004,350.00000000000006
700.0,23.870815125017096,86.36971911979306,35.0
700.0,17.768545125017095,137.95747717721082,70.0
700.0,14.720905125017094,210.1187108260316,140.0
700.0,12.889525125017094,349.4070382956552,350.00000000000006
700.0,23.870815125017096,210.1187108260316,35.0
700.0,17.768545125017095,309.7921166411334,70.0
700.0,14.720905125017094,447.94960670197673,140.0
700.0,12.889525125017094,718.1215464385513,350.00000000000006
700.0,23.870815125017096,564.5709481262138,35.0
700.0,17.768545125017095,804.3877936601988,70.0
700.0,14.720905125017094,1141.86474103644,140.0
700.0,12.889525125017094,1809.5522147616596,350.00000000000006
700.0,17.768545125017095,1617.8989476876864,70.0
700.0,17.768545125017095,1617.8989476876864,70.0
700.0,14.720905125017094,2290.226446249107,140.0
700.0,12.889525125017094,3623.23102510313,350.00000000000006
700.0,14.720905125017094,4583.71873959301,140.0
700.0,14.720905125017094,4583.71873959301,140.0
700.0,14.720905125017094,4583.71873959301,140.0
700.0,12.889525125017094,7248.529762943168,350.00000000000006
700.0,12.174729704570698,0.05067309881589376,213.50000000000003
700.0,11.930079704570698,0.10132053625703073,213.50000000000003
700.0,11.811249704570699,0.202538543863196,213.50000000000003
700.0,11.734359704570698,0.5055797228964184,213.50000000000003
700.0,12.174729704570698,0.202538543863196,213.50000000000003
700.0,11.930079704570698,0.4046679051545392,213.50000000000003
700.0,11.811249704570699,0.807706492506518,213.50000000000003
700.0,11.734359704570698,2.0071923837587824,213.50000000000003
700.0,12.174729704570698,1.2591956563255085,213.50000000000003
700.0,11.930079704570698,2.5027814309458667,213.50000000000003
700.0,11.811249704570699,4.944826278657294,213.50000000000003
700.0,11.734359704570698,11.937695546577014,213.50000000000003
700.0,11.930079704570698,9.659407828782038,213.50000000000003
700.0,11.930079704570698,9.659407828782038,213.50000000000003
700.0,11.811249704570699,18.486765589653004,213.50000000000003
700.0,11.734359704570698,41.29059432504052,213.50000000000003
700.0,11.811249704570699,60.263069756837496,213.50000000000003
700.0,11.811249704570699,60.263069756837496,213.50000000000003
700.0,11.811249704570699,60.263069756837496,213.50000000000003
700.0,11.734359704570698,116.52252632997354,213.50000000000003
700.0,12.179020078944593,0.202538543863196,106.75000000000001
700.0,11.934370078944593,0.4046679051545392,106.75000000000001
700.0,11.815540078944592,0.807706492506518,106.75000000000001
700.0,11.738650078944591,2.0071923837587824,175.00000000000003
700.0,12.179020078944593,0.807706492506518,106.75000000000001
700.0,11.934370078944593,1.6089543225731628,106.75000000000001
700.0,11.815540078944592,3.1925320935075607,106.75000000000001
700.0,11.738650078944591,7.799648826590337,175.00000000000003
700.0,12.179020078944593,4.944826278657294,106.75000000000001
700.0,11.934370078944593,9.659407828782038,106.75000000000001
700.0,11.815540078944592,18.486765589653004,106.75000000000001
700.0,11.738650078944591,41.29059432504052,175.00000000000003
700.0,11.934370078944593,34.2029834199237,106.75000000000001
700.0,11.934370078944593,34.2029834199237,106.75000000000001
700.0,11.815540078944592,60.263069756837496,106.75000000000001
700.0,11.738650078944591,116.52252632997354,175.00000000000003
700.0,11.815540078944592,157.46531127640878,106.75000000000001
700.0,11.815540078944592,157.46531127640878,106.75000000000001
700.0,11.815540078944592,157.46531127640878,106.75000000000001
700.0,11.738650078944591,268.6916964523516,175.00000000000003
700.0,12.19242069681936,1.2591956563255085,42.7
700.0,11.94777069681936,2.5027814309458667,42.7
700.0,11.82894069681936,4.944826278657294,70.0
700.0,11.75205069681936,11.937695546577014,175.00000000000003
700.0,12.19242069681936,4.944826278657294,42.7
700.0,11.94777069681936,9.659407828782038,42.7
700.0,11.82894069681936,18.486765589653004,70.0
700.0,11.75205069681936,41.29059432504052,175.00000000000003
700.0,12.19242069681936,27.60639712457265,42.7
700.0,11.94777069681936,49.571044910137886,42.7
700.0,11.82894069681936,84.15647290140119,70.0
700.0,11.75205069681936,155.17093291892277,175.00000000000003
700.0,11.94777069681936,134.80499491513928,42.7
700.0,11.94777069681936,134.80499491513928,42.7
700.0,11.82894069681936,205.75171305062435,70.0
700.0,11.75205069681936,342.70438805062525,175.00000000000003
700.0,11.82894069681936,439.56092418925783,70.0
700.0,11.82894069681936,439.56092418925783,70.0
700.0,11.82894069681936,439.56092418925783,70.0
700.0,11.75205069681936,705.019764820597,175.00000000000003
700.0,12.216630447701421,4.944826278657294,21.35
700.0,11.971980447701421,9.659407828782038,35.0
700.0,11.85315044770142,18.486765589653004,70.0
700.0,11.776260447701421,41.29059432504052,175.00000000000003
700.0,12.216630447701421,18.486765589653004,21.35
700.0,11.971980447701421,34.2029834199237,35.0
700.0,11.85315044770142,60.263069756837496,70.0
700.0,11.776260447701421,116.52252632997354,175.00000000000003
700.0,12.216630447701421,84.15647290140119,21.35
700.0,11.971980447701421,134.80499491513928,35.0
700.0,11.85315044770142,205.75171305062435,70.0
700.0,11.776260447701421,342.70438805062525,175.00000000000003
700.0,11.971980447701421,303.75939696368,35.0
700.0,11.971980447701421,303.75939696368,35.0
700.0,11.85315044770142,439.56092418925783,70.0
700.0,11.776260447701421,705.019764820597,175.00000000000003
700.0,11.85315044770142,895.0401301046024,70.0
700.0,11.85315044770142,895.0401301046024,70.0
700.0,11.85315044770142,895.0401301046024,70.0
700.0,11.776260447701421,1420.3825722463623,175.00000000000003
700.0,12.260798413789564,15.219995549321334,17.5
700.0,12.016148413789564,28.496448270338302,35.0
700.0,11.897318413789565,51.0323645679437,70.0
700.0,11.820428413789564,101.0293728253052,175.00000000000003
700.0,12.260798413789564,51.0323645679437,17.5
700.0,12.016148413789564,86.36971911979306,35.0
700.0,11.897318413789565,137.95747717721082,70.0
700.0,11.820428413789564,238.76803307891052,175.00000000000003
700.0,12.260798413789564,181.69826467590846,17.5
700.0,12.016148413789564,270.5491926620619,35.0
700.0,11.897318413789565,393.44176450491966,70.0
700.0,11.820428413789564,633.0828448025218,175.00000000000003
700.0,12.016148413789564,564.5709481262138,35.0
700.0,12.016148413789564,564.5709481262138,35.0
700.0,11.897318413789565,804.3877936601988,70.0
700.0,11.820428413789564,1277.6090780806646,175.00000000000003
700.0,11.897318413789565,1617.8989476876864,70.0
700.0,11.897318413789565,1617.8989476876864,70.0
700.0,11.897318413789565,1617.8989476876864,70.0
700.0,11.820428413789564,2561.0374709930966,175.00000000000003
700.0,12.664029704570698,0.05067309881589376,213.50000000000003
700.0,12.174729704570698,0.10132053625703073,213.50000000000003
700.0,11.930079704570698,0.202538543863196,213.50000000000003
700.0,11.783289704570699,0.5055797228964184,213.50000000000003
700.0,12.664029704570698,0.202538543863196,213.50000000000003
700.0,12.174729704570698,0.4046679051545392,213.50000000000003
700.0,11.930079704570698,0.807706492506518,213.50000000000003
700.0,11.783289704570699,2.0071923837587824,213.50000000000003
700.0,12.664029704570698,1.2591956563255085,213.50000000000003
700.0,12.174729704570698,2.5027814309458667,213.50000000000003
700.0,11.930079704570698,4.944826278657294,213.50000000000003
700.0,11.783289704570699,11.937695546577014,213.50000000000003
700.0,12.174729704570698,9.659407828782038,213.50000000000003
700.0,12.174729704570698,9.659407828782038,213.50000000000003
700.0,11.930079704570698,18.486765589653004,213.50000000000003
700.0,11.783289704570699,41.29059432504052,213.50000000000003
700.0,11.930079704570698,60.263069756837496,213.50000000000003
700.0,11.930079704570698,60.263069756837496,213.50000000000003
700.0,11.930079704570698,60.263069756837496,213.50000000000003
700.0,11.783289704570699,116.52252632997354,213.50000000000003
700.0,12.668320078944593,0.202538543863196,106.75000000000001
700.0,12.179020078944593,0.4046679051545392,106.75000000000001
700.0,11.934370078944593,0.807706492506518,106.75000000000001
700.0,11.787580078944591,2.0071923837587824,175.00000000000003
700.0,12.668320078944593,0.807706492506518,106.75000000000001
700.0,12.179020078944593,1.6089543225731628,106.75000000000001
700.0,11.934370078944593,3.1925320935075607,106.75000000000001
700.0,11.787580078944591,7.799648826590337,175.00000000000003
700.0,12.668320078944593,4.944826278657294,106.75000000000001
700.0,12.179020078944593,9.659407828782038,106.75000000000001
700.0,11.934370078944593,18.486765589653004,106.75000000000001
700.0,11.787580078944591,41.29059432504052,175.00000000000003
700.0,12.179020078944593,34.2029834199237,106.75000000000001
700.0,12.179020078944593,34.2029834199237,106.75000000000001
700.0,11.934370078944593,60.263069756837496,106.75000000000001
700.0,11.787580078944591,116.52252632997354,175.00000000000003
700.0,11.934370078944593,157.46531127640878,106.75000000000001
700.0,11.934370078944593,157.46531127640878,106.75000000000001
700.0,11.934370078944593,157.46531127640878,106.75000000000001
700.0,11.787580078944591,268.6916964523516,175.00000000000003
700.0,12.68172069681936,1.2591956563255085,42.7
700.0,12.19242069681936,2.5027814309458667,42.7
700.0,11.94777069681936,4.944826278657294,70.0
700.0,11.80098069681936,11.937695546577014,175.00000000000003
700.0,12.68172069681936,4.944826278657294,42.7
700.0,12.19242069681936,9.659407828782038,42.7
700.0,11.94777069681936,18.486765589653004,70.0
700.0,11.80098069681936,41.29059432504052,175.00000000000003
700.0,12.68172069681936,27.60639712457265,42.7
700.0,12.19242069681936,49.571044910137886,42.7
700.0,11.94777069681936,84.15647290140119,70.0
700.0,11.80098069681936,155.17093291892277,175.00000000000003
700.0,12.19242069681936,134.80499491513928,42.7
700.0,12.19242069681936,134.80499491513928,42.7
700.0,11.94777069681936,205.75171305062435,70.0
700.0,11.80098069681936,342.70438805062525,175.00000000000003
700.0,11.94777069681936,439.56092418925783,70.0
700.0,11.94777069681936,439.56092418925783,70.0
700.0,11.94777069681936,439.56092418925783,70.0
700.0,11.80098069681936,705.019764820597,175.00000000000003
700.0,12.705930447701421,4.944826278657294,21.35
700.0,12.216630447701421,9.659407828782038,35.0
700.0,11.971980447701421,18.486765589653004,70.0
700.0,11.825190447701422,41.29059432504052,175.00000000000003
700.0,12.705930447701421,18.486765589653004,21.35
700.0,12.216630447701421,34.2029834199237,35.0
700.0,11.971980447701421,60.263069756837496,70.0
700.0,11.825190447701422,116.52252632997354,175.00000000000003
700.0,12.705930447701421,84.15647290140119,21.35
700.0,12.216630447701421,134.80499491513928,35.0
700.0,11.971980447701421,205.75171305062435,70.0
700.0,11.825190447701422,342.70438805062525,175.00000000000003
700.0,12.216630447701421,303.75939696368,35.0
700.0,12.216630447701421,303.75939696368,35.0
700.0,11.971980447701421,439.56092418925783,70.0
700.0,11.825190447701422,705.019764820597,175.00000000000003
700.0,11.971980447701421,895.0401301046024,70.0
700.0,11.971980447701421,895.0401301046024,70.0
700.0,11.971980447701421,895.0401301046024,70.0
700.0,11.825190447701422,1420.3825722463623,175.00000000000003
700.0,12.750098413789564,15.219995549321334,17.5
700.0,12.260798413789564,28.496448270338302,35.0
700.0,12.016148413789564,51.0323645679437,70.0
700.0,11.869358413789564,101.0293728253052,175.00000000000003
700.0,12.750098413789564,51.0323645679437,17.5
700.0,12.260798413789564,86.36971911979306,35.0
700.0,12.016148413789564,137.95747717721082,70.0
700.0,11.869358413789564,238.76803307891052,175.00000000000003
700.0,12.750098413789564,181.69826467590846,17.5
700.0,12.260798413789564,270.5491926620619,35.0
700.0,12.016148413789564,393.44176450491966,70.0
700.0,11.869358413789564,633.0828448025218,175.00000000000003
700.0,12.260798413789564,564.5709481262138,35.0
700.0,12.260798413789564,564.5709481262138,35.0
700.0,12.016148413789564,804.3877936601988,70.0
700.0,11.869358413789564,1277.6090780806646,175.00000000000003
700.0,12.016148413789564,1617.8989476876864,70.0
700.0,12.016148413789564,1617.8989476876864,70.0
700.0,12.016148413789564,1617.8989476876864,70.0
700.0,11.869358413789564,2561.0374709930966,175.00000000000003
700.0,14.131929704570698,0.05067309881589376,213.50000000000003
700.0,12.908679704570698,0.10132053625703073,213.50000000000003
700.0,12.300549704570697,0.202538543863196,213.50000000000003
700.0,11.930079704570698,0.5055797228964184,213.50000000000003
700.0,14.131929704570698,0.202538543863196,213.50000000000003
700.0,12.908679704570698,0.4046679051545392,213.50000000000003
700.0,12.300549704570697,0.807706492506518,213.50000000000003
700.0,11.930079704570698,2.0071923837587824,213.50000000000003
700.0,14.131929704570698,1.2591956563255085,213.50000000000003
700.0,12.908679704570698,2.5027814309458667,213.50000000000003
700.0,12.300549704570697,4.944826278657294,213.50000000000003
700.0,11.930079704570698,11.937695546577014,213.50000000000003
700.0,12.908679704570698,9.659407828782038,213.50000000000003
700.0,12.908679704570698,9.659407828782038,213.50000000000003
700.0,12.300549704570697,18.486765589653004,213.50000000000003
700.0,11.930079704570698,41.29059432504052,213.50000000000003
700.0,12.300549704570697,60.263069756837496,213.50000000000003
700.0,12.300549704570697,60.263069756837496,213.50000000000003
700.0,12.300549704570697,60.263069756837496,213.50000000000003
700.0,11.930079704570698,116.52252632997354,213.50000000000003
700.0,14.136220078944593,0.202538543863196,106.75000000000001
700.0,12.912970078944593,0.4046679051545392,106.75000000000001
700.0,12.304840078944592,0.807706492506518,106.75000000000001
700.0,11.934370078944593,2.0071923837587824,175.00000000000003
700.0,14.136220078944593,0.807706492506518,106.75000000000001
700.0,12.912970078944593,1.6089543225731628,106.75000000000001
700.0,12.304840078944592,3.1925320935075607,106.75000000000001
700.0,11.934370078944593,7.799648826590337,175.00000000000003
700.0,14.136220078944593,4.944826278657294,106.75000000000001
700.0,12.912970078944593,9.659407828782038,106.75000000000001
700.0,12.304840078944592,18.486765589653004,106.75000000000001
700.0,11.934370078944593,41.29059432504052,175.00000000000003
700.0,12.912970078944593,34.2029834199237,106.75000000000001
700.0,12.912970078944593,34.2029834199237,106.75000000000001
700.0,12.304840078944592,60.263069756837496,106.75000000000001
700.0,11.934370078944593,116.52252632997354,175.00000000000003
700.0,12.304840078944592,157.46531127640878,106.75000000000001
700.0,12.304840078944592,157.46531127640878,106.75000000000001
700.0,12.304840078944592,157.46531127640878,106.75000000000001
700.0,11.934370078944593,268.6916964523516,175.00000000000003
700.0,14.14962069681936,1.2591956563255085,42.7
700.0,12.92637069681936,2.5027814309458667,42.7
700.0,12.31824069681936,4.944826278657294,70.0
700.0,11.94777069681936,11.937695546577014,175.00000000000003
700.0,14.14962069681936,4.944826278657294,42.7
700.0,12.92637069681936,9.659407828782038,42.7
700.0,12.31824069681936,18.486765589653004,70.0
700.0,11.94777069681936,41.29059432504052,175.00000000000003
700.0,14.14962069681936,27.60639712457265,42.7
700.0,12.92637069681936,49.571044910137886,42.7
700.0,12.31824069681936,84.15647290140119,70.0
700.0,11.94777069681936,155.17093291892277,175.00000000000003
700.0,12.92637069681936,134.80499491513928,42.7
700.0,12.92637069681936,134.80499491513928,42.7
700.0,12.31824069681936,205.75171305062435,70.0
700.0,11.94777069681936,342.70438805062525,175.00000000000003
700.0,12.31824069681936,439.56092418925783,70.0
700.0,12.31824069681936,439.56092418925783,70.0
700.0,12.31824069681936,439.56092418925783,70.0
700.0,11.94777069681936,705.019764820597,175.00000000000003
700.0,14.173830447701421,4.944826278657294,21.35
700.0,12.950580447701421,9.659407828782038,35.0
700.0,12.34245044770142,18.486765589653004,70.0
700.0,11.971980447701421,41.29059432504052,175.00000000000003
700.0,14.173830447701421,18.486765589653004,21.35
700.0,12.950580447701421,34.2029834199237,35.0
700.0,12.34245044770142,60.263069756837496,70.0
700.0,11.971980447701421,116.52252632997354,175.00000000000003
700.0,14.173830447701421,84.15647290140119,21.35
700.0,12.950580447701421,134.80499491513928,35.0
700.0,12.34245044770142,205.75171305062435,70.0
700.0,11.971980447701421,342.70438805062525,175.00000000000003
700.0,12.950580447701421,303.75939696368,35.0
700.0,12.950580447701421,303.75939696368,35.0
700.0,12.34245044770142,439.56092418925783,70.0
700.0,11.971980447701421,705.019764820597,175.00000000000003
700.0,12.34245044770142,895.0401301046024,70.0
700.0,12.34245044770142,895.0401301046024,70.0
700.0,12.34245044770142,895.0401301046024,70.0
700.0,11.971980447701421,1420.3825722463623,175.00000000000003
700.0,14.217998413789564,15.219995549321334,17.5
700.0,12.994748413789564,28.496448270338302,35.0
700.0,12.386618413789565,51.0323645679437,70.0
700.0,12.016148413789564,101.0293728253052,175.00000000000003
700.0,14.217998413789564,51.0323645679437,17.5
700.0,12.994748413789564,86.36971911979306,35.0
700.0,12.386618413789565,137.95747717721082,70.0
700.0,12.016148413789564,238.76803307891052,175.00000000000003
700.0,14.217998413789564,181.69826467590846,17.5
700.0,12.994748413789564,270.5491926620619,35.0
700.0,12.386618413789565,393.44176450491966,70.0
700.0,12.016148413789564,633.0828448025218,175.00000000000003
700.0,12.994748413789564,564.5709481262138,35.0
700.0,12.994748413789564,564.5709481262138,35.0
700.0,12.386618413789565,804.3877936601988,70.0
700.0,12.016148413789564,1277.6090780806646,175.00000000000003
700.0,12.386618413789565,1617.8989476876864,70.0
700.0,12.386618413789565,1617.8989476876864,70.0
700.0,12.386618413789565,1617.8989476876864,70.0
700.0,12.016148413789564,2561.0374709930966,175.00000000000003
700.0,16.5714397045707,0.05067309881589376,213.50000000000003
700.0,14.131929704570698,0.10132053625703073,213.50000000000003
700.0,12.908679704570698,0.202538543863196,213.50000000000003
700.0,12.174729704570698,0.5055797228964184,213.50000000000003
700.0,16.5714397045707,0.202538543863196,213.50000000000003
700.0,14.131929704570698,0.4046679051545392,213.50000000000003
700.0,12.908679704570698,0.807706492506518,213.50000000000003
700.0,12.174729704570698,2.0071923837587824,213.50000000000003
700.0,16.5714397045707,1.2591956563255085,213.50000000000003
700.0,14.131929704570698,2.5027814309458667,213.50000000000003
700.0,12.908679704570698,4.944826278657294,213.50000000000003
700.0,12.174729704570698,11.937695546577014,213.50000000000003
700.0,14.131929704570698,9.659407828782038,213.50000000000003
700.0,14.131929704570698,9.659407828782038,213.50000000000003
700.0,12.908679704570698,18.486765589653004,213.50000000000003
700.0,12.174729704570698,41.29059432504052,213.50000000000003
700.0,12.908679704570698,60.263069756837496,213.50000000000003
700.0,12.908679704570698,60.263069756837496,213.50000000000003
700.0,12.908679704570698,60.263069756837496,213.50000000000003
700.0,12.174729704570698,116.52252632997354,213.50000000000003
700.0,16.575730078944595,0.202538543863196,106.75000000000001
700.0,14.136220078944593,0.4046679051545392,106.75000000000001
700.0,12.912970078944593,0.807706492506518,106.75000000000001
700.0,12.179020078944593,2.0071923837587824,175.00000000000003
700.0,16.575730078944595,0.807706492506518,106.75000000000001
700.0,14.136220078944593,1.6089543225731628,106.75000000000001
700.0,12.912970078944593,3.1925320935075607,106.75000000000001
700.0,12.179020078944593,7.799648826590337,175.00000000000003
700.0,16.575730078944595,4.944826278657294,106.75000000000001
700.0,14.136220078944593,9.659407828782038,106.75000000000001
700.0,12.912970078944593,18.486765589653004,106.75000000000001
700.0,12.179020078944593,41.29059432504052,175.00000000000003
700.0,14.136220078944593,34.2029834199237,106.75000000000001
700.0,14.136220078944593,34.2029834199237,106.75000000000001
700.0,12.912970078944593,60.263069756837496,106.75000000000001
700.0,12.179020078944593,116.52252632997354,175.00000000000003
700.0,12.912970078944593,157.46531127640878,106.75000000000001
700.0,12.912970078944593,157.46531127640878,106.75000000000001
700.0,12.912970078944593,157.46531127640878,106.75000000000001
700.0,12.179020078944593,268.6916964523516,175.00000000000003
700.0,16.58913069681936,1.2591956563255085,42.7
700.0,14.14962069681936,2.5027814309458667,42.7
700.0,12.92637069681936,4.944826278657294,70.0
700.0,12.19242069681936,11.937695546577014,175.00000000000003
700.0,16.58913069681936,4.944826278657294,42.7
700.0,14.14962069681936,9.659407828782038,42.7
700.0,12.92637069681936,18.486765589653004,70.0
700.0,12.19242069681936,41.29059432504052,175.00000000000003
700.0,16.58913069681936,27.60639712457265,42.7
700.0,14.14962069681936,49.571044910137886,42.7
700.0,12.92637069681936,84.15647290140119,70.0
700.0,12.19242069681936,155.17093291892277,175.00000000000003
700.0,14.14962069681936,134.80499491513928,42.7
700.0,14.14962069681936,134.80499491513928,42.7
700.0,12.92637069681936,205.75171305062435,70.0
700.0,12.19242069681936,342.70438805062525,175.00000000000003
700.0,12.92637069681936,439.56092418925783,70.0
700.0,12.92637069681936,439.56092418925783,70.0
700.0,12.92637069681936,439.56092418925783,70.0
700.0,12.19242069681936,705.019764820597,175.00000000000003
700.0,16.61334044770142,4.944826278657294,21.35
700.0,14.173830447701421,9.659407828782038,35.0
700.0,12.950580447701421,18.486765589653004,70.0
700.0,12.216630447701421,41.29059432504052,175.00000000000003
700.0,16.61334044770142,18.486765589653004,21.35
700.0,14.173830447701421,34.2029834199237,35.0
700.0,12.950580447701421,60.263069756837496,70.0
700.0,12.216630447701421,116.52252632997354,175.00000000000003
700.0,16.61334044770142,84.15647290140119,21.35
700.0,14.173830447701421,134.80499491513928,35.0
700.0,12.950580447701421,205.75171305062435,70.0
700.0,12.216630447701421,342.70438805062525,175.00000000000003
700.0,14.173830447701421,303.75939696368,35.0
700.0,14.173830447701421,303.75939696368,35.0
700.0,12.950580447701421,439.56092418925783,70.0
700.0,12.216630447701421,705.019764820597,175.00000000000003
700.0,12.950580447701421,895.0401301046024,70.0
700.0,12.950580447701421,895.0401301046024,70.0
700.0,12.950580447701421,895.0401301046024,70.0
700.0,12.216630447701421,1420.3825722463623,175.00000000000003
700.0,16.657508413789564,15.219995549321334,17.5
700.0,14.217998413789564,28.496448270338302,35.0
700.0,12.994748413789564,51.0323645679437,70.0
700.0,12.260798413789564,101.0293728253052,175.00000000000003
700.0,16.657508413789564,51.0323645679437,17.5
700.0,14.217998413789564,86.36971911979306,35.0
700.0,12.994748413789564,137.95747717721082,70.0
700.0,12.260798413789564,238.76803307891052,175.00000000000003
700.0,16.657508413789564,181.69826467590846,17.5
700.0,14.217998413789564,270.5491926620619,35.0
700.0,12.994748413789564,393.44176450491966,70.0
700.0,12.260798413789564,633.0828448025218,175.00000000000003
700.0,14.217998413789564,564.5709481262138,35.0
700.0,14.217998413789564,564.5709481262138,35.0
700.0,12.994748413789564,804.3877936601988,70.0
700.0,12.260798413789564,1277.6090780806646,175.00000000000003
700.0,12.994748413789564,1617.8989476876864,70.0
700.0,12.994748413789564,1617.8989476876864,70.0
700.0,12.994748413789564,1617.8989476876864,70.0
700.0,12.260798413789564,2561.0374709930966,175.00000000000003
700.0,21.450459704570697,0.05067309881589376,213.50000000000003
700.0,16.5714397045707,0.10132053625703073,213.50000000000003
700.0,14.131929704570698,0.202538543863196,213.50000000000003
700.0,12.664029704570698,0.5055797228964184,213.50000000000003
700.0,21.450459704570697,0.202538543863196,213.50000000000003
700.0,16.5714397045707,0.4046679051545392,213.50000000000003
700.0,14.131929704570698,0.807706492506518,213.50000000000003
700.0,12.664029704570698,2.0071923837587824,213.50000000000003
700.0,21.450459704570697,1.2591956563255085,213.50000000000003
700.0,16.5714397045707,2.5027814309458667,213.50000000000003
700.0,14.131929704570698,4.944826278657294,213.50000000000003
700.0,12.664029704570698,11.937695546577014,213.50000000000003
700.0,16.5714397045707,9.659407828782038,213.50000000000003
700.0,16.5714397045707,9.659407828782038,213.50000000000003
700.0,14.131929704570698,18.486765589653004,213.50000000000003
700.0,12.664029704570698,41.29059432504052,213.50000000000003
700.0,14.131929704570698,60.263069756837496,213.50000000000003
700.0,14.131929704570698,60.263069756837496,213.50000000000003
700.0,14.131929704570698,60.263069756837496,213.50000000000003
700.0,12.664029704570698,116.52252632997354,213.50000000000003
700.0,21.454750078944592,0.202538543863196,106.75000000000001
700.0,16.575730078944595,0.4046679051545392,106.75000000000001
700.0,14.136220078944593,0.807706492506518,106.75000000000001
700.0,12.668320078944593,2.0071923837587824,175.00000000000003
700.0,21.454750078944592,0.807706492506518,106.75000000000001
700.0,16.575730078944595,1.6089543225731628,106.75000000000001
700.0,14.136220078944593,3.1925320935075607,106.75000000000001
700.0,12.668320078944593,7.799648826590337,175.00000000000003
700.0,21.454750078944592,4.944826278657294,106.75000000000001
700.0,16.575730078944595,9.659407828782038,106.75000000000001
700.0,14.136220078944593,18.486765589653004,106.75000000000001
700.0,12.668320078944593,41.29059432504052,175.00000000000003
700.0,16.575730078944595,34.2029834199237,106.75000000000001
700.0,16.575730078944595,34.2029834199237,106.75000000000001
700.0,14.136220078944593,60.263069756837496,106.75000000000001
700.0,12.668320078944593,116.52252632997354,175.00000000000003
700.0,14.136220078944593,157.46531127640878,106.75000000000001
700.0,14.136220078944593,157.46531127640878,106.75000000000001
700.0,14.136220078944593,157.46531127640878,106.75000000000001
700.0,12.668320078944593,268.6916964523516,175.00000000000003
700.0,21.46815069681936,1.2591956563255085,42.7
700.0,16.58913069681936,2.5027814309458667,42.7
700.0,14.14962069681936,4.944826278657294,70.0
700.0,12.68172069681936,11.937695546577014,175.00000000000003
700.0,21.46815069681936,4.944826278657294,42.7
700.0,16.58913069681936,9.659407828782038,42.7
700.0,14.14962069681936,18.486765589653004,70.0
700.0,12.68172069681936,41.29059432504052,175.00000000000003
700.0,21.46815069681936,27.60639712457265,42.7
700.0,16.58913069681936,49.571044910137886,42.7
700.0,14.14962069681936,84.15647290140119,70.0
700.0,12.68172069681936,155.17093291892277,175.00000000000003
700.0,16.58913069681936,134.80499491513928,42.7
700.0,16.58913069681936,134.80499491513928,42.7
700.0,14.14962069681936,205.75171305062435,70.0
700.0,12.68172069681936,342.70438805062525,175.00000000000003
700.0,14.14962069681936,439.56092418925783,70.0
700.0,14.14962069681936,439.56092418925783,70.0
700.0,14.14962069681936,439.56092418925783,70.0
700.0,12.68172069681936,705.019764820597,175.00000000000003
700.0,21.492360447701422,4.944826278657294,21.35
700.0,16.61334044770142,9.659407828782038,35.0
700.0,14.173830447701421,18.486765589653004,70.0
700.0,12.705930447701421,41.29059432504052,175.00000000000003
700.0,21.492360447701422,18.486765589653004,21.35
700.0,16.61334044770142,34.2029834199237,35.0
700.0,14.173830447701421,60.263069756837496,70.0
700.0,12.705930447701421,116.52252632997354,175.00000000000003
700.0,21.492360447701422,84.15647290140119,21.35
700.0,16.61334044770142,134.80499491513928,35.0
700.0,14.173830447701421,205.75171305062435,70.0
700.0,12.705930447701421,342.70438805062525,175.00000000000003
700.0,16.61334044770142,303.75939696368,35.0
700.0,16.61334044770142,303.75939696368,35.0
700.0,14.173830447701421,439.56092418925783,70.0
700.0,12.705930447701421,705.019764820597,175.00000000000003
700.0,14.173830447701421,895.0401301046024,70.0
700.0,14.173830447701421,895.0401301046024,70.0
700.0,14.173830447701421,895.0401301046024,70.0
700.0,12.705930447701421,1420.3825722463623,175.00000000000003
700.0,21.536528413789565,15.219995549321334,17.5
700.0,16.657508413789564,28.496448270338302,35.0
700.0,14.217998413789564,51.0323645679437,70.0
700.0,12.750098413789564,101.0293728253052,175.00000000000003
700.0,21.536528413789565,51.0323645679437,17.5
700.0,16.657508413789564,86.36971911979306,35.0
700.0,14.217998413789564,137.95747717721082,70.0
700.0,12.750098413789564,238.76803307891052,175.00000000000003
700.0,21.536528413789565,181.69826467590846,17.5
700.0,16.657508413789564,270.5491926620619,35.0
700.0,14.217998413789564,393.44176450491966,70.0
700.0,12.750098413789564,633.0828448025218,175.00000000000003
700.0,16.657508413789564,564.5709481262138,35.0
700.0,16.657508413789564,564.5709481262138,35.0
700.0,14.217998413789564,804.3877936601988,70.0
700.0,12.750098413789564,1277.6090780806646,175.00000000000003
700.0,14.217998413789564,1617.8989476876864,70.0
700.0,14.217998413789564,1617.8989476876864,70.0
700.0,14.217998413789564,1617.8989476876864,70.0
700.0,12.750098413789564,2561.0374709930966,175.00000000000003
700.0,36.087519704570695,0.05067309881589376,213.50000000000003
700.0,23.889969704570696,0.10132053625703073,213.50000000000003
700.0,17.7876997045707,0.202538543863196,213.50000000000003
700.0,14.131929704570698,0.5055797228964184,213.50000000000003
700.0,36.087519704570695,0.202538543863196,213.50000000000003
700.0,23.889969704570696,0.4046679051545392,213.50000000000003
700.0,17.7876997045707,0.807706492506518,213.50000000000003
700.0,14.131929704570698,2.0071923837587824,213.50000000000003
700.0,36.087519704570695,1.2591956563255085,213.50000000000003
700.0,23.889969704570696,2.5027814309458667,213.50000000000003
700.0,17.7876997045707,4.944826278657294,213.50000000000003
700.0,14.131929704570698,11.937695546577014,213.50000000000003
700.0,23.889969704570696,9.659407828782038,213.50000000000003
700.0,23.889969704570696,9.659407828782038,213.50000000000003
700.0,17.7876997045707,18.486765589653004,213.50000000000003
700.0,14.131929704570698,41.29059432504052,213.50000000000003
700.0,17.7876997045707,60.263069756837496,213.50000000000003
700.0,17.7876997045707,60.263069756837496,213.50000000000003
700.0,17.7876997045707,60.263069756837496,213.50000000000003
700.0,14.131929704570698,116.52252632997354,213.50000000000003
700.0,36.09181007894459,0.202538543863196,106.75000000000001
700.0,23.89426007894459,0.4046679051545392,106.75000000000001
700.0,17.791990078944593,0.807706492506518,106.75000000000001
700.0,14.136220078944593,2.0071923837587824,175.00000000000003
700.0,36.09181007894459,0.807706492506518,106.75000000000001
700.0,23.89426007894459,1.6089543225731628,106.75000000000001
700.0,17.791990078944593,3.1925320935075607,106.75000000000001
700.0,14.136220078944593,7.799648826590337,175.00000000000003
700.0,36.09181007894459,4.944826278657294,106.75000000000001
700.0,23.89426007894459,9.659407828782038,106.75000000000001
700.0,17.791990078944593,18.486765589653004,106.75000000000001
700.0,14.136220078944593,41.29059432504052,175.00000000000003
700.0,23.89426007894459,34.2029834199237,106.75000000000001
700.0,23.89426007894459,34.2029834199237,106.75000000000001
700.0,17.791990078944593,60.263069756837496,106.75000000000001
700.0,14.136220078944593,116.52252632997354,175.00000000000003
700.0,17.791990078944593,157.46531127640878,106.75000000000001
700.0,17.791990078944593,157.46531127640878,106.75000000000001
700.0,17.791990078944593,157.46531127640878,106.75000000000001
700.0,14.136220078944593,268.6916964523516,175.00000000000003
700.0,36.105210696819356,1.2591956563255085,42.7
700.0,23.90766069681936,2.5027814309458667,42.7
700.0,17.80539069681936,4.944826278657294,70.0
700.0,14.14962069681936,11.937695546577014,175.00000000000003
700.0,36.105210696819356,4.944826278657294,42.7
700.0,23.90766069681936,9.659407828782038,42.7
700.0,17.80539069681936,18.486765589653004,70.0
700.0,14.14962069681936,41.29059432504052,175.00000000000003
700.0,36.105210696819356,27.60639712457265,42.7
700.0,23.90766069681936,49.571044910137886,42.7
700.0,17.80539069681936,84.15647290140119,70.0
700.0,14.14962069681936,155.17093291892277,175.00000000000003
700.0,23.90766069681936,134.80499491513928,42.7
700.0,23.90766069681936,134.80499491513928,42.7
700.0,17.80539069681936,205.75171305062435,70.0
700.0,14.14962069681936,342.70438805062525,175.00000000000003
700.0,17.80539069681936,439.56092418925783,70.0
700.0,17.80539069681936,439.56092418925783,70.0
700.0,17.80539069681936,439.56092418925783,70.0
700.0,14.14962069681936,705.019764820597,175.00000000000003
700.0,36.12942044770142,4.944826278657294,21.35
700.0,23.93187044770142,9.659407828782038,35.0
700.0,17.829600447701424,18.486765589653004,70.0
700.0,14.173830447701421,41.29059432504052,175.00000000000003
700.0,36.12942044770142,18.486765589653004,21.35
700.0,23.93187044770142,34.2029834199237,35.0
700.0,17.829600447701424,60.263069756837496,70.0
700.0,14.173830447701421,116.52252632997354,175.00000000000003
700.0,36.12942044770142,84.15647290140119,21.35
700.0,23.93187044770142,134.80499491513928,35.0
700.0,17.829600447701424,205.75171305062435,70.0
700.0,14.173830447701421,342.70438805062525,175.00000000000003
700.0,23.93187044770142,303.75939696368,35.0
700.0,23.93187044770142,303.75939696368,35.0
700.0,17.829600447701424,439.56092418925783,70.0
700.0,14.173830447701421,705.019764820597,175.00000000000003
700.0,17.829600447701424,895.0401301046024,70.0
700.0,17.829600447701424,895.0401301046024,70.0
700.0,17.829600447701424,895.0401301046024,70.0
700.0,14.173830447701421,1420.3825722463623,175.00000000000003
700.0,36.17358841378956,15.219995549321334,17.5
700.0,23.976038413789563,28.496448270338302,35.0
700.0,17.873768413789563,51.0323645679437,70.0
700.0,14.217998413789564,101.0293728253052,175.00000000000003
700.0,36.17358841378956,51.0323645679437,17.5
700.0,23.976038413789563,86.36971911979306,35.0
700.0,17.873768413789563,137.95747717721082,70.0
700.0,14.217998413789564,238.76803307891052,175.00000000000003
700.0,36.17358841378956,181.69826467590846,17.5
700.0,23.976038413789563,270.5491926620619,35.0
700.0,17.873768413789563,393.44176450491966,70.0
700.0,14.217998413789564,633.0828448025218,175.00000000000003
700.0,23.976038413789563,564.5709481262138,35.0
700.0,23.976038413789563,564.5709481262138,35.0
700.0,17.873768413789563,804.3877936601988,70.0
700.0,14.217998413789564,1277.6090780806646,175.00000000000003
700.0,17.873768413789563,1617.8989476876864,70.0
700.0,17.873768413789563,1617.8989476876864,70.0
700.0,17.873768413789563,1617.8989476876864,70.0
700.0,14.217998413789564,2561.0374709930966,175.00000000000003
700.0,12.458808922796372,0.018469846452487497,213.50000000000003
700.0,12.116298922796371,0.0369362823401101,213.50000000000003
700.0,11.948538922796372,0.07385892808686871,213.50000000000003
700.0,11.843688922796371,0.1845451589324665,213.50000000000003
700.0,12.458808922796372,0.07385892808686871,213.50000000000003
700.0,12.116298922796371,0.14766335508041972,213.50000000000003
700.0,11.948538922796372,0.29510906724973784,213.50000000000003
700.0,11.843688922796371,0.7361475357396817,213.50000000000003
700.0,12.458808922796372,0.4607262393762191,213.50000000000003
700.0,12.116298922796371,0.9193419495908197,213.50000000000003
700.0,11.948538922796372,1.8303280708141167,213.50000000000003
700.0,11.843688922796371,4.514819853389505,213.50000000000003
700.0,12.116298922796371,3.6279051445814536,213.50000000000003
700.0,12.116298922796371,3.6279051445814536,213.50000000000003
700.0,11.948538922796372,7.129913327749237,213.50000000000003
700.0,11.843688922796371,16.970566990965374,213.50000000000003
700.0,11.948538922796372,25.96552755050522,213.50000000000003
700.0,11.948538922796372,25.96552755050522,213.50000000000003
700.0,11.948538922796372,25.96552755050522,213.50000000000003
700.0,11.843688922796371,56.03131481989574,213.50000000000003
700.0,12.464892385124593,0.07385892808686871,106.75000000000001
700.0,12.122382385124592,0.14766335508041972,106.75000000000001
700.0,11.954622385124592,0.29510906724973784,106.75000000000001
700.0,11.849772385124592,0.7361475357396817,125.0
700.0,12.464892385124593,0.29510906724973784,106.75000000000001
700.0,12.122382385124592,0.5893504421559045,106.75000000000001
700.0,11.954622385124592,1.175252952902607,106.75000000000001
700.0,11.849772385124592,2.912719794914446,125.0
700.0,12.464892385124593,1.8303280708141167,106.75000000000001
700.0,12.122382385124592,3.6279051445814536,106.75000000000001
700.0,11.954622385124592,7.129913327749237,106.75000000000001
700.0,11.849772385124592,16.970566990965374,125.0
700.0,12.122382385124592,13.793214396758096,106.75000000000001
700.0,12.122382385124592,13.793214396758096,106.75000000000001
700.0,11.954622385124592,25.96552755050522,106.75000000000001
700.0,11.849772385124592,56.03131481989574,125.0
700.0,11.954622385124592,80.02729650541993,106.75000000000001
700.0,11.954622385124592,80.02729650541993,106.75000000000001
700.0,11.954622385124592,80.02729650541993,106.75000000000001
700.0,11.849772385124592,148.6022945210105,125.0
700.0,12.483893560059828,0.4607262393762191,42.7
700.0,12.141383560059829,0.9193419495908197,42.7
700.0,11.973623560059828,1.8303280708141167,50.0
700.0,11.868773560059829,4.514819853389505,125.0
700.0,12.483893560059828,1.8303280708141167,42.7
700.0,12.141383560059829,3.6279051445814536,42.7
700.0,11.973623560059828,7.129913327749237,50.0
700.0,11.868773560059829,16.970566990965374,125.0
700.0,12.483893560059828,10.930974974114026,42.7
700.0,12.141383560059829,20.811481935239133,42.7
700.0,11.973623560059828,38.19452247173687,50.0
700.0,11.868773560059829,78.6525813613743,125.0
700.0,12.141383560059829,66.59146039583334,42.7
700.0,12.141383560059829,66.59146039583334,42.7
700.0,11.973623560059828,109.47068091987127,50.0
700.0,11.868773560059829,194.83046185997273,125.0
700.0,11.973623560059828,255.1044881892085,50.0
700.0,11.973623560059828,255.1044881892085,50.0
700.0,11.973623560059828,255.1044881892085,50.0
700.0,11.868773560059829,418.6037408022413,125.0
700.0,12.518221358669376,1.8303280708141167,21.35
700.0,12.175711358669375,3.6279051445814536,25.0
700.0,12.007951358669374,7.129913327749237,50.0
700.0,11.903101358669375,16.970566990965374,125.0
700.0,12.518221358669376,7.129913327749237,21.35
700.0,12.175711358669375,13.793214396758096,25.0
700.0,12.007951358669374,25.96552755050522,50.0
700.0,11.903101358669375,56.03131481989574,125.0
700.0,12.518221358669376,38.19452247173687,21.35
700.0,12.175711358669375,66.59146039583334,25.0
700.0,12.007951358669374,109.47068091987127,50.0
700.0,11.903101358669375,194.83046185997273,125.0
700.0,12.175711358669375,170.5090693694661,25.0
700.0,12.175711358669375,170.5090693694661,25.0
700.0,12.007951358669374,255.1044881892085,50.0
700.0,11.903101358669375,418.6037408022413,125.0
700.0,12.007951358669374,534.6701034544839,50.0
700.0,12.007951358669374,534.6701034544839,50.0
700.0,12.007951358669374,534.6701034544839,50.0
700.0,11.903101358669375,853.8124057611209,125.0
700.0,12.580848564221933,5.813352324664882,12.5
700.0,12.238338564221934,11.311713594150648,25.0
700.0,12.070578564221933,21.50325319955505,50.0
700.0,11.965728564221934,47.336378691656336,125.0
700.0,12.580848564221933,21.50325319955505,12.5
700.0,12.238338564221934,39.371885927567654,25.0
700.0,12.070578564221933,68.44004072598588,50.0
700.0,11.965728564221934,129.94453817664606,125.0
700.0,12.580848564221933,94.69980674958418,12.5
700.0,12.238338564221934,149.76207456330783,25.0
700.0,12.070578564221933,226.4498021057499,50.0
700.0,11.965728564221934,374.4944091238329,125.0
700.0,12.238338564221934,332.36530224641484,25.0
700.0,12.238338564221934,332.36530224641484,25.0
700.0,12.070578564221933,479.36655377499244,50.0
700.0,11.965728564221934,767.2304972560439,125.0
700.0,12.070578564221933,973.4827264168656,50.0
700.0,12.070578564221933,973.4827264168656,50.0
700.0,12.070578564221933,973.4827264168656,50.0
700.0,11.965728564221934,1544.0060767100672,125.0
700.0,13.143828922796372,0.018469846452487497,213.50000000000003
700.0,12.458808922796372,0.0369362823401101,213.50000000000003
700.0,12.116298922796371,0.07385892808686871,213.50000000000003
700.0,11.913588922796372,0.1845451589324665,213.50000000000003
700.0,13.143828922796372,0.07385892808686871,213.50000000000003
700.0,12.458808922796372,0.14766335508041972,213.50000000000003
700.0,12.116298922796371,0.29510906724973784,213.50000000000003
700.0,11.913588922796372,0.7361475357396817,213.50000000000003
700.0,13.143828922796372,0.4607262393762191,213.50000000000003
700.0,12.458808922796372,0.9193419495908197,213.50000000000003
700.0,12.116298922796371,1.8303280708141167,213.50000000000003
700.0,11.913588922796372,4.514819853389505,213.50000000000003
700.0,12.458808922796372,3.6279051445814536,213.50000000000003
700.0,12.458808922796372,3.6279051445814536,213.50000000000003
700.0,12.116298922796371,7.129913327749237,213.50000000000003
700.0,11.913588922796372,16.970566990965374,213.50000000000003
700.0,12.116298922796371,25.96552755050522,213.50000000000003
700.0,12.116298922796371,25.96552755050522,213.50000000000003
700.0,12.116298922796371,25.96552755050522,213.50000000000003
700.0,11.913588922796372,56.03131481989574,213.50000000000003
700.0,13.149912385124592,0.07385892808686871,106.75000000000001
700.0,12.464892385124593,0.14766335508041972,106.75000000000001
700.0,12.122382385124592,0.29510906724973784,106.75000000000001
700.0,11.919672385124592,0.7361475357396817,125.0
700.0,13.149912385124592,0.29510906724973784,106.75000000000001
700.0,12.464892385124593,0.5893504421559045,106.75000000000001
700.0,12.122382385124592,1.175252952902607,106.75000000000001
700.0,11.919672385124592,2.912719794914446,125.0
700.0,13.149912385124592,1.8303280708141167,106.75000000000001
700.0,12.464892385124593,3.6279051445814536,106.75000000000001
700.0,12.122382385124592,7.129913327749237,106.75000000000001
700.0,11.919672385124592,16.970566990965374,125.0
700.0,12.464892385124593,13.793214396758096,106.75000000000001
700.0,12.464892385124593,13.793214396758096,106.75000000000001
700.0,12.122382385124592,25.96552755050522,106.75000000000001
700.0,11.919672385124592,56.03131481989574,125.0
700.0,12.122382385124592,80.02729650541993,106.75000000000001
700.0,12.122382385124592,80.02729650541993,106.75000000000001
700.0,12.122382385124592,80.02729650541993,106.75000000000001
700.0,11.919672385124592,148.6022945210105,125.0
700.0,13.168913560059828,0.4607262393762191,42.7
700.0,12.483893560059828,0.9193419495908197,42.7
700.0,12.141383560059829,1.8303280708141167,50.0
700.0,11.93867356005983,4.514819853389505,125.0
700.0,13.168913560059828,1.8303280708141167,42.7
700.0,12.483893560059828,3.6279051445814536,42.7
700.0,12.141383560059829,7.129913327749237,50.0
700.0,11.93867356005983,16.970566990965374,125.0
700.0,13.168913560059828,10.930974974114026,42.7
700.0,12.483893560059828,20.811481935239133,42.7
700.0,12.141383560059829,38.19452247173687,50.0
700.0,11.93867356005983,78.6525813613743,125.0
700.0,12.483893560059828,66.59146039583334,42.7
700.0,12.483893560059828,66.59146039583334,42.7
700.0,12.141383560059829,109.47068091987127,50.0
700.0,11.93867356005983,194.83046185997273,125.0
700.0,12.141383560059829,255.1044881892085,50.0
700.0,12.141383560059829,255.1044881892085,50.0
700.0,12.141383560059829,255.1044881892085,50.0
700.0,11.93867356005983,418.6037408022413,125.0
700.0,13.203241358669375,1.8303280708141167,21.35
700.0,12.518221358669376,3.6279051445814536,25.0
700.0,12.175711358669375,7.129913327749237,50.0
700.0,11.973001358669375,16.970566990965374,125.0
700.0,13.203241358669375,7.129913327749237,21.35
700.0,12.518221358669376,13.793214396758096,25.0
700.0,12.175711358669375,25.96552755050522,50.0
700.0,11.973001358669375,56.03131481989574,125.0
700.0,13.203241358669375,38.19452247173687,21.35
700.0,12.518221358669376,66.59146039583334,25.0
700.0,12.175711358669375,109.47068091987127,50.0
700.0,11.973001358669375,194.83046185997273,125.0
700.0,12.518221358669376,170.5090693694661,25.0
700.0,12.518221358669376,170.5090693694661,25.0
700.0,12.175711358669375,255.1044881892085,50.0
700.0,11.973001358669375,418.6037408022413,125.0
700.0,12.175711358669375,534.6701034544839,50.0
700.0,12.175711358669375,534.6701034544839,50.0
700.0,12.175711358669375,534.6701034544839,50.0
700.0,11.973001358669375,853.8124057611209,125.0
700.0,13.265868564221933,5.813352324664882,12.5
700.0,12.580848564221933,11.311713594150648,25.0
700.0,12.238338564221934,21.50325319955505,50.0
700.0,12.035628564221934,47.336378691656336,125.0
700.0,13.265868564221933,21.50325319955505,12.5
700.0,12.580848564221933,39.371885927567654,25.0
700.0,12.238338564221934,68.44004072598588,50.0
700.0,12.035628564221934,129.94453817664606,125.0
700.0,13.265868564221933,94.69980674958418,12.5
700.0,12.580848564221933,149.76207456330783,25.0
700.0,12.238338564221934,226.4498021057499,50.0
700.0,12.035628564221934,374.4944091238329,125.0
700.0,12.580848564221933,332.36530224641484,25.0
700.0,12.580848564221933,332.36530224641484,25.0
700.0,12.238338564221934,479.36655377499244,50.0
700.0,12.035628564221934,767.2304972560439,125.0
700.0,12.238338564221934,973.4827264168656,50.0
700.0,12.238338564221934,973.4827264168656,50.0
700.0,12.238338564221934,973.4827264168656,50.0
700.0,12.035628564221934,1544.0060767100672,125.0
700.0,15.191898922796373,0.018469846452487497,213.50000000000003
700.0,13.486338922796373,0.0369362823401101,213.50000000000003
700.0,12.633558922796372,0.07385892808686871,213.50000000000003
700.0,12.116298922796371,0.1845451589324665,213.50000000000003
700.0,15.191898922796373,0.07385892808686871,213.50000000000003
700.0,13.486338922796373,0.14766335508041972,213.50000000000003
700.0,12.633558922796372,0.29510906724973784,213.50000000000003
700.0,12.116298922796371,0.7361475357396817,213.50000000000003
700.0,15.191898922796373,0.4607262393762191,213.50000000000003
700.0,13.486338922796373,0.9193419495908197,213.50000000000003
700.0,12.633558922796372,1.8303280708141167,213.50000000000003
700.0,12.116298922796371,4.514819853389505,213.50000000000003
700.0,13.486338922796373,3.6279051445814536,213.50000000000003
700.0,13.486338922796373,3.6279051445814536,213.50000000000003
700.0,12.633558922796372,7.129913327749237,213.50000000000003
700.0,12.116298922796371,16.970566990965374,213.50000000000003
700.0,12.633558922796372,25.96552755050522,213.50000000000003
700.0,12.633558922796372,25.96552755050522,213.50000000000003
700.0,12.633558922796372,25.96552755050522,213.50000000000003
700.0,12.116298922796371,56.03131481989574,213.50000000000003
700.0,15.197982385124591,0.07385892808686871,106.75000000000001
700.0,13.492422385124591,0.14766335508041972,106.75000000000001
700.0,12.639642385124592,0.29510906724973784,106.75000000000001
700.0,12.122382385124592,0.7361475357396817,125.0
700.0,15.197982385124591,0.29510906724973784,106.75000000000001
700.0,13.492422385124591,0.5893504421559045,106.75000000000001
700.0,12.639642385124592,1.175252952902607,106.75000000000001
700.0,12.122382385124592,2.912719794914446,125.0
700.0,15.197982385124591,1.8303280708141167,106.75000000000001
700.0,13.492422385124591,3.6279051445814536,106.75000000000001
700.0,12.639642385124592,7.129913327749237,106.75000000000001
700.0,12.122382385124592,16.970566990965374,125.0
700.0,13.492422385124591,13.793214396758096,106.75000000000001
700.0,13.492422385124591,13.793214396758096,106.75000000000001
700.0,12.639642385124592,25.96552755050522,106.75000000000001
700.0,12.122382385124592,56.03131481989574,125.0
700.0,12.639642385124592,80.02729650541993,106.75000000000001
700.0,12.639642385124592,80.02729650541993,106.75000000000001
700.0,12.639642385124592,80.02729650541993,106.75000000000001
700.0,12.122382385124592,148.6022945210105,125.0
700.0,15.216983560059829,0.4607262393762191,42.7
700.0,13.511423560059828,0.9193419495908197,42.7
700.0,12.65864356005983,1.8303280708141167,50.0
700.0,12.141383560059829,4.514819853389505,125.0
700.0,15.216983560059829,1.8303280708141167,42.7
700.0,13.511423560059828,3.6279051445814536,42.7
700.0,12.65864356005983,7.129913327749237,50.0
700.0,12.141383560059829,16.970566990965374,125.0
700.0,15.216983560059829,10.930974974114026,42.7
700.0,13.511423560059828,20.811481935239133,42.7
700.0,12.65864356005983,38.19452247173687,50.0
700.0,12.141383560059829,78.6525813613743,125.0
700.0,13.511423560059828,66.59146039583334,42.7
700.0,13.511423560059828,66.59146039583334,42.7
700.0,12.65864356005983,109.47068091987127,50.0
700.0,12.141383560059829,194.83046185997273,125.0
700.0,12.65864356005983,255.1044881892085,50.0
700.0,12.65864356005983,255.1044881892085,50.0
700.0,12.65864356005983,255.1044881892085,50.0
700.0,12.141383560059829,418.6037408022413,125.0
700.0,15.251311358669374,1.8303280708141167,21.35
700.0,13.545751358669374,3.6279051445814536,25.0
700.0,12.692971358669375,7.129913327749237,50.0
700.0,12.175711358669375,16.970566990965374,125.0
700.0,15.251311358669374,7.129913327749237,21.35
700.0,13.545751358669374,13.793214396758096,25.0
700.0,12.692971358669375,25.96552755050522,50.0
700.0,12.175711358669375,56.03131481989574,125.0
700.0,15.251311358669374,38.19452247173687,21.35
700.0,13.545751358669374,66.59146039583334,25.0
700.0,12.692971358669375,109.47068091987127,50.0
700.0,12.175711358669375,194.83046185997273,125.0
700.0,13.545751358669374,170.5090693694661,25.0
700.0,13.545751358669374,170.5090693694661,25.0
700.0,12.692971358669375,255.1044881892085,50.0
700.0,12.175711358669375,418.6037408022413,125.0
700.0,12.692971358669375,534.6701034544839,50.0
700.0,12.692971358669375,534.6701034544839,50.0
700.0,12.692971358669375,534.6701034544839,50.0
700.0,12.175711358669375,853.8124057611209,125.0
700.0,15.313938564221933,5.813352324664882,12.5
700.0,13.608378564221933,11.311713594150648,25.0
700.0,12.755598564221934,21.50325319955505,50.0
700.0,12.238338564221934,47.336378691656336,125.0
700.0,15.313938564221933,21.50325319955505,12.5
700.0,13.608378564221933,39.371885927567654,25.0
700.0,12.755598564221934,68.44004072598588,50.0
700.0,12.238338564221934,129.94453817664606,125.0
700.0,15.313938564221933,94.69980674958418,12.5
700.0,13.608378564221933,149.76207456330783,25.0
700.0,12.755598564221934,226.4498021057499,50.0
700.0,12.238338564221934,374.4944091238329,125.0
700.0,13.608378564221933,332.36530224641484,25.0
700.0,13.608378564221933,332.36530224641484,25.0
700.0,12.755598564221934,479.36655377499244,50.0
700.0,12.238338564221934,767.2304972560439,125.0
700.0,12.755598564221934,973.4827264168656,50.0
700.0,12.755598564221934,973.4827264168656,50.0
700.0,12.755598564221934,973.4827264168656,50.0
700.0,12.238338564221934,1544.0060767100672,125.0
700.0,18.610008922796375,0.018469846452487497,213.50000000000003
700.0,15.191898922796373,0.0369362823401101,213.50000000000003
700.0,13.486338922796373,0.07385892808686871,213.50000000000003
700.0,12.458808922796372,0.1845451589324665,213.50000000000003
700.0,18.610008922796375,0.07385892808686871,213.50000000000003
700.0,15.191898922796373,0.14766335508041972,213.50000000000003
700.0,13.486338922796373,0.29510906724973784,213.50000000000003
700.0,12.458808922796372,0.7361475357396817,213.50000000000003
700.0,18.610008922796375,0.4607262393762191,213.50000000000003
700.0,15.191898922796373,0.9193419495908197,213.50000000000003
700.0,13.486338922796373,1.8303280708141167,213.50000000000003
700.0,12.458808922796372,4.514819853389505,213.50000000000003
700.0,15.191898922796373,3.6279051445814536,213.50000000000003
700.0,15.191898922796373,3.6279051445814536,213.50000000000003
700.0,13.486338922796373,7.129913327749237,213.50000000000003
700.0,12.458808922796372,16.970566990965374,213.50000000000003
700.0,13.486338922796373,25.96552755050522,213.50000000000003
700.0,13.486338922796373,25.96552755050522,213.50000000000003
700.0,13.486338922796373,25.96552755050522,213.50000000000003
700.0,12.458808922796372,56.03131481989574,213.50000000000003
700.0,18.616092385124592,0.07385892808686871,106.75000000000001
700.0,15.197982385124591,0.14766335508041972,106.75000000000001
700.0,13.492422385124591,0.29510906724973784,106.75000000000001
700.0,12.464892385124593,0.7361475357396817,125.0
700.0,18.616092385124592,0.29510906724973784,106.75000000000001
700.0,15.197982385124591,0.5893504421559045,106.75000000000001
700.0,13.492422385124591,1.175252952902607,106.75000000000001
700.0,12.464892385124593,2.912719794914446,125.0
700.0,18.616092385124592,1.8303280708141167,106.75000000000001
700.0,15.197982385124591,3.6279051445814536,106.75000000000001
700.0,13.492422385124591,7.129913327749237,106.75000000000001
700.0,12.464892385124593,16.970566990965374,125.0
700.0,15.197982385124591,13.793214396758096,106.75000000000001
700.0,15.197982385124591,13.793214396758096,106.75000000000001
700.0,13.492422385124591,25.96552755050522,106.75000000000001
700.0,12.464892385124593,56.03131481989574,125.0
700.0,13.492422385124591,80.02729650541993,106.75000000000001
700.0,13.492422385124591,80.02729650541993,106.75000000000001
700.0,13.492422385124591,80.02729650541993,106.75000000000001
700.0,12.464892385124593,148.6022945210105,125.0
700.0,18.63509356005983,0.4607262393762191,42.7
700.0,15.216983560059829,0.9193419495908197,42.7
700.0,13.511423560059828,1.8303280708141167,50.0
700.0,12.483893560059828,4.514819853389505,125.0
700.0,18.63509356005983,1.8303280708141167,42.7
700.0,15.216983560059829,3.6279051445814536,42.7
700.0,13.511423560059828,7.129913327749237,50.0
700.0,12.483893560059828,16.970566990965374,125.0
700.0,18.63509356005983,10.930974974114026,42.7
700.0,15.216983560059829,20.811481935239133,42.7
700.0,13.511423560059828,38.19452247173687,50.0
700.0,12.483893560059828,78.6525813613743,125.0
700.0,15.216983560059829,66.59146039583334,42.7
700.0,15.216983560059829,66.59146039583334,42.7
700.0,13.511423560059828,109.47068091987127,50.0
700.0,12.483893560059828,194.83046185997273,125.0
700.0,13.511423560059828,255.1044881892085,50.0
700.0,13.511423560059828,255.1044881892085,50.0
700.0,13.511423560059828,255.1044881892085,50.0
700.0,12.483893560059828,418.6037408022413,125.0
700.0,18.669421358669375,1.8303280708141167,21.35
700.0,15.251311358669374,3.6279051445814536,25.0
700.0,13.545751358669374,7.129913327749237,50.0
700.0,12.518221358669376,16.970566990965374,125.0
700.0,18.669421358669375,7.129913327749237,21.35
700.0,15.251311358669374,13.793214396758096,25.0
700.0,13.545751358669374,25.96552755050522,50.0
700.0,12.518221358669376,56.03131481989574,125.0
700.0,18.669421358669375,38.19452247173687,21.35
700.0,15.251311358669374,66.59146039583334,25.0
700.0,13.545751358669374,109.47068091987127,50.0
700.0,12.518221358669376,194.83046185997273,125.0
700.0,15.251311358669374,170.5090693694661,25.0
700.0,15.251311358669374,170.5090693694661,25.0
700.0,13.545751358669374,255.1044881892085,50.0
700.0,12.518221358669376,418.6037408022413,125.0
700.0,13.545751358669374,534.6701034544839,50.0
700.0,13.545751358669374,534.6701034544839,50.0
700.0,13.545751358669374,534.6701034544839,50.0
700.0,12.518221358669376,853.8124057611209,125.0
700.0,18.732048564221934,5.813352324664882,12.5
700.0,15.313938564221933,11.311713594150648,25.0
700.0,13.608378564221933,21.50325319955505,50.0
700.0,12.580848564221933,47.336378691656336,125.0
700.0,18.732048564221934,21.50325319955505,12.5
700.0,15.313938564221933,39.371885927567654,25.0
700.0,13.608378564221933,68.44004072598588,50.0
700.0,12.580848564221933,129.94453817664606,125.0
700.0,18.732048564221934,94.69980674958418,12.5
700.0,15.313938564221933,149.76207456330783,25.0
700.0,13.608378564221933,226.4498021057499,50.0
700.0,12.580848564221933,374.4944091238329,125.0
700.0,15.313938564221933,332.36530224641484,25.0
700.0,15.313938564221933,332.36530224641484,25.0
700.0,13.608378564221933,479.36655377499244,50.0
700.0,12.580848564221933,767.2304972560439,125.0
700.0,13.608378564221933,973.4827264168656,50.0
700.0,13.608378564221933,973.4827264168656,50.0
700.0,13.608378564221933,973.4827264168656,50.0
700.0,12.580848564221933,1544.0060767100672,125.0
700.0,25.43923892279637,0.018469846452487497,213.50000000000003
700.0,18.610008922796375,0.0369362823401101,213.50000000000003
700.0,15.191898922796373,0.07385892808686871,213.50000000000003
700.0,13.143828922796372,0.1845451589324665,213.50000000000003
700.0,25.43923892279637,0.07385892808686871,213.50000000000003
700.0,18.610008922796375,0.14766335508041972,213.50000000000003
700.0,15.191898922796373,0.29510906724973784,213.50000000000003
700.0,13.143828922796372,0.7361475357396817,213.50000000000003
700.0,25.43923892279637,0.4607262393762191,213.50000000000003
700.0,18.610008922796375,0.9193419495908197,213.50000000000003
700.0,15.191898922796373,1.8303280708141167,213.50000000000003
700.0,13.143828922796372,4.514819853389505,213.50000000000003
700.0,18.610008922796375,3.6279051445814536,213.50000000000003
700.0,18.610008922796375,3.6279051445814536,213.50000000000003
700.0,15.191898922796373,7.129913327749237,213.50000000000003
700.0,13.143828922796372,16.970566990965374,213.50000000000003
700.0,15.191898922796373,25.96552755050522,213.50000000000003
700.0,15.191898922796373,25.96552755050522,213.50000000000003
700.0,15.191898922796373,25.96552755050522,213.50000000000003
700.0,13.143828922796372,56.03131481989574,213.50000000000003
700.0,25.44532238512459,0.07385892808686871,106.75000000000001
700.0,18.616092385124592,0.14766335508041972,106.75000000000001
700.0,15.197982385124591,0.29510906724973784,106.75000000000001
700.0,13.149912385124592,0.7361475357396817,125.0
700.0,25.44532238512459,0.29510906724973784,106.75000000000001
700.0,18.616092385124592,0.5893504421559045,106.75000000000001
700.0,15.197982385124591,1.175252952902607,106.75000000000001
700.0,13.149912385124592,2.912719794914446,125.0
700.0,25.44532238512459,1.8303280708141167,106.75000000000001
700.0,18.616092385124592,3.6279051445814536,106.75000000000001
700.0,15.197982385124591,7.129913327749237,106.75000000000001
700.0,13.149912385124592,16.970566990965374,125.0
700.0,18.616092385124592,13.793214396758096,106.75000000000001
700.0,18.616092385124592,13.793214396758096,106.75000000000001
700.0,15.197982385124591,25.96552755050522,106.75000000000001
700.0,13.149912385124592,56.03131481989574,125.0
700.0,15.197982385124591,80.02729650541993,106.75000000000001
700.0,15.197982385124591,80.02729650541993,106.75000000000001
700.0,15.197982385124591,80.02729650541993,106.75000000000001
700.0,13.149912385124592,148.6022945210105,125.0
700.0,25.464323560059828,0.4607262393762191,42.7
700.0,18.63509356005983,0.9193419495908197,42.7
700.0,15.216983560059829,1.8303280708141167,50.0
700.0,13.168913560059828,4.514819853389505,125.0
700.0,25.464323560059828,1.8303280708141167,42.7
700.0,18.63509356005983,3.6279051445814536,42.7
700.0,15.216983560059829,7.129913327749237,50.0
700.0,13.168913560059828,16.970566990965374,125.0
700.0,25.464323560059828,10.930974974114026,42.7
700.0,18.63509356005983,20.811481935239133,42.7
700.0,15.216983560059829,38.19452247173687,50.0
700.0,13.168913560059828,78.6525813613743,125.0
700.0,18.63509356005983,66.59146039583334,42.7
700.0,18.63509356005983,66.59146039583334,42.7
700.0,15.216983560059829,109.47068091987127,50.0
700.0,13.168913560059828,194.83046185997273,125.0
700.0,15.216983560059829,255.1044881892085,50.0
700.0,15.216983560059829,255.1044881892085,50.0
700.0,15.216983560059829,255.1044881892085,50.0
700.0,13.168913560059828,418.6037408022413,125.0
700.0,25.498651358669377,1.8303280708141167,21.35
700.0,18.669421358669375,3.6279051445814536,25.0
700.0,15.251311358669374,7.129913327749237,50.0
700.0,13.203241358669375,16.970566990965374,125.0
700.0,25.498651358669377,7.129913327749237,21.35
700.0,18.669421358669375,13.793214396758096,25.0
700.0,15.251311358669374,25.96552755050522,50.0
700.0,13.203241358669375,56.03131481989574,125.0
700.0,25.498651358669377,38.19452247173687,21.35
700.0,18.669421358669375,66.59146039583334,25.0
700.0,15.251311358669374,109.47068091987127,50.0
700.0,13.203241358669375,194.83046185997273,125.0
700.0,18.669421358669375,170.5090693694661,25.0
700.0,18.669421358669375,170.5090693694661,25.0
700.0,15.251311358669374,255.1044881892085,50.0
700.0,13.203241358669375,418.6037408022413,125.0
700.0,15.251311358669374,534.6701034544839,50.0
700.0,15.251311358669374,534.6701034544839,50.0
700.0,15.251311358669374,534.6701034544839,50.0
700.0,13.203241358669375,853.8124057611209,125.0
700.0,25.561278564221933,5.813352324664882,12.5
700.0,18.732048564221934,11.311713594150648,25.0
700.0,15.313938564221933,21.50325319955505,50.0
700.0,13.265868564221933,47.336378691656336,125.0
700.0,25.561278564221933,21.50325319955505,12.5
700.0,18.732048564221934,39.371885927567654,25.0
700.0,15.313938564221933,68.44004072598588,50.0
700.0,13.265868564221933,129.94453817664606,125.0
700.0,25.561278564221933,94.69980674958418,12.5
700.0,18.732048564221934,149.76207456330783,25.0
700.0,15.313938564221933,226.4498021057499,50.0
700.0,13.265868564221933,374.4944091238329,125.0
700.0,18.732048564221934,332.36530224641484,25.0
700.0,18.732048564221934,332.36530224641484,25.0
700.0,15.313938564221933,479.36655377499244,50.0
700.0,13.265868564221933,767.2304972560439,125.0
700.0,15.313938564221933,973.4827264168656,50.0
700.0,15.313938564221933,973.4827264168656,50.0
700.0,15.313938564221933,973.4827264168656,50.0
700.0,13.265868564221933,1544.0060767100672,125.0
700.0,45.93391892279637,0.018469846452487497,213.50000000000003
700.0,28.85734892279637,0.0369362823401101,213.50000000000003
700.0,20.315568922796373,0.07385892808686871,213.50000000000003
700.0,15.191898922796373,0.1845451589324665,213.50000000000003
700.0,45.93391892279637,0.07385892808686871,213.50000000000003
700.0,28.85734892279637,0.14766335508041972,213.50000000000003
700.0,20.315568922796373,0.29510906724973784,213.50000000000003
700.0,15.191898922796373,0.7361475357396817,213.50000000000003
700.0,45.93391892279637,0.4607262393762191,213.50000000000003
700.0,28.85734892279637,0.9193419495908197,213.50000000000003
700.0,20.315568922796373,1.8303280708141167,213.50000000000003
700.0,15.191898922796373,4.514819853389505,213.50000000000003
700.0,28.85734892279637,3.6279051445814536,213.50000000000003
700.0,28.85734892279637,3.6279051445814536,213.50000000000003
700.0,20.315568922796373,7.129913327749237,213.50000000000003
700.0,15.191898922796373,16.970566990965374,213.50000000000003
700.0,20.315568922796373,25.96552755050522,213.50000000000003
700.0,20.315568922796373,25.96552755050522,213.50000000000003
700.0,20.315568922796373,25.96552755050522,213.50000000000003
700.0,15.191898922796373,56.03131481989574,213.50000000000003
700.0,45.94000238512459,0.07385892808686871,106.75000000000001
700.0,28.86343238512459,0.14766335508041972,106.75000000000001
700.0,20.321652385124594,0.29510906724973784,106.75000000000001
700.0,15.197982385124591,0.7361475357396817,125.0
700.0,45.94000238512459,0.29510906724973784,106.75000000000001
700.0,28.86343238512459,0.5893504421559045,106.75000000000001
700.0,20.321652385124594,1.175252952902607,106.75000000000001
700.0,15.197982385124591,2.912719794914446,125.0
700.0,45.94000238512459,1.8303280708141167,106.75000000000001
700.0,28.86343238512459,3.6279051445814536,106.75000000000001
700.0,20.321652385124594,7.129913327749237,106.75000000000001
700.0,15.197982385124591,16.970566990965374,125.0
700.0,28.86343238512459,13.793214396758096,106.75000000000001
700.0,28.86343238512459,13.793214396758096,106.75000000000001
700.0,20.321652385124594,25.96552755050522,106.75000000000001
700.0,15.197982385124591,56.03131481989574,125.0
700.0,20.321652385124594,80.02729650541993,106.75000000000001
700.0,20.321652385124594,80.02729650541993,106.75000000000001
700.0,20.321652385124594,80.02729650541993,106.75000000000001
700.0,15.197982385124591,148.6022945210105,125.0
700.0,45.95900356005983,0.4607262393762191,42.7
700.0,28.882433560059827,0.9193419495908197,42.7
700.0,20.340653560059827,1.8303280708141167,50.0
700.0,15.216983560059829,4.514819853389505,125.0
700.0,45.95900356005983,1.8303280708141167,42.7
700.0,28.882433560059827,3.6279051445814536,42.7
700.0,20.340653560059827,7.129913327749237,50.0
700.0,15.216983560059829,16.970566990965374,125.0
700.0,45.95900356005983,10.930974974114026,42.7
700.0,28.882433560059827,20.811481935239133,42.7
700.0,20.340653560059827,38.19452247173687,50.0
700.0,15.216983560059829,78.6525813613743,125.0
700.0,28.882433560059827,66.59146039583334,42.7
700.0,28.882433560059827,66.59146039583334,42.7
700.0,20.340653560059827,109.47068091987127,50.0
700.0,15.216983560059829,194.83046185997273,125.0
700.0,20.340653560059827,255.1044881892085,50.0
700.0,20.340653560059827,255.1044881892085,50.0
700.0,20.340653560059827,255.1044881892085,50.0
700.0,15.216983560059829,418.6037408022413,125.0
700.0,45.99333135866937,1.8303280708141167,21.35
700.0,28.916761358669373,3.6279051445814536,25.0
700.0,20.374981358669373,7.129913327749237,50.0
700.0,15.251311358669374,16.970566990965374,125.0
700.0,45.99333135866937,7.129913327749237,21.35
700.0,28.916761358669373,13.793214396758096,25.0
700.0,20.374981358669373,25.96552755050522,50.0
700.0,15.251311358669374,56.03131481989574,125.0
700.0,45.99333135866937,38.19452247173687,21.35
700.0,28.916761358669373,66.59146039583334,25.0
700.0,20.374981358669373,109.47068091987127,50.0
700.0,15.251311358669374,194.83046185997273,125.0
700.0,28.916761358669373,170.5090693694661,25.0
700.0,28.916761358669373,170.5090693694661,25.0
700.0,20.374981358669373,255.1044881892085,50.0
700.0,15.251311358669374,418.6037408022413,125.0
700.0,20.374981358669373,534.6701034544839,50.0
700.0,20.374981358669373,534.6701034544839,50.0
700.0,20.374981358669373,534.6701034544839,50.0
700.0,15.251311358669374,853.8124057611209,125.0
700.0,46.05595856422193,5.813352324664882,12.5
700.0,28.97938856422193,11.311713594150648,25.0
700.0,20.437608564221932,21.50325319955505,50.0
700.0,15.313938564221933,47.336378691656336,125.0
700.0,46.05595856422193,21.50325319955505,12.5
700.0,28.97938856422193,39.371885927567654,25.0
700.0,20.437608564221932,68.44004072598588,50.0
700.0,15.313938564221933,129.94453817664606,125.0
700.0,46.05595856422193,94.69980674958418,12.5
700.0,28.97938856422193,149.76207456330783,25.0
700.0,20.437608564221932,226.4498021057499,50.0
700.0,15.313938564221933,374.4944091238329,125.0
700.0,28.97938856422193,332.36530224641484,25.0
700.0,28.97938856422193,332.36530224641484,25.0
700.0,20.437608564221932,479.36655377499244,50.0
700.0,15.313938564221933,767.2304972560439,125.0
700.0,20.437608564221932,973.4827264168656,50.0
700.0,20.437608564221932,973.4827264168656,50.0
700.0,20.437608564221932,973.4827264168656,50.0
700.0,15.313938564221933,1544.0060767100672,125.0
800.0,11.594219353888937,197.66476075460895,400.0
800.0,11.580239353888937,292.5909884679092,800.0
800.0,11.573249353888936,424.0396787992185,1600.0
800.0,11.573249353888936,680.7912353910007,4000.0
800.0,11.594219353888937,424.0396787992185,400.0
800.0,11.580239353888937,607.3492812878503,800.0
800.0,11.573249353888936,864.501006716037,1600.0
800.0,11.573249353888936,1372.2724496714357,4000.0
800.0,11.594219353888937,1083.1704695505666,400.0
800.0,11.580239353888937,1535.0540685895821,800.0
800.0,11.573249353888936,2173.181747877402,1600.0
800.0,11.573249353888936,3438.2776219142493,4000.0
800.0,11.580239353888937,3074.964422911708,800.0
800.0,11.580239353888937,3074.964422911708,800.0
800.0,11.573249353888936,4349.8041998069175,1600.0
800.0,11.573249353888936,6878.7339209430065,4000.0
800.0,11.573249353888936,8701.33130668033,1600.0
800.0,11.573249353888936,8701.33130668033,1600.0
800.0,11.573249353888936,8701.33130668033,1600.0
800.0,11.573249353888936,13758.557827718947,4000.0
800.0,11.596091384997564,424.0396787992185,400.0
800.0,11.582111384997564,607.3492812878503,800.0
800.0,11.575121384997566,864.501006716037,1600.0
800.0,11.575121384997566,1372.2724496714357,4000.0
800.0,11.596091384997564,864.501006716037,400.0
800.0,11.582111384997564,1226.5923938374622,800.0
800.0,11.575121384997566,1737.5153276686003,1600.0
800.0,11.575121384997566,2749.9690375348873,4000.0
800.0,11.596091384997564,2173.181747877402,400.0
800.0,11.582111384997564,3074.964422911708,800.0
800.0,11.575121384997566,4349.8041998069175,1600.0
800.0,11.575121384997566,6878.7339209430065,4000.0
800.0,11.582111384997564,6152.364198793593,800.0
800.0,11.582111384997564,6152.364198793593,800.0
800.0,11.575121384997566,8701.33130668033,1600.0
800.0,11.575121384997566,13758.557827718947,4000.0
800.0,11.575121384997566,17403.52438682746,1600.0
800.0,11.575121384997566,17403.52438682746,1600.0
800.0,11.575121384997566,17403.52438682746,1600.0
800.0,11.575121384997566,27517.660729319916,4000.0
800.0,11.601938514257206,1083.1704695505666,400.0
800.0,11.587958514257206,1535.0540685895821,800.0
800.0,11.580968514257204,2173.181747877402,1600.0
800.0,11.580968514257204,3438.2776219142493,4000.0
800.0,11.601938514257206,2173.181747877402,400.0
800.0,11.587958514257206,3074.964422911708,800.0
800.0,11.580968514257204,4349.8041998069175,1600.0
800.0,11.580968514257204,6878.7339209430065,4000.0
800.0,11.601938514257206,5437.772042043475,400.0
800.0,11.587958514257206,7690.8207945157155,800.0
800.0,11.580968514257204,10876.922655404833,1600.0
800.0,11.580968514257204,17198.360804286793,4000.0
800.0,11.587958514257206,15382.616540617106,800.0
800.0,11.587958514257206,15382.616540617106,800.0
800.0,11.580968514257204,21754.534760308652,1600.0
800.0,11.580968514257204,34397.157675453105,4000.0
800.0,11.580968514257204,43509.41426585248,1600.0
800.0,11.580968514257204,43509.41426585248,1600.0
800.0,11.580968514257204,43509.41426585248,1600.0
800.0,11.580968514257204,68794.53338952876,4000.0
800.0,11.61250202290091,2173.181747877402,400.0
800.0,11.59852202290091,3074.964422911708,800.0
800.0,11.59153202290091,4349.8041998069175,1600.0
800.0,11.59153202290091,6878.7339209430065,4000.0
800.0,11.61250202290091,4349.8041998069175,400.0
800.0,11.59852202290091,6152.364198793593,800.0
800.0,11.59153202290091,8701.33130668033,1600.0
800.0,11.59153202290091,13758.557827718947,4000.0
800.0,11.61250202290091,10876.922655404833,400.0
800.0,11.59852202290091,15382.616540617106,800.0
800.0,11.59153202290091,21754.534760308652,1600.0
800.0,11.59153202290091,34397.157675453105,4000.0
800.0,11.59852202290091,30765.720614963964,800.0
800.0,11.59852202290091,30765.720614963964,800.0
800.0,11.59153202290091,43509.41426585248,1600.0
800.0,11.59153202290091,68794.53338952876,4000.0
800.0,11.59153202290091,87019.00090688343,1600.0
800.0,11.59153202290091,87019.00090688343,1600.0
800.0,11.59153202290091,87019.00090688343,1600.0
800.0,11.59153202290091,137589.17579901667,4000.0
800.0,11.631773955677911,3914.581391137361,400.0
800.0,11.61779395567791,5536.956308378664,800.0
800.0,11.61080395567791,7831.076901201907,1600.0
800.0,11.61080395567791,12382.625333837315,4000.0
800.0,11.631773955677911,7831.076901201907,400.0
800.0,11.61779395567791,11075.26651688283,800.0
800.0,11.61080395567791,15663.111300674287,1600.0
800.0,11.61080395567791,24765.856298286373,4000.0
800.0,11.631773955677911,19579.032765335036,400.0
800.0,11.61779395567791,27689.114244786684,800.0
800.0,11.61080395567791,39158.448579151554,1600.0
800.0,11.61080395567791,61915.06470705001,4000.0
800.0,11.61779395567791,55378.49934906408,800.0
800.0,11.61779395567791,55378.49934906408,800.0
800.0,11.61080395567791,78317.08868605671,1600.0
800.0,11.61080395567791,123830.25054733169,4000.0
800.0,11.61080395567791,156634.2731364293,1600.0
800.0,11.61080395567791,156634.2731364293,1600.0
800.0,11.61080395567791,156634.2731364293,1600.0
800.0,11.61080395567791,247660.5616613903,4000.0
800.0,11.615189353888937,197.66476075460895,400.0
800.0,11.594219353888937,292.5909884679092,800.0
800.0,11.580239353888937,424.0396787992185,1600.0
800.0,11.573249353888936,680.7912353910007,4000.0
800.0,11.615189353888937,424.0396787992185,400.0
800.0,11.594219353888937,607.3492812878503,800.0
800.0,11.580239353888937,864.501006716037,1600.0
800.0,11.573249353888936,1372.2724496714357,4000.0
800.0,11.615189353888937,1083.1704695505666,400.0
800.0,11.594219353888937,1535.0540685895821,800.0
800.0,11.580239353888937,2173.181747877402,1600.0
800.0,11.573249353888936,3438.2776219142493,4000.0
800.0,11.594219353888937,3074.964422911708,800.0
800.0,11.594219353888937,3074.964422911708,800.0
800.0,11.580239353888937,4349.8041998069175,1600.0
800.0,11.573249353888936,6878.7339209430065,4000.0
800.0,11.580239353888937,8701.33130668033,1600.0
800.0,11.580239353888937,8701.33130668033,1600.0
800.0,11.580239353888937,8701.33130668033,1600.0
800.0,11.573249353888936,13758.557827718947,4000.0
800.0,11.617061384997564,424.0396787992185,400.0
800.0,11.596091384997564,607.3492812878503,800.0
800.0,11.582111384997564,864.501006716037,1600.0
800.0,11.575121384997566,1372.2724496714357,4000.0
800.0,11.617061384997564,864.501006716037,400.0
800.0,11.596091384997564,1226.5923938374622,800.0
800.0,11.582111384997564,1737.5153276686003,1600.0
800.0,11.575121384997566,2749.9690375348873,4000.0
800.0,11.617061384997564,2173.181747877402,400.0
800.0,11.596091384997564,3074.964422911708,800.0
800.0,11.582111384997564,4349.8041998069175,1600.0
800.0,11.575121384997566,6878.7339209430065,4000.0
800.0,11.596091384997564,6152.364198793593,800.0
800.0,11.596091384997564,6152.364198793593,800.0
800.0,11.582111384997564,8701.33130668033,1600.0
800.0,11.575121384997566,13758.557827718947,4000.0
800.0,11.582111384997564,17403.52438682746,1600.0
800.0,11.582111384997564,17403.52438682746,1600.0
800.0,11.582111384997564,17403.52438682746,1600.0
800.0,11.575121384997566,27517.660729319916,4000.0
800.0,11.622908514257205,1083.1704695505666,400.0
800.0,11.601938514257206,1535.0540685895821,800.0
800.0,11.587958514257206,2173.181747877402,1600.0
800.0,11.580968514257204,3438.2776219142493,4000.0
800.0,11.622908514257205,2173.181747877402,400.0
800.0,11.601938514257206,3074.964422911708,800.0
800.0,11.587958514257206,4349.8041998069175,1600.0
800.0,11.580968514257204,6878.7339209430065,4000.0
800.0,11.622908514257205,5437.772042043475,400.0
800.0,11.601938514257206,7690.8207945157155,800.0
800.0,11.587958514257206,10876.922655404833,1600.0
800.0,11.580968514257204,17198.360804286793,4000.0
800.0,11.601938514257206,15382.616540617106,800.0
800.0,11.601938514257206,15382.616540617106,800.0
800.0,11.587958514257206,21754.534760308652,1600.0
800.0,11.580968514257204,34397.157675453105,4000.0
800.0,11.587958514257206,43509.41426585248,1600.0
800.0,11.587958514257206,43509.41426585248,1600.0
800.0,11.587958514257206,43509.41426585248,1600.0
800.0,11.580968514257204,68794.53338952876,4000.0
800.0,11.63347202290091,2173.181747877402,400.0
800.0,11.61250202290091,3074.964422911708,800.0
800.0,11.59852202290091,4349.8041998069175,1600.0
800.0,11.59153202290091,6878.7339209430065,4000.0
800.0,11.63347202290091,4349.8041998069175,400.0
800.0,11.61250202290091,6152.364198793593,800.0
800.0,11.59852202290091,8701.33130668033,1600.0
800.0,11.59153202290091,13758.557827718947,4000.0
800.0,11.63347202290091,10876.922655404833,400.0
800.0,11.61250202290091,15382.616540617106,800.0
800.0,11.59852202290091,21754.534760308652,1600.0
800.0,11.59153202290091,34397.157675453105,4000.0
800.0,11.61250202290091,30765.720614963964,800.0
800.0,11.61250202290091,30765.720614963964,800.0
800.0,11.59852202290091,43509.41426585248,1600.0
800.0,11.59153202290091,68794.53338952876,4000.0
800.0,11.59852202290091,87019.00090688343,1600.0
800.0,11.59852202290091,87019.00090688343,1600.0
800.0,11.59852202290091,87019.00090688343,1600.0
800.0,11.59153202290091,137589.17579901667,4000.0
800.0,11.652743955677911,3914.581391137361,400.0
800.0,11.631773955677911,5536.956308378664,800.0
800.0,11.61779395567791,7831.076901201907,1600.0
800.0,11.61080395567791,12382.625333837315,4000.0
800.0,11.652743955677911,7831.076901201907,400.0
800.0,11.631773955677911,11075.26651688283,800.0
800.0,11.61779395567791,15663.111300674287,1600.0
800.0,11.61080395567791,24765.856298286373,4000.0
800.0,11.652743955677911,19579.032765335036,400.0
800.0,11.631773955677911,27689.114244786684,800.0
800.0,11.61779395567791,39158.448579151554,1600.0
800.0,11.61080395567791,61915.06470705001,4000.0
800.0,11.631773955677911,55378.49934906408,800.0
800.0,11.631773955677911,55378.49934906408,800.0
800.0,11.61779395567791,78317.08868605671,1600.0
800.0,11.61080395567791,123830.25054733169,4000.0
800.0,11.61779395567791,156634.2731364293,1600.0
800.0,11.61779395567791,156634.2731364293,1600.0
800.0,11.61779395567791,156634.2731364293,1600.0
800.0,11.61080395567791,247660.5616613903,4000.0
800.0,11.692079353888936,197.66476075460895,400.0
800.0,11.629169353888937,292.5909884679092,800.0
800.0,11.601209353888937,424.0396787992185,1600.0
800.0,11.580239353888937,680.7912353910007,4000.0
800.0,11.692079353888936,424.0396787992185,400.0
800.0,11.629169353888937,607.3492812878503,800.0
800.0,11.601209353888937,864.501006716037,1600.0
800.0,11.580239353888937,1372.2724496714357,4000.0
800.0,11.692079353888936,1083.1704695505666,400.0
800.0,11.629169353888937,1535.0540685895821,800.0
800.0,11.601209353888937,2173.181747877402,1600.0
800.0,11.580239353888937,3438.2776219142493,4000.0
800.0,11.629169353888937,3074.964422911708,800.0
800.0,11.629169353888937,3074.964422911708,800.0
800.0,11.601209353888937,4349.8041998069175,1600.0
800.0,11.580239353888937,6878.7339209430065,4000.0
800.0,11.601209353888937,8701.33130668033,1600.0
800.0,11.601209353888937,8701.33130668033,1600.0
800.0,11.601209353888937,8701.33130668033,1600.0
800.0,11.580239353888937,13758.557827718947,4000.0
800.0,11.693951384997565,424.0396787992185,400.0
800.0,11.631041384997564,607.3492812878503,800.0
800.0,11.603081384997564,864.501006716037,1600.0
800.0,11.582111384997564,1372.2724496714357,4000.0
800.0,11.693951384997565,864.501006716037,400.0
800.0,11.631041384997564,1226.5923938374622,800.0
800.0,11.603081384997564,1737.5153276686003,1600.0
800.0,11.582111384997564,2749.9690375348873,4000.0
800.0,11.693951384997565,2173.181747877402,400.0
800.0,11.631041384997564,3074.964422911708,800.0
800.0,11.603081384997564,4349.8041998069175,1600.0
800.0,11.582111384997564,6878.7339209430065,4000.0
800.0,11.631041384997564,6152.364198793593,800.0
800.0,11.631041384997564,6152.364198793593,800.0
800.0,11.603081384997564,8701.33130668033,1600.0
800.0,11.582111384997564,13758.557827718947,4000.0
800.0,11.603081384997564,17403.52438682746,1600.0
800.0,11.603081384997564,17403.52438682746,1600.0
800.0,11.603081384997564,17403.52438682746,1600.0
800.0,11.582111384997564,27517.660729319916,4000.0
800.0,11.699798514257205,1083.1704695505666,400.0
800.0,11.636888514257205,1535.0540685895821,800.0
800.0,11.608928514257205,2173.181747877402,1600.0
800.0,11.587958514257206,3438.2776219142493,4000.0
800.0,11.699798514257205,2173.181747877402,400.0
800.0,11.636888514257205,3074.964422911708,800.0
800.0,11.608928514257205,4349.8041998069175,1600.0
800.0,11.587958514257206,6878.7339209430065,4000.0
800.0,11.699798514257205,5437.772042043475,400.0
800.0,11.636888514257205,7690.8207945157155,800.0
800.0,11.608928514257205,10876.922655404833,1600.0
800.0,11.587958514257206,17198.360804286793,4000.0
800.0,11.636888514257205,15382.616540617106,800.0
800.0,11.636888514257205,15382.616540617106,800.0
800.0,11.608928514257205,21754.534760308652,1600.0
800.0,11.587958514257206,34397.157675453105,4000.0
800.0,11.608928514257205,43509.41426585248,1600.0
800.0,11.608928514257205,43509.41426585248,1600.0
800.0,11.608928514257205,43509.41426585248,1600.0
800.0,11.587958514257206,68794.53338952876,4000.0
800.0,11.710362022900911,2173.181747877402,400.0
800.0,11.64745202290091,3074.964422911708,800.0
800.0,11.61949202290091,4349.8041998069175,1600.0
800.0,11.59852202290091,6878.7339209430065,4000.0
800.0,11.710362022900911,4349.8041998069175,400.0
800.0,11.64745202290091,6152.364198793593,800.0
800.0,11.61949202290091,8701.33130668033,1600.0
800.0,11.59852202290091,13758.557827718947,4000.0
800.0,11.710362022900911,10876.922655404833,400.0
800.0,11.64745202290091,15382.616540617106,800.0
800.0,11.61949202290091,21754.534760308652,1600.0
800.0,11.59852202290091,34397.157675453105,4000.0
800.0,11.64745202290091,30765.720614963964,800.0
800.0,11.64745202290091,30765.720614963964,800.0
800.0,11.61949202290091,43509.41426585248,1600.0
800.0,11.59852202290091,68794.53338952876,4000.0
800.0,11.61949202290091,87019.00090688343,1600.0
800.0,11.61949202290091,87019.00090688343,1600.0
800.0,11.61949202290091,87019.00090688343,1600.0
800.0,11.59852202290091,137589.17579901667,4000.0
800.0,11.72963395567791,3914.581391137361,400.0
800.0,11.66672395567791,5536.956308378664,800.0
800.0,11.638763955677911,7831.076901201907,1600.0
800.0,11.61779395567791,12382.625333837315,4000.0
800.0,11.72963395567791,7831.076901201907,400.0
800.0,11.66672395567791,11075.26651688283,800.0
800.0,11.638763955677911,15663.111300674287,1600.0
800.0,11.61779395567791,24765.856298286373,4000.0
800.0,11.72963395567791,19579.032765335036,400.0
800.0,11.66672395567791,27689.114244786684,800.0
800.0,11.638763955677911,39158.448579151554,1600.0
800.0,11.61779395567791,61915.06470705001,4000.0
800.0,11.66672395567791,55378.49934906408,800.0
800.0,11.66672395567791,55378.49934906408,800.0
800.0,11.638763955677911,78317.08868605671,1600.0
800.0,11.61779395567791,123830.25054733169,4000.0
800.0,11.638763955677911,156634.2731364293,1600.0
800.0,11.638763955677911,156634.2731364293,1600.0
800.0,11.638763955677911,156634.2731364293,1600.0
800.0,11.61779395567791,247660.5616613903,4000.0
800.0,11.810909353888936,197.66476075460895,400.0
800.0,11.692079353888936,292.5909884679092,800.0
800.0,11.629169353888937,424.0396787992185,1600.0
800.0,11.594219353888937,680.7912353910007,4000.0
800.0,11.810909353888936,424.0396787992185,400.0
800.0,11.692079353888936,607.3492812878503,800.0
800.0,11.629169353888937,864.501006716037,1600.0
800.0,11.594219353888937,1372.2724496714357,4000.0
800.0,11.810909353888936,1083.1704695505666,400.0
800.0,11.692079353888936,1535.0540685895821,800.0
800.0,11.629169353888937,2173.181747877402,1600.0
800.0,11.594219353888937,3438.2776219142493,4000.0
800.0,11.692079353888936,3074.964422911708,800.0
800.0,11.692079353888936,3074.964422911708,800.0
800.0,11.629169353888937,4349.8041998069175,1600.0
800.0,11.594219353888937,6878.7339209430065,4000.0
800.0,11.629169353888937,8701.33130668033,1600.0
800.0,11.629169353888937,8701.33130668033,1600.0
800.0,11.629169353888937,8701.33130668033,1600.0
800.0,11.594219353888937,13758.557827718947,4000.0
800.0,11.812781384997564,424.0396787992185,400.0
800.0,11.693951384997565,607.3492812878503,800.0
800.0,11.631041384997564,864.501006716037,1600.0
800.0,11.596091384997564,1372.2724496714357,4000.0
800.0,11.812781384997564,864.501006716037,400.0
800.0,11.693951384997565,1226.5923938374622,800.0
800.0,11.631041384997564,1737.5153276686003,1600.0
800.0,11.596091384997564,2749.9690375348873,4000.0
800.0,11.812781384997564,2173.181747877402,400.0
800.0,11.693951384997565,3074.964422911708,800.0
800.0,11.631041384997564,4349.8041998069175,1600.0
800.0,11.596091384997564,6878.7339209430065,4000.0
800.0,11.693951384997565,6152.364198793593,800.0
800.0,11.693951384997565,6152.364198793593,800.0
800.0,11.631041384997564,8701.33130668033,1600.0
800.0,11.596091384997564,13758.557827718947,4000.0
800.0,11.631041384997564,17403.52438682746,1600.0
800.0,11.631041384997564,17403.52438682746,1600.0
800.0,11.631041384997564,17403.52438682746,1600.0
800.0,11.596091384997564,27517.660729319916,4000.0
800.0,11.818628514257206,1083.1704695505666,400.0
800.0,11.699798514257205,1535.0540685895821,800.0
800.0,11.636888514257205,2173.181747877402,1600.0
800.0,11.601938514257206,3438.2776219142493,4000.0
800.0,11.818628514257206,2173.181747877402,400.0
800.0,11.699798514257205,3074.964422911708,800.0
800.0,11.636888514257205,4349.8041998069175,1600.0
800.0,11.601938514257206,6878.7339209430065,4000.0
800.0,11.818628514257206,5437.772042043475,400.0
800.0,11.699798514257205,7690.8207945157155,800.0
800.0,11.636888514257205,10876.922655404833,1600.0
800.0,11.601938514257206,17198.360804286793,4000.0
800.0,11.699798514257205,15382.616540617106,800.0
800.0,11.699798514257205,15382.616540617106,800.0
800.0,11.636888514257205,21754.534760308652,1600.0
800.0,11.601938514257206,34397.157675453105,4000.0
800.0,11.636888514257205,43509.41426585248,1600.0
800.0,11.636888514257205,43509.41426585248,1600.0
800.0,11.636888514257205,43509.41426585248,1600.0
800.0,11.601938514257206,68794.53338952876,4000.0
800.0,11.82919202290091,2173.181747877402,400.0
800.0,11.710362022900911,3074.964422911708,800.0
800.0,11.64745202290091,4349.8041998069175,1600.0
800.0,11.61250202290091,6878.7339209430065,4000.0
800.0,11.82919202290091,4349.8041998069175,400.0
800.0,11.710362022900911,6152.364198793593,800.0
800.0,11.64745202290091,8701.33130668033,1600.0
800.0,11.61250202290091,13758.557827718947,4000.0
800.0,11.82919202290091,10876.922655404833,400.0
800.0,11.710362022900911,15382.616540617106,800.0
800.0,11.64745202290091,21754.534760308652,1600.0
800.0,11.61250202290091,34397.157675453105,4000.0
800.0,11.710362022900911,30765.720614963964,800.0
800.0,11.710362022900911,30765.720614963964,800.0
800.0,11.64745202290091,43509.41426585248,1600.0
800.0,11.61250202290091,68794.53338952876,4000.0
800.0,11.64745202290091,87019.00090688343,1600.0
800.0,11.64745202290091,87019.00090688343,1600.0
800.0,11.64745202290091,87019.00090688343,1600.0
800.0,11.61250202290091,137589.17579901667,4000.0
800.0,11.84846395567791,3914.581391137361,400.0
800.0,11.72963395567791,5536.956308378664,800.0
800.0,11.66672395567791,7831.076901201907,1600.0
800.0,11.631773955677911,12382.625333837315,4000.0
800.0,11.84846395567791,7831.076901201907,400.0
800.0,11.72963395567791,11075.26651688283,800.0
800.0,11.66672395567791,15663.111300674287,1600.0
800.0,11.631773955677911,24765.856298286373,4000.0
800.0,11.84846395567791,19579.032765335036,400.0
800.0,11.72963395567791,27689.114244786684,800.0
800.0,11.66672395567791,39158.448579151554,1600.0
800.0,11.631773955677911,61915.06470705001,4000.0
800.0,11.72963395567791,55378.49934906408,800.0
800.0,11.72963395567791,55378.49934906408,800.0
800.0,11.66672395567791,78317.08868605671,1600.0
800.0,11.631773955677911,123830.25054733169,4000.0
800.0,11.66672395567791,156634.2731364293,1600.0
800.0,11.66672395567791,156634.2731364293,1600.0
800.0,11.66672395567791,156634.2731364293,1600.0
800.0,11.631773955677911,247660.5616613903,4000.0
800.0,12.055559353888937,197.66476075460895,400.0
800.0,11.810909353888936,292.5909884679092,800.0
800.0,11.692079353888936,424.0396787992185,1600.0
800.0,11.615189353888937,680.7912353910007,4000.0
800.0,12.055559353888937,424.0396787992185,400.0
800.0,11.810909353888936,607.3492812878503,800.0
800.0,11.692079353888936,864.501006716037,1600.0
800.0,11.615189353888937,1372.2724496714357,4000.0
800.0,12.055559353888937,1083.1704695505666,400.0
800.0,11.810909353888936,1535.0540685895821,800.0
800.0,11.692079353888936,2173.181747877402,1600.0
800.0,11.615189353888937,3438.2776219142493,4000.0
800.0,11.810909353888936,3074.964422911708,800.0
800.0,11.810909353888936,3074.964422911708,800.0
800.0,11.692079353888936,4349.8041998069175,1600.0
800.0,11.615189353888937,6878.7339209430065,4000.0
800.0,11.692079353888936,8701.33130668033,1600.0
800.0,11.692079353888936,8701.33130668033,1600.0
800.0,11.692079353888936,8701.33130668033,1600.0
800.0,11.615189353888937,13758.557827718947,4000.0
800.0,12.057431384997564,424.0396787992185,400.0
800.0,11.812781384997564,607.3492812878503,800.0
800.0,11.693951384997565,864.501006716037,1600.0
800.0,11.617061384997564,1372.2724496714357,4000.0
800.0,12.057431384997564,864.501006716037,400.0
800.0,11.812781384997564,1226.5923938374622,800.0
800.0,11.693951384997565,1737.5153276686003,1600.0
800.0,11.617061384997564,2749.9690375348873,4000.0
800.0,12.057431384997564,2173.181747877402,400.0
800.0,11.812781384997564,3074.964422911708,800.0
800.0,11.693951384997565,4349.8041998069175,1600.0
800.0,11.617061384997564,6878.7339209430065,4000.0
800.0,11.812781384997564,6152.364198793593,800.0
800.0,11.812781384997564,6152.364198793593,800.0
800.0,11.693951384997565,8701.33130668033,1600.0
800.0,11.617061384997564,13758.557827718947,4000.0
800.0,11.693951384997565,17403.52438682746,1600.0
800.0,11.693951384997565,17403.52438682746,1600.0
800.0,11.693951384997565,17403.52438682746,1600.0
800.0,11.617061384997564,27517.660729319916,4000.0
800.0,12.063278514257206,1083.1704695505666,400.0
800.0,11.818628514257206,1535.0540685895821,800.0
800.0,11.699798514257205,2173.181747877402,1600.0
800.0,11.622908514257205,3438.2776219142493,4000.0
800.0,12.063278514257206,2173.181747877402,400.0
800.0,11.818628514257206,3074.964422911708,800.0
800.0,11.699798514257205,4349.8041998069175,1600.0
800.0,11.622908514257205,6878.7339209430065,4000.0
800.0,12.063278514257206,5437.772042043475,400.0
800.0,11.818628514257206,7690.8207945157155,800.0
800.0,11.699798514257205,10876.922655404833,1600.0
800.0,11.622908514257205,17198.360804286793,4000.0
800.0,11.818628514257206,15382.616540617106,800.0
800.0,11.818628514257206,15382.616540617106,800.0
800.0,11.699798514257205,21754.534760308652,1600.0
800.0,11.622908514257205,34397.157675453105,4000.0
800.0,11.699798514257205,43509.41426585248,1600.0
800.0,11.699798514257205,43509.41426585248,1600.0
800.0,11.699798514257205,43509.41426585248,1600.0
800.0,11.622908514257205,68794.53338952876,4000.0
800.0,12.07384202290091,2173.181747877402,400.0
800.0,11.82919202290091,3074.964422911708,800.0
800.0,11.710362022900911,4349.8041998069175,1600.0
800.0,11.63347202290091,6878.7339209430065,4000.0
800.0,12.07384202290091,4349.8041998069175,400.0
800.0,11.82919202290091,6152.364198793593,800.0
800.0,11.710362022900911,8701.33130668033,1600.0
800.0,11.63347202290091,13758.557827718947,4000.0
800.0,12.07384202290091,10876.922655404833,400.0
800.0,11.82919202290091,15382.616540617106,800.0
800.0,11.710362022900911,21754.534760308652,1600.0
800.0,11.63347202290091,34397.157675453105,4000.0
800.0,11.82919202290091,30765.720614963964,800.0
800.0,11.82919202290091,30765.720614963964,800.0
800.0,11.710362022900911,43509.41426585248,1600.0
800.0,11.63347202290091,68794.53338952876,4000.0
800.0,11.710362022900911,87019.00090688343,1600.0
800.0,11.710362022900911,87019.00090688343,1600.0
800.0,11.710362022900911,87019.00090688343,1600.0
800.0,11.63347202290091,137589.17579901667,4000.0
800.0,12.09311395567791,3914.581391137361,400.0
800.0,11.84846395567791,5536.956308378664,800.0
800.0,11.72963395567791,7831.076901201907,1600.0
800.0,11.652743955677911,12382.625333837315,4000.0
800.0,12.09311395567791,7831.076901201907,400.0
800.0,11.84846395567791,11075.26651688283,800.0
800.0,11.72963395567791,15663.111300674287,1600.0
800.0,11.652743955677911,24765.856298286373,4000.0
800.0,12.09311395567791,19579.032765335036,400.0
800.0,11.84846395567791,27689.114244786684,800.0
800.0,11.72963395567791,39158.448579151554,1600.0
800.0,11.652743955677911,61915.06470705001,4000.0
800.0,11.84846395567791,55378.49934906408,800.0
800.0,11.84846395567791,55378.49934906408,800.0
800.0,11.72963395567791,78317.08868605671,1600.0
800.0,11.652743955677911,123830.25054733169,4000.0
800.0,11.72963395567791,156634.2731364293,1600.0
800.0,11.72963395567791,156634.2731364293,1600.0
800.0,11.72963395567791,156634.2731364293,1600.0
800.0,11.652743955677911,247660.5616613903,4000.0
800.0,12.789509353888937,197.66476075460895,400.0
800.0,12.181379353888936,292.5909884679092,800.0
800.0,11.873819353888937,424.0396787992185,1600.0
800.0,11.692079353888936,680.7912353910007,4000.0
800.0,12.789509353888937,424.0396787992185,400.0
800.0,12.181379353888936,607.3492812878503,800.0
800.0,11.873819353888937,864.501006716037,1600.0
800.0,11.692079353888936,1372.2724496714357,4000.0
800.0,12.789509353888937,1083.1704695505666,400.0
800.0,12.181379353888936,1535.0540685895821,800.0
800.0,11.873819353888937,2173.181747877402,1600.0
800.0,11.692079353888936,3438.2776219142493,4000.0
800.0,12.181379353888936,3074.964422911708,800.0
800.0,12.181379353888936,3074.964422911708,800.0
800.0,11.873819353888937,4349.8041998069175,1600.0
800.0,11.692079353888936,6878.7339209430065,4000.0
800.0,11.873819353888937,8701.33130668033,1600.0
800.0,11.873819353888937,8701.33130668033,1600.0
800.0,11.873819353888937,8701.33130668033,1600.0
800.0,11.692079353888936,13758.557827718947,4000.0
800.0,12.791381384997564,424.0396787992185,400.0
800.0,12.183251384997565,607.3492812878503,800.0
800.0,11.875691384997564,864.501006716037,1600.0
800.0,11.693951384997565,1372.2724496714357,4000.0
800.0,12.791381384997564,864.501006716037,400.0
800.0,12.183251384997565,1226.5923938374622,800.0
800.0,11.875691384997564,1737.5153276686003,1600.0
800.0,11.693951384997565,2749.9690375348873,4000.0
800.0,12.791381384997564,2173.181747877402,400.0
800.0,12.183251384997565,3074.964422911708,800.0
800.0,11.875691384997564,4349.8041998069175,1600.0
800.0,11.693951384997565,6878.7339209430065,4000.0
800.0,12.183251384997565,6152.364198793593,800.0
800.0,12.183251384997565,6152.364198793593,800.0
800.0,11.875691384997564,8701.33130668033,1600.0
800.0,11.693951384997565,13758.557827718947,4000.0
800.0,11.875691384997564,17403.52438682746,1600.0
800.0,11.875691384997564,17403.52438682746,1600.0
800.0,11.875691384997564,17403.52438682746,1600.0
800.0,11.693951384997565,27517.660729319916,4000.0
800.0,12.797228514257206,1083.1704695505666,400.0
800.0,12.189098514257205,1535.0540685895821,800.0
800.0,11.881538514257205,2173.181747877402,1600.0
800.0,11.699798514257205,3438.2776219142493,4000.0
800.0,12.797228514257206,2173.181747877402,400.0
800.0,12.189098514257205,3074.964422911708,800.0
800.0,11.881538514257205,4349.8041998069175,1600.0
800.0,11.699798514257205,6878.7339209430065,4000.0
800.0,12.797228514257206,5437.772042043475,400.0
800.0,12.189098514257205,7690.8207945157155,800.0
800.0,11.881538514257205,10876.922655404833,1600.0
800.0,11.699798514257205,17198.360804286793,4000.0
800.0,12.189098514257205,15382.616540617106,800.0
800.0,12.189098514257205,15382.616540617106,800.0
800.0,11.881538514257205,21754.534760308652,1600.0
800.0,11.699798514257205,34397.157675453105,4000.0
800.0,11.881538514257205,43509.41426585248,1600.0
800.0,11.881538514257205,43509.41426585248,1600.0
800.0,11.881538514257205,43509.41426585248,1600.0
800.0,11.699798514257205,68794.53338952876,4000.0
800.0,12.80779202290091,2173.181747877402,400.0
800.0,12.19966202290091,3074.964422911708,800.0
800.0,11.892102022900911,4349.8041998069175,1600.0
800.0,11.710362022900911,6878.7339209430065,4000.0
800.0,12.80779202290091,4349.8041998069175,400.0
800.0,12.19966202290091,6152.364198793593,800.0
800.0,11.892102022900911,8701.33130668033,1600.0
800.0,11.710362022900911,13758.557827718947,4000.0
800.0,12.80779202290091,10876.922655404833,400.0
800.0,12.19966202290091,15382.616540617106,800.0
800.0,11.892102022900911,21754.534760308652,1600.0
800.0,11.710362022900911,34397.157675453105,4000.0
800.0,12.19966202290091,30765.720614963964,800.0
800.0,12.19966202290091,30765.720614963964,800.0
800.0,11.892102022900911,43509.41426585248,1600.0
800.0,11.710362022900911,68794.53338952876,4000.0
800.0,11.892102022900911,87019.00090688343,1600.0
800.0,11.892102022900911,87019.00090688343,1600.0
800.0,11.892102022900911,87019.00090688343,1600.0
800.0,11.710362022900911,137589.17579901667,4000.0
800.0,12.827063955677911,3914.581391137361,400.0
800.0,12.21893395567791,5536.956308378664,800.0
800.0,11.91137395567791,7831.076901201907,1600.0
800.0,11.72963395567791,12382.625333837315,4000.0
800.0,12.827063955677911,7831.076901201907,400.0
800.0,12.21893395567791,11075.26651688283,800.0
800.0,11.91137395567791,15663.111300674287,1600.0
800.0,11.72963395567791,24765.856298286373,4000.0
800.0,12.827063955677911,19579.032765335036,400.0
800.0,12.21893395567791,27689.114244786684,800.0
800.0,11.91137395567791,39158.448579151554,1600.0
800.0,11.72963395567791,61915.06470705001,4000.0
800.0,12.21893395567791,55378.49934906408,800.0
800.0,12.21893395567791,55378.49934906408,800.0
800.0,11.91137395567791,78317.08868605671,1600.0
800.0,11.72963395567791,123830.25054733169,4000.0
800.0,11.91137395567791,156634.2731364293,1600.0
800.0,11.91137395567791,156634.2731364293,1600.0
800.0,11.91137395567791,156634.2731364293,1600.0
800.0,11.72963395567791,247660.5616613903,4000.0
800.0,11.619305213336073,46.89251938237402,244.00000000000003
800.0,11.598335213336073,80.07640442849642,400.0
800.0,11.584355213336073,128.97312325302045,800.0
800.0,11.577365213336073,224.95482214117698,2000.0
800.0,11.619305213336073,128.97312325302045,244.00000000000003
800.0,11.598335213336073,197.66476075460895,400.0
800.0,11.584355213336073,292.5909884679092,800.0
800.0,11.577365213336073,476.4875117453869,2000.0
800.0,11.619305213336073,372.1963622040912,244.00000000000003
800.0,11.598335213336073,534.9024508859719,400.0
800.0,11.584355213336073,762.7276414068033,800.0
800.0,11.577365213336073,1212.037635838607,2000.0
800.0,11.598335213336073,1083.1704695505666,400.0
800.0,11.598335213336073,1083.1704695505666,400.0
800.0,11.584355213336073,1535.0540685895821,800.0
800.0,11.577365213336073,2430.203521411342,2000.0
800.0,11.584355213336073,3074.964422911708,800.0
800.0,11.584355213336073,3074.964422911708,800.0
800.0,11.584355213336073,3074.964422911708,800.0
800.0,11.577365213336073,4863.485719670995,2000.0
800.0,11.62126076824838,128.97312325302045,200.0
800.0,11.60029076824838,197.66476075460895,400.0
800.0,11.58631076824838,292.5909884679092,800.0
800.0,11.57932076824838,476.4875117453869,2000.0
800.0,11.62126076824838,292.5909884679092,200.0
800.0,11.60029076824838,424.0396787992185,400.0
800.0,11.58631076824838,607.3492812878503,800.0
800.0,11.57932076824838,967.8037550860431,2000.0
800.0,11.62126076824838,762.7276414068033,200.0
800.0,11.60029076824838,1083.1704695505666,400.0
800.0,11.58631076824838,1535.0540685895821,800.0
800.0,11.57932076824838,2430.203521411342,2000.0
800.0,11.60029076824838,2173.181747877402,400.0
800.0,11.60029076824838,2173.181747877402,400.0
800.0,11.58631076824838,3074.964422911708,800.0
800.0,11.57932076824838,4863.485719670995,2000.0
800.0,11.58631076824838,6152.364198793593,800.0
800.0,11.58631076824838,6152.364198793593,800.0
800.0,11.58631076824838,6152.364198793593,800.0
800.0,11.57932076824838,9728.512606848253,2000.0
800.0,11.627368776974244,372.1963622040912,200.0
800.0,11.606398776974244,534.9024508859719,400.0
800.0,11.592418776974243,762.7276414068033,800.0
800.0,11.585428776974243,1212.037635838607,2000.0
800.0,11.627368776974244,762.7276414068033,200.0
800.0,11.606398776974244,1083.1704695505666,400.0
800.0,11.592418776974243,1535.0540685895821,800.0
800.0,11.585428776974243,2430.203521411342,2000.0
800.0,11.627368776974244,1920.2726754652992,200.0
800.0,11.606398776974244,2717.5087589719446,400.0
800.0,11.592418776974243,3844.435908910544,800.0
800.0,11.585428776974243,6079.819442705759,2000.0
800.0,11.606398776974244,5437.772042043475,400.0
800.0,11.606398776974244,5437.772042043475,400.0
800.0,11.592418776974243,7690.8207945157155,800.0
800.0,11.585428776974243,12160.871995226513,2000.0
800.0,11.592418776974243,15382.616540617106,800.0
800.0,11.592418776974243,15382.616540617106,800.0
800.0,11.592418776974243,15382.616540617106,800.0
800.0,11.585428776974243,24322.360662603583,2000.0
800.0,11.638403594250619,762.7276414068033,200.0
800.0,11.617433594250619,1083.1704695505666,400.0
800.0,11.603453594250619,1535.0540685895821,800.0
800.0,11.596463594250618,2430.203521411342,2000.0
800.0,11.638403594250619,1535.0540685895821,200.0
800.0,11.617433594250619,2173.181747877402,400.0
800.0,11.603453594250619,3074.964422911708,800.0
800.0,11.596463594250618,4863.485719670995,2000.0
800.0,11.638403594250619,3844.435908910544,200.0
800.0,11.617433594250619,5437.772042043475,400.0
800.0,11.603453594250619,7690.8207945157155,800.0
800.0,11.596463594250618,12160.871995226513,2000.0
800.0,11.617433594250619,10876.922655404833,400.0
800.0,11.617433594250619,10876.922655404833,400.0
800.0,11.603453594250619,15382.616540617106,800.0
800.0,11.596463594250618,24322.360662603583,2000.0
800.0,11.603453594250619,30765.720614963964,800.0
800.0,11.603453594250619,30765.720614963964,800.0
800.0,11.603453594250619,30765.720614963964,800.0
800.0,11.596463594250618,48645.02967594108,2000.0
800.0,11.658535376590146,1380.8673071277408,200.0
800.0,11.637565376590146,1955.3800796020255,400.0
800.0,11.623585376590146,2767.125494312805,800.0
800.0,11.616595376590146,4376.920310300908,2000.0
800.0,11.658535376590146,2767.125494312805,200.0
800.0,11.637565376590146,3914.581391137361,400.0
800.0,11.623585376590146,5536.956308378664,800.0
800.0,11.616595376590146,8755.552869874531,2000.0
800.0,11.658535376590146,6921.601516779892,200.0
800.0,11.637565376590146,9789.133362286504,400.0
800.0,11.623585376590146,13844.286272838208,800.0
800.0,11.616595376590146,21890.081199374206,2000.0
800.0,11.637565376590146,19579.032765335036,400.0
800.0,11.637565376590146,19579.032765335036,400.0
800.0,11.623585376590146,27689.114244786684,800.0
800.0,11.616595376590146,43780.50500940143,2000.0
800.0,11.623585376590146,55378.49934906408,800.0
800.0,11.623585376590146,55378.49934906408,800.0
800.0,11.623585376590146,55378.49934906408,800.0
800.0,11.616595376590146,87561.18132664298,2000.0
800.0,11.668235213336072,46.89251938237402,244.00000000000003
800.0,11.619305213336073,80.07640442849642,400.0
800.0,11.598335213336073,128.97312325302045,800.0
800.0,11.584355213336073,224.95482214117698,2000.0
800.0,11.668235213336072,128.97312325302045,244.00000000000003
800.0,11.619305213336073,197.66476075460895,400.0
800.0,11.598335213336073,292.5909884679092,800.0
800.0,11.584355213336073,476.4875117453869,2000.0
800.0,11.668235213336072,372.1963622040912,244.00000000000003
800.0,11.619305213336073,534.9024508859719,400.0
800.0,11.598335213336073,762.7276414068033,800.0
800.0,11.584355213336073,1212.037635838607,2000.0
800.0,11.619305213336073,1083.1704695505666,400.0
800.0,11.619305213336073,1083.1704695505666,400.0
800.0,11.598335213336073,1535.0540685895821,800.0
800.0,11.584355213336073,2430.203521411342,2000.0
800.0,11.598335213336073,3074.964422911708,800.0
800.0,11.598335213336073,3074.964422911708,800.0
800.0,11.598335213336073,3074.964422911708,800.0
800.0,11.584355213336073,4863.485719670995,2000.0
800.0,11.67019076824838,128.97312325302045,200.0
800.0,11.62126076824838,197.66476075460895,400.0
800.0,11.60029076824838,292.5909884679092,800.0
800.0,11.58631076824838,476.4875117453869,2000.0
800.0,11.67019076824838,292.5909884679092,200.0
800.0,11.62126076824838,424.0396787992185,400.0
800.0,11.60029076824838,607.3492812878503,800.0
800.0,11.58631076824838,967.8037550860431,2000.0
800.0,11.67019076824838,762.7276414068033,200.0
800.0,11.62126076824838,1083.1704695505666,400.0
800.0,11.60029076824838,1535.0540685895821,800.0
800.0,11.58631076824838,2430.203521411342,2000.0
800.0,11.62126076824838,2173.181747877402,400.0
800.0,11.62126076824838,2173.181747877402,400.0
800.0,11.60029076824838,3074.964422911708,800.0
800.0,11.58631076824838,4863.485719670995,2000.0
800.0,11.60029076824838,6152.364198793593,800.0
800.0,11.60029076824838,6152.364198793593,800.0
800.0,11.60029076824838,6152.364198793593,800.0
800.0,11.58631076824838,9728.512606848253,2000.0
800.0,11.676298776974244,372.1963622040912,200.0
800.0,11.627368776974244,534.9024508859719,400.0
800.0,11.606398776974244,762.7276414068033,800.0
800.0,11.592418776974243,1212.037635838607,2000.0
800.0,11.676298776974244,762.7276414068033,200.0
800.0,11.627368776974244,1083.1704695505666,400.0
800.0,11.606398776974244,1535.0540685895821,800.0
800.0,11.592418776974243,2430.203521411342,2000.0
800.0,11.676298776974244,1920.2726754652992,200.0
800.0,11.627368776974244,2717.5087589719446,400.0
800.0,11.606398776974244,3844.435908910544,800.0
800.0,11.592418776974243,6079.819442705759,2000.0
800.0,11.627368776974244,5437.772042043475,400.0
800.0,11.627368776974244,5437.772042043475,400.0
800.0,11.606398776974244,7690.8207945157155,800.0
800.0,11.592418776974243,12160.871995226513,2000.0
800.0,11.606398776974244,15382.616540617106,800.0
800.0,11.606398776974244,15382.616540617106,800.0
800.0,11.606398776974244,15382.616540617106,800.0
800.0,11.592418776974243,24322.360662603583,2000.0
800.0,11.68733359425062,762.7276414068033,200.0
800.0,11.638403594250619,1083.1704695505666,400.0
800.0,11.617433594250619,1535.0540685895821,800.0
800.0,11.603453594250619,2430.203521411342,2000.0
800.0,11.68733359425062,1535.0540685895821,200.0
800.0,11.638403594250619,2173.181747877402,400.0
800.0,11.617433594250619,3074.964422911708,800.0
800.0,11.603453594250619,4863.485719670995,2000.0
800.0,11.68733359425062,3844.435908910544,200.0
800.0,11.638403594250619,5437.772042043475,400.0
800.0,11.617433594250619,7690.8207945157155,800.0
800.0,11.603453594250619,12160.871995226513,2000.0
800.0,11.638403594250619,10876.922655404833,400.0
800.0,11.638403594250619,10876.922655404833,400.0
800.0,11.617433594250619,15382.616540617106,800.0
800.0,11.603453594250619,24322.360662603583,2000.0
800.0,11.617433594250619,30765.720614963964,800.0
800.0,11.617433594250619,30765.720614963964,800.0
800.0,11.617433594250619,30765.720614963964,800.0
800.0,11.603453594250619,48645.02967594108,2000.0
800.0,11.707465376590147,1380.8673071277408,200.0
800.0,11.658535376590146,1955.3800796020255,400.0
800.0,11.637565376590146,2767.125494312805,800.0
800.0,11.623585376590146,4376.920310300908,2000.0
800.0,11.707465376590147,2767.125494312805,200.0
800.0,11.658535376590146,3914.581391137361,400.0
800.0,11.637565376590146,5536.956308378664,800.0
800.0,11.623585376590146,8755.552869874531,2000.0
800.0,11.707465376590147,6921.601516779892,200.0
800.0,11.658535376590146,9789.133362286504,400.0
800.0,11.637565376590146,13844.286272838208,800.0
800.0,11.623585376590146,21890.081199374206,2000.0
800.0,11.658535376590146,19579.032765335036,400.0
800.0,11.658535376590146,19579.032765335036,400.0
800.0,11.637565376590146,27689.114244786684,800.0
800.0,11.623585376590146,43780.50500940143,2000.0
800.0,11.637565376590146,55378.49934906408,800.0
800.0,11.637565376590146,55378.49934906408,800.0
800.0,11.637565376590146,55378.49934906408,800.0
800.0,11.623585376590146,87561.18132664298,2000.0
800.0,11.815025213336073,46.89251938237402,244.00000000000003
800.0,11.696195213336072,80.07640442849642,400.0
800.0,11.633285213336073,128.97312325302045,800.0
800.0,11.598335213336073,224.95482214117698,2000.0
800.0,11.815025213336073,128.97312325302045,244.00000000000003
800.0,11.696195213336072,197.66476075460895,400.0
800.0,11.633285213336073,292.5909884679092,800.0
800.0,11.598335213336073,476.4875117453869,2000.0
800.0,11.815025213336073,372.1963622040912,244.00000000000003
800.0,11.696195213336072,534.9024508859719,400.0
800.0,11.633285213336073,762.7276414068033,800.0
800.0,11.598335213336073,1212.037635838607,2000.0
800.0,11.696195213336072,1083.1704695505666,400.0
800.0,11.696195213336072,1083.1704695505666,400.0
800.0,11.633285213336073,1535.0540685895821,800.0
800.0,11.598335213336073,2430.203521411342,2000.0
800.0,11.633285213336073,3074.964422911708,800.0
800.0,11.633285213336073,3074.964422911708,800.0
800.0,11.633285213336073,3074.964422911708,800.0
800.0,11.598335213336073,4863.485719670995,2000.0
800.0,11.81698076824838,128.97312325302045,200.0
800.0,11.69815076824838,197.66476075460895,400.0
800.0,11.63524076824838,292.5909884679092,800.0
800.0,11.60029076824838,476.4875117453869,2000.0
800.0,11.81698076824838,292.5909884679092,200.0
800.0,11.69815076824838,424.0396787992185,400.0
800.0,11.63524076824838,607.3492812878503,800.0
800.0,11.60029076824838,967.8037550860431,2000.0
800.0,11.81698076824838,762.7276414068033,200.0
800.0,11.69815076824838,1083.1704695505666,400.0
800.0,11.63524076824838,1535.0540685895821,800.0
800.0,11.60029076824838,2430.203521411342,2000.0
800.0,11.69815076824838,2173.181747877402,400.0
800.0,11.69815076824838,2173.181747877402,400.0
800.0,11.63524076824838,3074.964422911708,800.0
800.0,11.60029076824838,4863.485719670995,2000.0
800.0,11.63524076824838,6152.364198793593,800.0
800.0,11.63524076824838,6152.364198793593,800.0
800.0,11.63524076824838,6152.364198793593,800.0
800.0,11.60029076824838,9728.512606848253,2000.0
800.0,11.823088776974243,372.1963622040912,200.0
800.0,11.704258776974243,534.9024508859719,400.0
800.0,11.641348776974244,762.7276414068033,800.0
800.0,11.606398776974244,1212.037635838607,2000.0
800.0,11.823088776974243,762.7276414068033,200.0
800.0,11.704258776974243,1083.1704695505666,400.0
800.0,11.641348776974244,1535.0540685895821,800.0
800.0,11.606398776974244,2430.203521411342,2000.0
800.0,11.823088776974243,1920.2726754652992,200.0
800.0,11.704258776974243,2717.5087589719446,400.0
800.0,11.641348776974244,3844.435908910544,800.0
800.0,11.606398776974244,6079.819442705759,2000.0
800.0,11.704258776974243,5437.772042043475,400.0
800.0,11.704258776974243,5437.772042043475,400.0
800.0,11.641348776974244,7690.8207945157155,800.0
800.0,11.606398776974244,12160.871995226513,2000.0
800.0,11.641348776974244,15382.616540617106,800.0
800.0,11.641348776974244,15382.616540617106,800.0
800.0,11.641348776974244,15382.616540617106,800.0
800.0,11.606398776974244,24322.360662603583,2000.0
800.0,11.834123594250618,762.7276414068033,200.0
800.0,11.71529359425062,1083.1704695505666,400.0
800.0,11.652383594250619,1535.0540685895821,800.0
800.0,11.617433594250619,2430.203521411342,2000.0
800.0,11.834123594250618,1535.0540685895821,200.0
800.0,11.71529359425062,2173.181747877402,400.0
800.0,11.652383594250619,3074.964422911708,800.0
800.0,11.617433594250619,4863.485719670995,2000.0
800.0,11.834123594250618,3844.435908910544,200.0
800.0,11.71529359425062,5437.772042043475,400.0
800.0,11.652383594250619,7690.8207945157155,800.0
800.0,11.617433594250619,12160.871995226513,2000.0
800.0,11.71529359425062,10876.922655404833,400.0
800.0,11.71529359425062,10876.922655404833,400.0
800.0,11.652383594250619,15382.616540617106,800.0
800.0,11.617433594250619,24322.360662603583,2000.0
800.0,11.652383594250619,30765.720614963964,800.0
800.0,11.652383594250619,30765.720614963964,800.0
800.0,11.652383594250619,30765.720614963964,800.0
800.0,11.617433594250619,48645.02967594108,2000.0
800.0,11.854255376590146,1380.8673071277408,200.0
800.0,11.735425376590145,1955.3800796020255,400.0
800.0,11.672515376590146,2767.125494312805,800.0
800.0,11.637565376590146,4376.920310300908,2000.0
800.0,11.854255376590146,2767.125494312805,200.0
800.0,11.735425376590145,3914.581391137361,400.0
800.0,11.672515376590146,5536.956308378664,800.0
800.0,11.637565376590146,8755.552869874531,2000.0
800.0,11.854255376590146,6921.601516779892,200.0
800.0,11.735425376590145,9789.133362286504,400.0
800.0,11.672515376590146,13844.286272838208,800.0
800.0,11.637565376590146,21890.081199374206,2000.0
800.0,11.735425376590145,19579.032765335036,400.0
800.0,11.735425376590145,19579.032765335036,400.0
800.0,11.672515376590146,27689.114244786684,800.0
800.0,11.637565376590146,43780.50500940143,2000.0
800.0,11.672515376590146,55378.49934906408,800.0
800.0,11.672515376590146,55378.49934906408,800.0
800.0,11.672515376590146,55378.49934906408,800.0
800.0,11.637565376590146,87561.18132664298,2000.0
800.0,12.059675213336073,46.89251938237402,244.00000000000003
800.0,11.815025213336073,80.07640442849642,400.0
800.0,11.696195213336072,128.97312325302045,800.0
800.0,11.619305213336073,224.95482214117698,2000.0
800.0,12.059675213336073,128.97312325302045,244.00000000000003
800.0,11.815025213336073,197.66476075460895,400.0
800.0,11.696195213336072,292.5909884679092,800.0
800.0,11.619305213336073,476.4875117453869,2000.0
800.0,12.059675213336073,372.1963622040912,244.00000000000003
800.0,11.815025213336073,534.9024508859719,400.0
800.0,11.696195213336072,762.7276414068033,800.0
800.0,11.619305213336073,1212.037635838607,2000.0
800.0,11.815025213336073,1083.1704695505666,400.0
800.0,11.815025213336073,1083.1704695505666,400.0
800.0,11.696195213336072,1535.0540685895821,800.0
800.0,11.619305213336073,2430.203521411342,2000.0
800.0,11.696195213336072,3074.964422911708,800.0
800.0,11.696195213336072,3074.964422911708,800.0
800.0,11.696195213336072,3074.964422911708,800.0
800.0,11.619305213336073,4863.485719670995,2000.0
800.0,12.06163076824838,128.97312325302045,200.0
800.0,11.81698076824838,197.66476075460895,400.0
800.0,11.69815076824838,292.5909884679092,800.0
800.0,11.62126076824838,476.4875117453869,2000.0
800.0,12.06163076824838,292.5909884679092,200.0
800.0,11.81698076824838,424.0396787992185,400.0
800.0,11.69815076824838,607.3492812878503,800.0
800.0,11.62126076824838,967.8037550860431,2000.0
800.0,12.06163076824838,762.7276414068033,200.0
800.0,11.81698076824838,1083.1704695505666,400.0
800.0,11.69815076824838,1535.0540685895821,800.0
800.0,11.62126076824838,2430.203521411342,2000.0
800.0,11.81698076824838,2173.181747877402,400.0
800.0,11.81698076824838,2173.181747877402,400.0
800.0,11.69815076824838,3074.964422911708,800.0
800.0,11.62126076824838,4863.485719670995,2000.0
800.0,11.69815076824838,6152.364198793593,800.0
800.0,11.69815076824838,6152.364198793593,800.0
800.0,11.69815076824838,6152.364198793593,800.0
800.0,11.62126076824838,9728.512606848253,2000.0
800.0,12.067738776974243,372.1963622040912,200.0
800.0,11.823088776974243,534.9024508859719,400.0
800.0,11.704258776974243,762.7276414068033,800.0
800.0,11.627368776974244,1212.037635838607,2000.0
800.0,12.067738776974243,762.7276414068033,200.0
800.0,11.823088776974243,1083.1704695505666,400.0
800.0,11.704258776974243,1535.0540685895821,800.0
800.0,11.627368776974244,2430.203521411342,2000.0
800.0,12.067738776974243,1920.2726754652992,200.0
800.0,11.823088776974243,2717.5087589719446,400.0
800.0,11.704258776974243,3844.435908910544,800.0
800.0,11.627368776974244,6079.819442705759,2000.0
800.0,11.823088776974243,5437.772042043475,400.0
800.0,11.823088776974243,5437.772042043475,400.0
800.0,11.704258776974243,7690.8207945157155,800.0
800.0,11.627368776974244,12160.871995226513,2000.0
800.0,11.704258776974243,15382.616540617106,800.0
800.0,11.704258776974243,15382.616540617106,800.0
800.0,11.704258776974243,15382.616540617106,800.0
800.0,11.627368776974244,24322.360662603583,2000.0
800.0,12.078773594250618,762.7276414068033,200.0
800.0,11.834123594250618,1083.1704695505666,400.0
800.0,11.71529359425062,1535.0540685895821,800.0
800.0,11.638403594250619,2430.203521411342,2000.0
800.0,12.078773594250618,1535.0540685895821,200.0
800.0,11.834123594250618,2173.181747877402,400.0
800.0,11.71529359425062,3074.964422911708,800.0
800.0,11.638403594250619,4863.485719670995,2000.0
800.0,12.078773594250618,3844.435908910544,200.0
800.0,11.834123594250618,5437.772042043475,400.0
800.0,11.71529359425062,7690.8207945157155,800.0
800.0,11.638403594250619,12160.871995226513,2000.0
800.0,11.834123594250618,10876.922655404833,400.0
800.0,11.834123594250618,10876.922655404833,400.0
800.0,11.71529359425062,15382.616540617106,800.0
800.0,11.638403594250619,24322.360662603583,2000.0
800.0,11.71529359425062,30765.720614963964,800.0
800.0,11.71529359425062,30765.720614963964,800.0
800.0,11.71529359425062,30765.720614963964,800.0
800.0,11.638403594250619,48645.02967594108,2000.0
800.0,12.098905376590146,1380.8673071277408,200.0
800.0,11.854255376590146,1955.3800796020255,400.0
800.0,11.735425376590145,2767.125494312805,800.0
800.0,11.658535376590146,4376.920310300908,2000.0
800.0,12.098905376590146,2767.125494312805,200.0
800.0,11.854255376590146,3914.581391137361,400.0
800.0,11.735425376590145,5536.956308378664,800.0
800.0,11.658535376590146,8755.552869874531,2000.0
800.0,12.098905376590146,6921.601516779892,200.0
800.0,11.854255376590146,9789.133362286504,400.0
800.0,11.735425376590145,13844.286272838208,800.0
800.0,11.658535376590146,21890.081199374206,2000.0
800.0,11.854255376590146,19579.032765335036,400.0
800.0,11.854255376590146,19579.032765335036,400.0
800.0,11.735425376590145,27689.114244786684,800.0
800.0,11.658535376590146,43780.50500940143,2000.0
800.0,11.735425376590145,55378.49934906408,800.0
800.0,11.735425376590145,55378.49934906408,800.0
800.0,11.735425376590145,55378.49934906408,800.0
800.0,11.658535376590146,87561.18132664298,2000.0
800.0,12.548975213336071,46.89251938237402,244.00000000000003
800.0,12.059675213336073,80.07640442849642,400.0
800.0,11.815025213336073,128.97312325302045,800.0
800.0,11.668235213336072,224.95482214117698,2000.0
800.0,12.548975213336071,128.97312325302045,244.00000000000003
800.0,12.059675213336073,197.66476075460895,400.0
800.0,11.815025213336073,292.5909884679092,800.0
800.0,11.668235213336072,476.4875117453869,2000.0
800.0,12.548975213336071,372.1963622040912,244.00000000000003
800.0,12.059675213336073,534.9024508859719,400.0
800.0,11.815025213336073,762.7276414068033,800.0
800.0,11.668235213336072,1212.037635838607,2000.0
800.0,12.059675213336073,1083.1704695505666,400.0
800.0,12.059675213336073,1083.1704695505666,400.0
800.0,11.815025213336073,1535.0540685895821,800.0
800.0,11.668235213336072,2430.203521411342,2000.0
800.0,11.815025213336073,3074.964422911708,800.0
800.0,11.815025213336073,3074.964422911708,800.0
800.0,11.815025213336073,3074.964422911708,800.0
800.0,11.668235213336072,4863.485719670995,2000.0
800.0,12.55093076824838,128.97312325302045,200.0
800.0,12.06163076824838,197.66476075460895,400.0
800.0,11.81698076824838,292.5909884679092,800.0
800.0,11.67019076824838,476.4875117453869,2000.0
800.0,12.55093076824838,292.5909884679092,200.0
800.0,12.06163076824838,424.0396787992185,400.0
800.0,11.81698076824838,607.3492812878503,800.0
800.0,11.67019076824838,967.8037550860431,2000.0
800.0,12.55093076824838,762.7276414068033,200.0
800.0,12.06163076824838,1083.1704695505666,400.0
800.0,11.81698076824838,1535.0540685895821,800.0
800.0,11.67019076824838,2430.203521411342,2000.0
800.0,12.06163076824838,2173.181747877402,400.0
800.0,12.06163076824838,2173.181747877402,400.0
800.0,11.81698076824838,3074.964422911708,800.0
800.0,11.67019076824838,4863.485719670995,2000.0
800.0,11.81698076824838,6152.364198793593,800.0
800.0,11.81698076824838,6152.364198793593,800.0
800.0,11.81698076824838,6152.364198793593,800.0
800.0,11.67019076824838,9728.512606848253,2000.0
800.0,12.557038776974244,372.1963622040912,200.0
800.0,12.067738776974243,534.9024508859719,400.0
800.0,11.823088776974243,762.7276414068033,800.0
800.0,11.676298776974244,1212.037635838607,2000.0
800.0,12.557038776974244,762.7276414068033,200.0
800.0,12.067738776974243,1083.1704695505666,400.0
800.0,11.823088776974243,1535.0540685895821,800.0
800.0,11.676298776974244,2430.203521411342,2000.0
800.0,12.557038776974244,1920.2726754652992,200.0
800.0,12.067738776974243,2717.5087589719446,400.0
800.0,11.823088776974243,3844.435908910544,800.0
800.0,11.676298776974244,6079.819442705759,2000.0
800.0,12.067738776974243,5437.772042043475,400.0
800.0,12.067738776974243,5437.772042043475,400.0
800.0,11.823088776974243,7690.8207945157155,800.0
800.0,11.676298776974244,12160.871995226513,2000.0
800.0,11.823088776974243,15382.616540617106,800.0
800.0,11.823088776974243,15382.616540617106,800.0
800.0,11.823088776974243,15382.616540617106,800.0
800.0,11.676298776974244,24322.360662603583,2000.0
800.0,12.568073594250619,762.7276414068033,200.0
800.0,12.078773594250618,1083.1704695505666,400.0
800.0,11.834123594250618,1535.0540685895821,800.0
800.0,11.68733359425062,2430.203521411342,2000.0
800.0,12.568073594250619,1535.0540685895821,200.0
800.0,12.078773594250618,2173.181747877402,400.0
800.0,11.834123594250618,3074.964422911708,800.0
800.0,11.68733359425062,4863.485719670995,2000.0
800.0,12.568073594250619,3844.435908910544,200.0
800.0,12.078773594250618,5437.772042043475,400.0
800.0,11.834123594250618,7690.8207945157155,800.0
800.0,11.68733359425062,12160.871995226513,2000.0
800.0,12.078773594250618,10876.922655404833,400.0
800.0,12.078773594250618,10876.922655404833,400.0
800.0,11.834123594250618,15382.616540617106,800.0
800.0,11.68733359425062,24322.360662603583,2000.0
800.0,11.834123594250618,30765.720614963964,800.0
800.0,11.834123594250618,30765.720614963964,800.0
800.0,11.834123594250618,30765.720614963964,800.0
800.0,11.68733359425062,48645.02967594108,2000.0
800.0,12.588205376590146,1380.8673071277408,200.0
800.0,12.098905376590146,1955.3800796020255,400.0
800.0,11.854255376590146,2767.125494312805,800.0
800.0,11.707465376590147,4376.920310300908,2000.0
800.0,12.588205376590146,2767.125494312805,200.0
800.0,12.098905376590146,3914.581391137361,400.0
800.0,11.854255376590146,5536.956308378664,800.0
800.0,11.707465376590147,8755.552869874531,2000.0
800.0,12.588205376590146,6921.601516779892,200.0
800.0,12.098905376590146,9789.133362286504,400.0
800.0,11.854255376590146,13844.286272838208,800.0
800.0,11.707465376590147,21890.081199374206,2000.0
800.0,12.098905376590146,19579.032765335036,400.0
800.0,12.098905376590146,19579.032765335036,400.0
800.0,11.854255376590146,27689.114244786684,800.0
800.0,11.707465376590147,43780.50500940143,2000.0
800.0,11.854255376590146,55378.49934906408,800.0
800.0,11.854255376590146,55378.49934906408,800.0
800.0,11.854255376590146,55378.49934906408,800.0
800.0,11.707465376590147,87561.18132664298,2000.0
800.0,14.016875213336071,46.89251938237402,244.00000000000003
800.0,12.793625213336073,80.07640442849642,400.0
800.0,12.185495213336072,128.97312325302045,800.0
800.0,11.815025213336073,224.95482214117698,2000.0
800.0,14.016875213336071,128.97312325302045,244.00000000000003
800.0,12.793625213336073,197.66476075460895,400.0
800.0,12.185495213336072,292.5909884679092,800.0
800.0,11.815025213336073,476.4875117453869,2000.0
800.0,14.016875213336071,372.1963622040912,244.00000000000003
800.0,12.793625213336073,534.9024508859719,400.0
800.0,12.185495213336072,762.7276414068033,800.0
800.0,11.815025213336073,1212.037635838607,2000.0
800.0,12.793625213336073,1083.1704695505666,400.0
800.0,12.793625213336073,1083.1704695505666,400.0
800.0,12.185495213336072,1535.0540685895821,800.0
800.0,11.815025213336073,2430.203521411342,2000.0
800.0,12.185495213336072,3074.964422911708,800.0
800.0,12.185495213336072,3074.964422911708,800.0
800.0,12.185495213336072,3074.964422911708,800.0
800.0,11.815025213336073,4863.485719670995,2000.0
800.0,14.01883076824838,128.97312325302045,200.0
800.0,12.79558076824838,197.66476075460895,400.0
800.0,12.18745076824838,292.5909884679092,800.0
800.0,11.81698076824838,476.4875117453869,2000.0
800.0,14.01883076824838,292.5909884679092,200.0
800.0,12.79558076824838,424.0396787992185,400.0
800.0,12.18745076824838,607.3492812878503,800.0
800.0,11.81698076824838,967.8037550860431,2000.0
800.0,14.01883076824838,762.7276414068033,200.0
800.0,12.79558076824838,1083.1704695505666,400.0
800.0,12.18745076824838,1535.0540685895821,800.0
800.0,11.81698076824838,2430.203521411342,2000.0
800.0,12.79558076824838,2173.181747877402,400.0
800.0,12.79558076824838,2173.181747877402,400.0
800.0,12.18745076824838,3074.964422911708,800.0
800.0,11.81698076824838,4863.485719670995,2000.0
800.0,12.18745076824838,6152.364198793593,800.0
800.0,12.18745076824838,6152.364198793593,800.0
800.0,12.18745076824838,6152.364198793593,800.0
800.0,11.81698076824838,9728.512606848253,2000.0
800.0,14.024938776974244,372.1963622040912,200.0
800.0,12.801688776974244,534.9024508859719,400.0
800.0,12.193558776974243,762.7276414068033,800.0
800.0,11.823088776974243,1212.037635838607,2000.0
800.0,14.024938776974244,762.7276414068033,200.0
800.0,12.801688776974244,1083.1704695505666,400.0
800.0,12.193558776974243,1535.0540685895821,800.0
800.0,11.823088776974243,2430.203521411342,2000.0
800.0,14.024938776974244,1920.2726754652992,200.0
800.0,12.801688776974244,2717.5087589719446,400.0
800.0,12.193558776974243,3844.435908910544,800.0
800.0,11.823088776974243,6079.819442705759,2000.0
800.0,12.801688776974244,5437.772042043475,400.0
800.0,12.801688776974244,5437.772042043475,400.0
800.0,12.193558776974243,7690.8207945157155,800.0
800.0,11.823088776974243,12160.871995226513,2000.0
800.0,12.193558776974243,15382.616540617106,800.0
800.0,12.193558776974243,15382.616540617106,800.0
800.0,12.193558776974243,15382.616540617106,800.0
800.0,11.823088776974243,24322.360662603583,2000.0
800.0,14.035973594250619,762.7276414068033,200.0
800.0,12.812723594250619,1083.1704695505666,400.0
800.0,12.20459359425062,1535.0540685895821,800.0
800.0,11.834123594250618,2430.203521411342,2000.0
800.0,14.035973594250619,1535.0540685895821,200.0
800.0,12.812723594250619,2173.181747877402,400.0
800.0,12.20459359425062,3074.964422911708,800.0
800.0,11.834123594250618,4863.485719670995,2000.0
800.0,14.035973594250619,3844.435908910544,200.0
800.0,12.812723594250619,5437.772042043475,400.0
800.0,12.20459359425062,7690.8207945157155,800.0
800.0,11.834123594250618,12160.871995226513,2000.0
800.0,12.812723594250619,10876.922655404833,400.0
800.0,12.812723594250619,10876.922655404833,400.0
800.0,12.20459359425062,15382.616540617106,800.0
800.0,11.834123594250618,24322.360662603583,2000.0
800.0,12.20459359425062,30765.720614963964,800.0
800.0,12.20459359425062,30765.720614963964,800.0
800.0,12.20459359425062,30765.720614963964,800.0
800.0,11.834123594250618,48645.02967594108,2000.0
800.0,14.056105376590146,1380.8673071277408,200.0
800.0,12.832855376590146,1955.3800796020255,400.0
800.0,12.224725376590145,2767.125494312805,800.0
800.0,11.854255376590146,4376.920310300908,2000.0
800.0,14.056105376590146,2767.125494312805,200.0
800.0,12.832855376590146,3914.581391137361,400.0
800.0,12.224725376590145,5536.956308378664,800.0
800.0,11.854255376590146,8755.552869874531,2000.0
800.0,14.056105376590146,6921.601516779892,200.0
800.0,12.832855376590146,9789.133362286504,400.0
800.0,12.224725376590145,13844.286272838208,800.0
800.0,11.854255376590146,21890.081199374206,2000.0
800.0,12.832855376590146,19579.032765335036,400.0
800.0,12.832855376590146,19579.032765335036,400.0
800.0,12.224725376590145,27689.114244786684,800.0
800.0,11.854255376590146,43780.50500940143,2000.0
800.0,12.224725376590145,55378.49934906408,800.0
800.0,12.224725376590145,55378.49934906408,800.0
800.0,12.224725376590145,55378.49934906408,800.0
800.0,11.854255376590146,87561.18132664298,2000.0
800.0,11.709677745917771,3.7164564245639093,244.00000000000003
800.0,11.64676774591777,7.3009352769968805,244.00000000000003
800.0,11.61880774591777,14.113570747540415,320.0
800.0,11.59783774591777,32.246095320029745,800.0
800.0,11.709677745917771,14.113570747540415,244.00000000000003
800.0,11.64676774591777,26.53593724416075,244.00000000000003
800.0,11.61880774591777,47.80518509805004,320.0
800.0,11.59783774591777,95.50719795551097,800.0
800.0,11.709677745917771,67.84332963561779,244.00000000000003
800.0,11.64676774591777,111.29832065192822,244.00000000000003
800.0,11.61880774591777,173.06340168221564,320.0
800.0,11.59783774591777,292.5909884679092,800.0
800.0,11.64676774591777,258.6304525918583,244.00000000000003
800.0,11.64676774591777,258.6304525918583,244.00000000000003
800.0,11.61880774591777,376.91607986646716,320.0
800.0,11.59783774591777,607.3492812878503,800.0
800.0,11.61880774591777,771.9764994887548,320.0
800.0,11.61880774591777,771.9764994887548,320.0
800.0,11.61880774591777,771.9764994887548,320.0
800.0,11.59783774591777,1226.5923938374622,800.0
800.0,11.711906904051695,14.113570747540415,122.00000000000001
800.0,11.648996904051696,26.53593724416075,160.0
800.0,11.621036904051696,47.80518509805004,320.0
800.0,11.600066904051696,95.50719795551097,800.0
800.0,11.711906904051695,47.80518509805004,122.00000000000001
800.0,11.648996904051696,81.47011576561226,160.0
800.0,11.621036904051696,130.9683406275982,320.0
800.0,11.600066904051696,228.02498455364835,800.0
800.0,11.711906904051695,173.06340168221564,122.00000000000001
800.0,11.648996904051696,258.6304525918583,160.0
800.0,11.621036904051696,376.91607986646716,320.0
800.0,11.600066904051696,607.3492812878503,800.0
800.0,11.648996904051696,541.4907747808259,160.0
800.0,11.648996904051696,541.4907747808259,160.0
800.0,11.621036904051696,771.9764994887548,320.0
800.0,11.600066904051696,1226.5923938374622,800.0
800.0,11.621036904051696,1553.4421087237756,320.0
800.0,11.621036904051696,1553.4421087237756,320.0
800.0,11.621036904051696,1553.4421087237756,320.0
800.0,11.600066904051696,2459.24169112114,800.0
800.0,11.718869489069197,67.84332963561779,80.0
800.0,11.655959489069197,111.29832065192822,160.0
800.0,11.627999489069197,173.06340168221564,320.0
800.0,11.607029489069198,292.5909884679092,800.0
800.0,11.718869489069197,173.06340168221564,80.0
800.0,11.655959489069197,258.6304525918583,160.0
800.0,11.627999489069197,376.91607986646716,320.0
800.0,11.607029489069198,607.3492812878503,800.0
800.0,11.718869489069197,476.4875117453868,80.0
800.0,11.655959489069197,680.7912353910006,160.0
800.0,11.627999489069197,967.803755086043,320.0
800.0,11.607029489069198,1535.0540685895821,800.0
800.0,11.655959489069197,1372.2724496714354,160.0
800.0,11.655959489069197,1372.2724496714354,160.0
800.0,11.627999489069197,1943.2407472649222,320.0
800.0,11.607029489069198,3074.964422911708,800.0
800.0,11.627999489069197,3890.3264177032834,320.0
800.0,11.627999489069197,3890.3264177032834,320.0
800.0,11.627999489069197,3890.3264177032834,320.0
800.0,11.607029489069198,6152.364198793593,800.0
800.0,11.731448196285847,173.06340168221564,80.0
800.0,11.668538196285846,258.6304525918583,160.0
800.0,11.640578196285846,376.91607986646716,320.0
800.0,11.619608196285846,607.3492812878503,800.0
800.0,11.731448196285847,376.91607986646716,80.0
800.0,11.668538196285846,541.4907747808259,160.0
800.0,11.640578196285846,771.9764994887548,320.0
800.0,11.619608196285846,1226.5923938374622,800.0
800.0,11.731448196285847,967.803755086043,80.0
800.0,11.668538196285846,1372.2724496714354,160.0
800.0,11.640578196285846,1943.2407472649222,320.0
800.0,11.619608196285846,3074.964422911708,800.0
800.0,11.668538196285846,2749.969037534887,160.0
800.0,11.668538196285846,2749.969037534887,160.0
800.0,11.640578196285846,3890.3264177032834,320.0
800.0,11.619608196285846,6152.364198793593,800.0
800.0,11.640578196285846,7782.578865712129,320.0
800.0,11.640578196285846,7782.578865712129,320.0
800.0,11.640578196285846,7782.578865712129,320.0
800.0,11.619608196285846,12305.946978458656,800.0
800.0,11.754396632082816,336.78668149413306,80.0
800.0,11.691486632082817,485.5251643395499,160.0
800.0,11.663526632082817,693.4593256647308,320.0
800.0,11.642556632082817,1103.0848269303883,800.0
800.0,11.754396632082816,693.4593256647308,80.0
800.0,11.691486632082817,985.6333451773506,160.0
800.0,11.663526632082817,1397.4244639625235,320.0
800.0,11.642556632082817,2212.8898396380773,800.0
800.0,11.754396632082816,1748.376587450909,80.0
800.0,11.691486632082817,2474.5893916784084,160.0
800.0,11.663526632082817,3501.022837071725,320.0
800.0,11.642556632082817,5536.956308378664,800.0
800.0,11.691486632082817,4952.202499417634,160.0
800.0,11.691486632082817,4952.202499417634,160.0
800.0,11.663526632082817,7004.185397281713,320.0
800.0,11.642556632082817,11075.26651688283,800.0
800.0,11.663526632082817,14009.44126927453,320.0
800.0,11.663526632082817,14009.44126927453,320.0
800.0,11.663526632082817,14009.44126927453,320.0
800.0,11.642556632082817,22151.210139025392,800.0
800.0,11.82850774591777,3.7164564245639093,244.00000000000003
800.0,11.709677745917771,7.3009352769968805,244.00000000000003
800.0,11.64676774591777,14.113570747540415,320.0
800.0,11.61181774591777,32.246095320029745,800.0
800.0,11.82850774591777,14.113570747540415,244.00000000000003
800.0,11.709677745917771,26.53593724416075,244.00000000000003
800.0,11.64676774591777,47.80518509805004,320.0
800.0,11.61181774591777,95.50719795551097,800.0
800.0,11.82850774591777,67.84332963561779,244.00000000000003
800.0,11.709677745917771,111.29832065192822,244.00000000000003
800.0,11.64676774591777,173.06340168221564,320.0
800.0,11.61181774591777,292.5909884679092,800.0
800.0,11.709677745917771,258.6304525918583,244.00000000000003
800.0,11.709677745917771,258.6304525918583,244.00000000000003
800.0,11.64676774591777,376.91607986646716,320.0
800.0,11.61181774591777,607.3492812878503,800.0
800.0,11.64676774591777,771.9764994887548,320.0
800.0,11.64676774591777,771.9764994887548,320.0
800.0,11.64676774591777,771.9764994887548,320.0
800.0,11.61181774591777,1226.5923938374622,800.0
800.0,11.830736904051696,14.113570747540415,122.00000000000001
800.0,11.711906904051695,26.53593724416075,160.0
800.0,11.648996904051696,47.80518509805004,320.0
800.0,11.614046904051696,95.50719795551097,800.0
800.0,11.830736904051696,47.80518509805004,122.00000000000001
800.0,11.711906904051695,81.47011576561226,160.0
800.0,11.648996904051696,130.9683406275982,320.0
800.0,11.614046904051696,228.02498455364835,800.0
800.0,11.830736904051696,173.06340168221564,122.00000000000001
800.0,11.711906904051695,258.6304525918583,160.0
800.0,11.648996904051696,376.91607986646716,320.0
800.0,11.614046904051696,607.3492812878503,800.0
800.0,11.711906904051695,541.4907747808259,160.0
800.0,11.711906904051695,541.4907747808259,160.0
800.0,11.648996904051696,771.9764994887548,320.0
800.0,11.614046904051696,1226.5923938374622,800.0
800.0,11.648996904051696,1553.4421087237756,320.0
800.0,11.648996904051696,1553.4421087237756,320.0
800.0,11.648996904051696,1553.4421087237756,320.0
800.0,11.614046904051696,2459.24169112114,800.0
800.0,11.837699489069198,67.84332963561779,80.0
800.0,11.718869489069197,111.29832065192822,160.0
800.0,11.655959489069197,173.06340168221564,320.0
800.0,11.621009489069198,292.5909884679092,800.0
800.0,11.837699489069198,173.06340168221564,80.0
800.0,11.718869489069197,258.6304525918583,160.0
800.0,11.655959489069197,376.91607986646716,320.0
800.0,11.621009489069198,607.3492812878503,800.0
800.0,11.837699489069198,476.4875117453868,80.0
800.0,11.718869489069197,680.7912353910006,160.0
800.0,11.655959489069197,967.803755086043,320.0
800.0,11.621009489069198,1535.0540685895821,800.0
800.0,11.718869489069197,1372.2724496714354,160.0
800.0,11.718869489069197,1372.2724496714354,160.0
800.0,11.655959489069197,1943.2407472649222,320.0
800.0,11.621009489069198,3074.964422911708,800.0
800.0,11.655959489069197,3890.3264177032834,320.0
800.0,11.655959489069197,3890.3264177032834,320.0
800.0,11.655959489069197,3890.3264177032834,320.0
800.0,11.621009489069198,6152.364198793593,800.0
800.0,11.850278196285846,173.06340168221564,80.0
800.0,11.731448196285847,258.6304525918583,160.0
800.0,11.668538196285846,376.91607986646716,320.0
800.0,11.633588196285846,607.3492812878503,800.0
800.0,11.850278196285846,376.91607986646716,80.0
800.0,11.731448196285847,541.4907747808259,160.0
800.0,11.668538196285846,771.9764994887548,320.0
800.0,11.633588196285846,1226.5923938374622,800.0
800.0,11.850278196285846,967.803755086043,80.0
800.0,11.731448196285847,1372.2724496714354,160.0
800.0,11.668538196285846,1943.2407472649222,320.0
800.0,11.633588196285846,3074.964422911708,800.0
800.0,11.731448196285847,2749.969037534887,160.0
800.0,11.731448196285847,2749.969037534887,160.0
800.0,11.668538196285846,3890.3264177032834,320.0
800.0,11.633588196285846,6152.364198793593,800.0
800.0,11.668538196285846,7782.578865712129,320.0
800.0,11.668538196285846,7782.578865712129,320.0
800.0,11.668538196285846,7782.578865712129,320.0
800.0,11.633588196285846,12305.946978458656,800.0
800.0,11.873226632082817,336.78668149413306,80.0
800.0,11.754396632082816,485.5251643395499,160.0
800.0,11.691486632082817,693.4593256647308,320.0
800.0,11.656536632082817,1103.0848269303883,800.0
800.0,11.873226632082817,693.4593256647308,80.0
800.0,11.754396632082816,985.6333451773506,160.0
800.0,11.691486632082817,1397.4244639625235,320.0
800.0,11.656536632082817,2212.8898396380773,800.0
800.0,11.873226632082817,1748.376587450909,80.0
800.0,11.754396632082816,2474.5893916784084,160.0
800.0,11.691486632082817,3501.022837071725,320.0
800.0,11.656536632082817,5536.956308378664,800.0
800.0,11.754396632082816,4952.202499417634,160.0
800.0,11.754396632082816,4952.202499417634,160.0
800.0,11.691486632082817,7004.185397281713,320.0
800.0,11.656536632082817,11075.26651688283,800.0
800.0,11.691486632082817,14009.44126927453,320.0
800.0,11.691486632082817,14009.44126927453,320.0
800.0,11.691486632082817,14009.44126927453,320.0
800.0,11.656536632082817,22151.210139025392,800.0
800.0,12.198977745917771,3.7164564245639093,244.00000000000003
800.0,11.89141774591777,7.3009352769968805,244.00000000000003
800.0,11.737637745917771,14.113570747540415,320.0
800.0,11.64676774591777,32.246095320029745,800.0
800.0,12.198977745917771,14.113570747540415,244.00000000000003
800.0,11.89141774591777,26.53593724416075,244.00000000000003
800.0,11.737637745917771,47.80518509805004,320.0
800.0,11.64676774591777,95.50719795551097,800.0
800.0,12.198977745917771,67.84332963561779,244.00000000000003
800.0,11.89141774591777,111.29832065192822,244.00000000000003
800.0,11.737637745917771,173.06340168221564,320.0
800.0,11.64676774591777,292.5909884679092,800.0
800.0,11.89141774591777,258.6304525918583,244.00000000000003
800.0,11.89141774591777,258.6304525918583,244.00000000000003
800.0,11.737637745917771,376.91607986646716,320.0
800.0,11.64676774591777,607.3492812878503,800.0
800.0,11.737637745917771,771.9764994887548,320.0
800.0,11.737637745917771,771.9764994887548,320.0
800.0,11.737637745917771,771.9764994887548,320.0
800.0,11.64676774591777,1226.5923938374622,800.0
800.0,12.201206904051695,14.113570747540415,122.00000000000001
800.0,11.893646904051696,26.53593724416075,160.0
800.0,11.739866904051695,47.80518509805004,320.0
800.0,11.648996904051696,95.50719795551097,800.0
800.0,12.201206904051695,47.80518509805004,122.00000000000001
800.0,11.893646904051696,81.47011576561226,160.0
800.0,11.739866904051695,130.9683406275982,320.0
800.0,11.648996904051696,228.02498455364835,800.0
800.0,12.201206904051695,173.06340168221564,122.00000000000001
800.0,11.893646904051696,258.6304525918583,160.0
800.0,11.739866904051695,376.91607986646716,320.0
800.0,11.648996904051696,607.3492812878503,800.0
800.0,11.893646904051696,541.4907747808259,160.0
800.0,11.893646904051696,541.4907747808259,160.0
800.0,11.739866904051695,771.9764994887548,320.0
800.0,11.648996904051696,1226.5923938374622,800.0
800.0,11.739866904051695,1553.4421087237756,320.0
800.0,11.739866904051695,1553.4421087237756,320.0
800.0,11.739866904051695,1553.4421087237756,320.0
800.0,11.648996904051696,2459.24169112114,800.0
800.0,12.208169489069197,67.84332963561779,80.0
800.0,11.900609489069197,111.29832065192822,160.0
800.0,11.746829489069198,173.06340168221564,320.0
800.0,11.655959489069197,292.5909884679092,800.0
800.0,12.208169489069197,173.06340168221564,80.0
800.0,11.900609489069197,258.6304525918583,160.0
800.0,11.746829489069198,376.91607986646716,320.0
800.0,11.655959489069197,607.3492812878503,800.0
800.0,12.208169489069197,476.4875117453868,80.0
800.0,11.900609489069197,680.7912353910006,160.0
800.0,11.746829489069198,967.803755086043,320.0
800.0,11.655959489069197,1535.0540685895821,800.0
800.0,11.900609489069197,1372.2724496714354,160.0
800.0,11.900609489069197,1372.2724496714354,160.0
800.0,11.746829489069198,1943.2407472649222,320.0
800.0,11.655959489069197,3074.964422911708,800.0
800.0,11.746829489069198,3890.3264177032834,320.0
800.0,11.746829489069198,3890.3264177032834,320.0
800.0,11.746829489069198,3890.3264177032834,320.0
800.0,11.655959489069197,6152.364198793593,800.0
800.0,12.220748196285847,173.06340168221564,80.0
800.0,11.913188196285846,258.6304525918583,160.0
800.0,11.759408196285847,376.91607986646716,320.0
800.0,11.668538196285846,607.3492812878503,800.0
800.0,12.220748196285847,376.91607986646716,80.0
800.0,11.913188196285846,541.4907747808259,160.0
800.0,11.759408196285847,771.9764994887548,320.0
800.0,11.668538196285846,1226.5923938374622,800.0
800.0,12.220748196285847,967.803755086043,80.0
800.0,11.913188196285846,1372.2724496714354,160.0
800.0,11.759408196285847,1943.2407472649222,320.0
800.0,11.668538196285846,3074.964422911708,800.0
800.0,11.913188196285846,2749.969037534887,160.0
800.0,11.913188196285846,2749.969037534887,160.0
800.0,11.759408196285847,3890.3264177032834,320.0
800.0,11.668538196285846,6152.364198793593,800.0
800.0,11.759408196285847,7782.578865712129,320.0
800.0,11.759408196285847,7782.578865712129,320.0
800.0,11.759408196285847,7782.578865712129,320.0
800.0,11.668538196285846,12305.946978458656,800.0
800.0,12.243696632082816,336.78668149413306,80.0
800.0,11.936136632082817,485.5251643395499,160.0
800.0,11.782356632082816,693.4593256647308,320.0
800.0,11.691486632082817,1103.0848269303883,800.0
800.0,12.243696632082816,693.4593256647308,80.0
800.0,11.936136632082817,985.6333451773506,160.0
800.0,11.782356632082816,1397.4244639625235,320.0
800.0,11.691486632082817,2212.8898396380773,800.0
800.0,12.243696632082816,1748.376587450909,80.0
800.0,11.936136632082817,2474.5893916784084,160.0
800.0,11.782356632082816,3501.022837071725,320.0
800.0,11.691486632082817,5536.956308378664,800.0
800.0,11.936136632082817,4952.202499417634,160.0
800.0,11.936136632082817,4952.202499417634,160.0
800.0,11.782356632082816,7004.185397281713,320.0
800.0,11.691486632082817,11075.26651688283,800.0
800.0,11.782356632082816,14009.44126927453,320.0
800.0,11.782356632082816,14009.44126927453,320.0
800.0,11.782356632082816,14009.44126927453,320.0
800.0,11.691486632082817,22151.210139025392,800.0
800.0,12.80710774591777,3.7164564245639093,244.00000000000003
800.0,12.198977745917771,7.3009352769968805,244.00000000000003
800.0,11.89141774591777,14.113570747540415,320.0
800.0,11.709677745917771,32.246095320029745,800.0
800.0,12.80710774591777,14.113570747540415,244.00000000000003
800.0,12.198977745917771,26.53593724416075,244.00000000000003
800.0,11.89141774591777,47.80518509805004,320.0
800.0,11.709677745917771,95.50719795551097,800.0
800.0,12.80710774591777,67.84332963561779,244.00000000000003
800.0,12.198977745917771,111.29832065192822,244.00000000000003
800.0,11.89141774591777,173.06340168221564,320.0
800.0,11.709677745917771,292.5909884679092,800.0
800.0,12.198977745917771,258.6304525918583,244.00000000000003
800.0,12.198977745917771,258.6304525918583,244.00000000000003
800.0,11.89141774591777,376.91607986646716,320.0
800.0,11.709677745917771,607.3492812878503,800.0
800.0,11.89141774591777,771.9764994887548,320.0
800.0,11.89141774591777,771.9764994887548,320.0
800.0,11.89141774591777,771.9764994887548,320.0
800.0,11.709677745917771,1226.5923938374622,800.0
800.0,12.809336904051696,14.113570747540415,122.00000000000001
800.0,12.201206904051695,26.53593724416075,160.0
800.0,11.893646904051696,47.80518509805004,320.0
800.0,11.711906904051695,95.50719795551097,800.0
800.0,12.809336904051696,47.80518509805004,122.00000000000001
800.0,12.201206904051695,81.47011576561226,160.0
800.0,11.893646904051696,130.9683406275982,320.0
800.0,11.711906904051695,228.02498455364835,800.0
800.0,12.809336904051696,173.06340168221564,122.00000000000001
800.0,12.201206904051695,258.6304525918583,160.0
800.0,11.893646904051696,376.91607986646716,320.0
800.0,11.711906904051695,607.3492812878503,800.0
800.0,12.201206904051695,541.4907747808259,160.0
800.0,12.201206904051695,541.4907747808259,160.0
800.0,11.893646904051696,771.9764994887548,320.0
800.0,11.711906904051695,1226.5923938374622,800.0
800.0,11.893646904051696,1553.4421087237756,320.0
800.0,11.893646904051696,1553.4421087237756,320.0
800.0,11.893646904051696,1553.4421087237756,320.0
800.0,11.711906904051695,2459.24169112114,800.0
800.0,12.816299489069198,67.84332963561779,80.0
800.0,12.208169489069197,111.29832065192822,160.0
800.0,11.900609489069197,173.06340168221564,320.0
800.0,11.718869489069197,292.5909884679092,800.0
800.0,12.816299489069198,173.06340168221564,80.0
800.0,12.208169489069197,258.6304525918583,160.0
800.0,11.900609489069197,376.91607986646716,320.0
800.0,11.718869489069197,607.3492812878503,800.0
800.0,12.816299489069198,476.4875117453868,80.0
800.0,12.208169489069197,680.7912353910006,160.0
800.0,11.900609489069197,967.803755086043,320.0
800.0,11.718869489069197,1535.0540685895821,800.0
800.0,12.208169489069197,1372.2724496714354,160.0
800.0,12.208169489069197,1372.2724496714354,160.0
800.0,11.900609489069197,1943.2407472649222,320.0
800.0,11.718869489069197,3074.964422911708,800.0
800.0,11.900609489069197,3890.3264177032834,320.0
800.0,11.900609489069197,3890.3264177032834,320.0
800.0,11.900609489069197,3890.3264177032834,320.0
800.0,11.718869489069197,6152.364198793593,800.0
800.0,12.828878196285846,173.06340168221564,80.0
800.0,12.220748196285847,258.6304525918583,160.0
800.0,11.913188196285846,376.91607986646716,320.0
800.0,11.731448196285847,607.3492812878503,800.0
800.0,12.828878196285846,376.91607986646716,80.0
800.0,12.220748196285847,541.4907747808259,160.0
800.0,11.913188196285846,771.9764994887548,320.0
800.0,11.731448196285847,1226.5923938374622,800.0
800.0,12.828878196285846,967.803755086043,80.0
800.0,12.220748196285847,1372.2724496714354,160.0
800.0,11.913188196285846,1943.2407472649222,320.0
800.0,11.731448196285847,3074.964422911708,800.0
800.0,12.220748196285847,2749.969037534887,160.0
800.0,12.220748196285847,2749.969037534887,160.0
800.0,11.913188196285846,3890.3264177032834,320.0
800.0,11.731448196285847,6152.364198793593,800.0
800.0,11.913188196285846,7782.578865712129,320.0
800.0,11.913188196285846,7782.578865712129,320.0
800.0,11.913188196285846,7782.578865712129,320.0
800.0,11.731448196285847,12305.946978458656,800.0
800.0,12.851826632082815,336.78668149413306,80.0
800.0,12.243696632082816,485.5251643395499,160.0
800.0,11.936136632082817,693.4593256647308,320.0
800.0,11.754396632082816,1103.0848269303883,800.0
800.0,12.851826632082815,693.4593256647308,80.0
800.0,12.243696632082816,985.6333451773506,160.0
800.0,11.936136632082817,1397.4244639625235,320.0
800.0,11.754396632082816,2212.8898396380773,800.0
800.0,12.851826632082815,1748.376587450909,80.0
800.0,12.243696632082816,2474.5893916784084,160.0
800.0,11.936136632082817,3501.022837071725,320.0
800.0,11.754396632082816,5536.956308378664,800.0
800.0,12.243696632082816,4952.202499417634,160.0
800.0,12.243696632082816,4952.202499417634,160.0
800.0,11.936136632082817,7004.185397281713,320.0
800.0,11.754396632082816,11075.26651688283,800.0
800.0,11.936136632082817,14009.44126927453,320.0
800.0,11.936136632082817,14009.44126927453,320.0
800.0,11.936136632082817,14009.44126927453,320.0
800.0,11.754396632082816,22151.210139025392,800.0
800.0,14.03035774591777,3.7164564245639093,244.00000000000003
800.0,12.80710774591777,7.3009352769968805,244.00000000000003
800.0,12.198977745917771,14.113570747540415,320.0
800.0,11.82850774591777,32.246095320029745,800.0
800.0,14.03035774591777,14.113570747540415,244.00000000000003
800.0,12.80710774591777,26.53593724416075,244.00000000000003
800.0,12.198977745917771,47.80518509805004,320.0
800.0,11.82850774591777,95.50719795551097,800.0
800.0,14.03035774591777,67.84332963561779,244.00000000000003
800.0,12.80710774591777,111.29832065192822,244.00000000000003
800.0,12.198977745917771,173.06340168221564,320.0
800.0,11.82850774591777,292.5909884679092,800.0
800.0,12.80710774591777,258.6304525918583,244.00000000000003
800.0,12.80710774591777,258.6304525918583,244.00000000000003
800.0,12.198977745917771,376.91607986646716,320.0
800.0,11.82850774591777,607.3492812878503,800.0
800.0,12.198977745917771,771.9764994887548,320.0
800.0,12.198977745917771,771.9764994887548,320.0
800.0,12.198977745917771,771.9764994887548,320.0
800.0,11.82850774591777,1226.5923938374622,800.0
800.0,14.032586904051696,14.113570747540415,122.00000000000001
800.0,12.809336904051696,26.53593724416075,160.0
800.0,12.201206904051695,47.80518509805004,320.0
800.0,11.830736904051696,95.50719795551097,800.0
800.0,14.032586904051696,47.80518509805004,122.00000000000001
800.0,12.809336904051696,81.47011576561226,160.0
800.0,12.201206904051695,130.9683406275982,320.0
800.0,11.830736904051696,228.02498455364835,800.0
800.0,14.032586904051696,173.06340168221564,122.00000000000001
800.0,12.809336904051696,258.6304525918583,160.0
800.0,12.201206904051695,376.91607986646716,320.0
800.0,11.830736904051696,607.3492812878503,800.0
800.0,12.809336904051696,541.4907747808259,160.0
800.0,12.809336904051696,541.4907747808259,160.0
800.0,12.201206904051695,771.9764994887548,320.0
800.0,11.830736904051696,1226.5923938374622,800.0
800.0,12.201206904051695,1553.4421087237756,320.0
800.0,12.201206904051695,1553.4421087237756,320.0
800.0,12.201206904051695,1553.4421087237756,320.0
800.0,11.830736904051696,2459.24169112114,800.0
800.0,14.039549489069199,67.84332963561779,80.0
800.0,12.816299489069198,111.29832065192822,160.0
800.0,12.208169489069197,173.06340168221564,320.0
800.0,11.837699489069198,292.5909884679092,800.0
800.0,14.039549489069199,173.06340168221564,80.0
800.0,12.816299489069198,258.6304525918583,160.0
800.0,12.208169489069197,376.91607986646716,320.0
800.0,11.837699489069198,607.3492812878503,800.0
800.0,14.039549489069199,476.4875117453868,80.0
800.0,12.816299489069198,680.7912353910006,160.0
800.0,12.208169489069197,967.803755086043,320.0
800.0,11.837699489069198,1535.0540685895821,800.0
800.0,12.816299489069198,1372.2724496714354,160.0
800.0,12.816299489069198,1372.2724496714354,160.0
800.0,12.208169489069197,1943.2407472649222,320.0
800.0,11.837699489069198,3074.964422911708,800.0
800.0,12.208169489069197,3890.3264177032834,320.0
800.0,12.208169489069197,3890.3264177032834,320.0
800.0,12.208169489069197,3890.3264177032834,320.0
800.0,11.837699489069198,6152.364198793593,800.0
800.0,14.052128196285846,173.06340168221564,80.0
800.0,12.828878196285846,258.6304525918583,160.0
800.0,12.220748196285847,376.91607986646716,320.0
800.0,11.850278196285846,607.3492812878503,800.0
800.0,14.052128196285846,376.91607986646716,80.0
800.0,12.828878196285846,541.4907747808259,160.0
800.0,12.220748196285847,771.9764994887548,320.0
800.0,11.850278196285846,1226.5923938374622,800.0
800.0,14.052128196285846,967.803755086043,80.0
800.0,12.828878196285846,1372.2724496714354,160.0
800.0,12.220748196285847,1943.2407472649222,320.0
800.0,11.850278196285846,3074.964422911708,800.0
800.0,12.828878196285846,2749.969037534887,160.0
800.0,12.828878196285846,2749.969037534887,160.0
800.0,12.220748196285847,3890.3264177032834,320.0
800.0,11.850278196285846,6152.364198793593,800.0
800.0,12.220748196285847,7782.578865712129,320.0
800.0,12.220748196285847,7782.578865712129,320.0
800.0,12.220748196285847,7782.578865712129,320.0
800.0,11.850278196285846,12305.946978458656,800.0
800.0,14.075076632082816,336.78668149413306,80.0
800.0,12.851826632082815,485.5251643395499,160.0
800.0,12.243696632082816,693.4593256647308,320.0
800.0,11.873226632082817,1103.0848269303883,800.0
800.0,14.075076632082816,693.4593256647308,80.0
800.0,12.851826632082815,985.6333451773506,160.0
800.0,12.243696632082816,1397.4244639625235,320.0
800.0,11.873226632082817,2212.8898396380773,800.0
800.0,14.075076632082816,1748.376587450909,80.0
800.0,12.851826632082815,2474.5893916784084,160.0
800.0,12.243696632082816,3501.022837071725,320.0
800.0,11.873226632082817,5536.956308378664,800.0
800.0,12.851826632082815,4952.202499417634,160.0
800.0,12.851826632082815,4952.202499417634,160.0
800.0,12.243696632082816,7004.185397281713,320.0
800.0,11.873226632082817,11075.26651688283,800.0
800.0,12.243696632082816,14009.44126927453,320.0
800.0,12.243696632082816,14009.44126927453,320.0
800.0,12.243696632082816,14009.44126927453,320.0
800.0,11.873226632082817,22151.210139025392,800.0
800.0,17.686127745917773,3.7164564245639093,244.00000000000003
800.0,14.638487745917772,7.3009352769968805,244.00000000000003
800.0,13.114667745917771,14.113570747540415,320.0
800.0,12.198977745917771,32.246095320029745,800.0
800.0,17.686127745917773,14.113570747540415,244.00000000000003
800.0,14.638487745917772,26.53593724416075,244.00000000000003
800.0,13.114667745917771,47.80518509805004,320.0
800.0,12.198977745917771,95.50719795551097,800.0
800.0,17.686127745917773,67.84332963561779,244.00000000000003
800.0,14.638487745917772,111.29832065192822,244.00000000000003
800.0,13.114667745917771,173.06340168221564,320.0
800.0,12.198977745917771,292.5909884679092,800.0
800.0,14.638487745917772,258.6304525918583,244.00000000000003
800.0,14.638487745917772,258.6304525918583,244.00000000000003
800.0,13.114667745917771,376.91607986646716,320.0
800.0,12.198977745917771,607.3492812878503,800.0
800.0,13.114667745917771,771.9764994887548,320.0
800.0,13.114667745917771,771.9764994887548,320.0
800.0,13.114667745917771,771.9764994887548,320.0
800.0,12.198977745917771,1226.5923938374622,800.0
800.0,17.688356904051695,14.113570747540415,122.00000000000001
800.0,14.640716904051695,26.53593724416075,160.0
800.0,13.116896904051696,47.80518509805004,320.0
800.0,12.201206904051695,95.50719795551097,800.0
800.0,17.688356904051695,47.80518509805004,122.00000000000001
800.0,14.640716904051695,81.47011576561226,160.0
800.0,13.116896904051696,130.9683406275982,320.0
800.0,12.201206904051695,228.02498455364835,800.0
800.0,17.688356904051695,173.06340168221564,122.00000000000001
800.0,14.640716904051695,258.6304525918583,160.0
800.0,13.116896904051696,376.91607986646716,320.0
800.0,12.201206904051695,607.3492812878503,800.0
800.0,14.640716904051695,541.4907747808259,160.0
800.0,14.640716904051695,541.4907747808259,160.0
800.0,13.116896904051696,771.9764994887548,320.0
800.0,12.201206904051695,1226.5923938374622,800.0
800.0,13.116896904051696,1553.4421087237756,320.0
800.0,13.116896904051696,1553.4421087237756,320.0
800.0,13.116896904051696,1553.4421087237756,320.0
800.0,12.201206904051695,2459.24169112114,800.0
800.0,17.6953194890692,67.84332963561779,80.0
800.0,14.647679489069198,111.29832065192822,160.0
800.0,13.123859489069197,173.06340168221564,320.0
800.0,12.208169489069197,292.5909884679092,800.0
800.0,17.6953194890692,173.06340168221564,80.0
800.0,14.647679489069198,258.6304525918583,160.0
800.0,13.123859489069197,376.91607986646716,320.0
800.0,12.208169489069197,607.3492812878503,800.0
800.0,17.6953194890692,476.4875117453868,80.0
800.0,14.647679489069198,680.7912353910006,160.0
800.0,13.123859489069197,967.803755086043,320.0
800.0,12.208169489069197,1535.0540685895821,800.0
800.0,14.647679489069198,1372.2724496714354,160.0
800.0,14.647679489069198,1372.2724496714354,160.0
800.0,13.123859489069197,1943.2407472649222,320.0
800.0,12.208169489069197,3074.964422911708,800.0
800.0,13.123859489069197,3890.3264177032834,320.0
800.0,13.123859489069197,3890.3264177032834,320.0
800.0,13.123859489069197,3890.3264177032834,320.0
800.0,12.208169489069197,6152.364198793593,800.0
800.0,17.707898196285846,173.06340168221564,80.0
800.0,14.660258196285845,258.6304525918583,160.0
800.0,13.136438196285846,376.91607986646716,320.0
800.0,12.220748196285847,607.3492812878503,800.0
800.0,17.707898196285846,376.91607986646716,80.0
800.0,14.660258196285845,541.4907747808259,160.0
800.0,13.136438196285846,771.9764994887548,320.0
800.0,12.220748196285847,1226.5923938374622,800.0
800.0,17.707898196285846,967.803755086043,80.0
800.0,14.660258196285845,1372.2724496714354,160.0
800.0,13.136438196285846,1943.2407472649222,320.0
800.0,12.220748196285847,3074.964422911708,800.0
800.0,14.660258196285845,2749.969037534887,160.0
800.0,14.660258196285845,2749.969037534887,160.0
800.0,13.136438196285846,3890.3264177032834,320.0
800.0,12.220748196285847,6152.364198793593,800.0
800.0,13.136438196285846,7782.578865712129,320.0
800.0,13.136438196285846,7782.578865712129,320.0
800.0,13.136438196285846,7782.578865712129,320.0
800.0,12.220748196285847,12305.946978458656,800.0
800.0,17.730846632082816,336.78668149413306,80.0
800.0,14.683206632082817,485.5251643395499,160.0
800.0,13.159386632082816,693.4593256647308,320.0
800.0,12.243696632082816,1103.0848269303883,800.0
800.0,17.730846632082816,693.4593256647308,80.0
800.0,14.683206632082817,985.6333451773506,160.0
800.0,13.159386632082816,1397.4244639625235,320.0
800.0,12.243696632082816,2212.8898396380773,800.0
800.0,17.730846632082816,1748.376587450909,80.0
800.0,14.683206632082817,2474.5893916784084,160.0
800.0,13.159386632082816,3501.022837071725,320.0
800.0,12.243696632082816,5536.956308378664,800.0
800.0,14.683206632082817,4952.202499417634,160.0
800.0,14.683206632082817,4952.202499417634,160.0
800.0,13.159386632082816,7004.185397281713,320.0
800.0,12.243696632082816,11075.26651688283,800.0
800.0,13.159386632082816,14009.44126927453,320.0
800.0,13.159386632082816,14009.44126927453,320.0
800.0,13.159386632082816,14009.44126927453,320.0
800.0,12.243696632082816,22151.210139025392,800.0
800.0,11.85529939180877,0.4721538205655481,244.00000000000003
800.0,11.736469391808772,0.9420914318268451,244.00000000000003
800.0,11.673559391808771,1.875410850586962,244.00000000000003
800.0,11.638609391808771,4.624530317389469,400.0
800.0,11.85529939180877,1.875410850586962,244.00000000000003
800.0,11.736469391808772,3.7164564245639093,244.00000000000003
800.0,11.673559391808771,7.3009352769968805,244.00000000000003
800.0,11.638609391808771,17.35887650121912,400.0
800.0,11.85529939180877,11.188354927676741,244.00000000000003
800.0,11.736469391808772,21.27933407013592,244.00000000000003
800.0,11.673559391808771,38.99129286156608,244.00000000000003
800.0,11.638609391808771,80.07640442849642,400.0
800.0,11.736469391808772,67.84332963561779,244.00000000000003
800.0,11.736469391808772,67.84332963561779,244.00000000000003
800.0,11.673559391808771,111.29832065192822,244.00000000000003
800.0,11.638609391808771,197.66476075460895,400.0
800.0,11.673559391808771,258.6304525918583,244.00000000000003
800.0,11.673559391808771,258.6304525918583,244.00000000000003
800.0,11.673559391808771,258.6304525918583,244.00000000000003
800.0,11.638609391808771,424.0396787992185,400.0
800.0,11.858072237160492,1.875410850586962,122.00000000000001
800.0,11.739242237160491,3.7164564245639093,122.00000000000001
800.0,11.67633223716049,7.3009352769968805,160.0
800.0,11.641382237160492,17.35887650121912,400.0
800.0,11.858072237160492,7.3009352769968805,122.00000000000001
800.0,11.739242237160491,14.113570747540415,122.00000000000001
800.0,11.67633223716049,26.53593724416075,160.0
800.0,11.641382237160492,57.123426493656304,400.0
800.0,11.858072237160492,38.99129286156608,122.00000000000001
800.0,11.739242237160491,67.84332963561779,122.00000000000001
800.0,11.67633223716049,111.29832065192822,160.0
800.0,11.641382237160492,197.66476075460895,400.0
800.0,11.739242237160491,173.06340168221564,122.00000000000001
800.0,11.739242237160491,173.06340168221564,122.00000000000001
800.0,11.67633223716049,258.6304525918583,160.0
800.0,11.641382237160492,424.0396787992185,400.0
800.0,11.67633223716049,541.4907747808259,160.0
800.0,11.67633223716049,541.4907747808259,160.0
800.0,11.67633223716049,541.4907747808259,160.0
800.0,11.641382237160492,864.501006716037,400.0
800.0,11.86673298276123,11.188354927676741,48.800000000000004
800.0,11.74790298276123,21.27933407013592,80.0
800.0,11.68499298276123,38.99129286156608,160.0
800.0,11.65004298276123,80.07640442849642,400.0
800.0,11.86673298276123,38.99129286156608,48.800000000000004
800.0,11.74790298276123,67.84332963561779,80.0
800.0,11.68499298276123,111.29832065192822,160.0
800.0,11.65004298276123,197.66476075460895,400.0
800.0,11.86673298276123,148.68063329167416,48.800000000000004
800.0,11.74790298276123,224.95482214117692,80.0
800.0,11.68499298276123,330.29799101055545,160.0
800.0,11.65004298276123,534.9024508859719,400.0
800.0,11.74790298276123,476.4875117453868,80.0
800.0,11.74790298276123,476.4875117453868,80.0
800.0,11.68499298276123,680.7912353910006,160.0
800.0,11.65004298276123,1083.1704695505666,400.0
800.0,11.68499298276123,1372.2724496714354,160.0
800.0,11.68499298276123,1372.2724496714354,160.0
800.0,11.68499298276123,1372.2724496714354,160.0
800.0,11.65004298276123,2173.181747877402,400.0
800.0,11.882379611551501,38.99129286156608,40.0
800.0,11.763549611551502,67.84332963561779,80.0
800.0,11.700639611551502,111.29832065192822,160.0
800.0,11.665689611551501,197.66476075460895,400.0
800.0,11.882379611551501,111.29832065192822,40.0
800.0,11.763549611551502,173.06340168221564,80.0
800.0,11.700639611551502,258.6304525918583,160.0
800.0,11.665689611551501,424.0396787992185,400.0
800.0,11.882379611551501,330.29799101055545,40.0
800.0,11.763549611551502,476.4875117453868,80.0
800.0,11.700639611551502,680.7912353910006,160.0
800.0,11.665689611551501,1083.1704695505666,400.0
800.0,11.763549611551502,967.803755086043,80.0
800.0,11.763549611551502,967.803755086043,80.0
800.0,11.700639611551502,1372.2724496714354,160.0
800.0,11.665689611551501,2173.181747877402,400.0
800.0,11.700639611551502,2749.969037534887,160.0
800.0,11.700639611551502,2749.969037534887,160.0
800.0,11.700639611551502,2749.969037534887,160.0
800.0,11.665689611551501,4349.8041998069175,400.0
800.0,11.910925125017094,96.33906111606454,40.0
800.0,11.792095125017093,152.075063092273,80.0
800.0,11.729185125017095,229.6466529223932,160.0
800.0,11.694235125017094,379.40958294267267,400.0
800.0,11.910925125017094,229.6466529223932,40.0
800.0,11.792095125017093,336.78668149413306,80.0
800.0,11.729185125017095,485.5251643395499,160.0
800.0,11.694235125017094,776.8642478430506,400.0
800.0,11.910925125017094,611.2305221724015,40.0
800.0,11.792095125017093,869.9573540461059,80.0
800.0,11.729185125017095,1234.2847675177536,160.0
800.0,11.694235125017094,1955.3800796020255,400.0
800.0,11.792095125017093,1748.376587450909,80.0
800.0,11.792095125017093,1748.376587450909,80.0
800.0,11.729185125017095,2474.5893916784084,160.0
800.0,11.694235125017094,3914.581391137361,400.0
800.0,11.729185125017095,4952.202499417634,160.0
800.0,11.729185125017095,4952.202499417634,160.0
800.0,11.729185125017095,4952.202499417634,160.0
800.0,11.694235125017094,7831.076901201907,400.0
800.0,12.09994939180877,0.4721538205655481,244.00000000000003
800.0,11.85529939180877,0.9420914318268451,244.00000000000003
800.0,11.736469391808772,1.875410850586962,244.00000000000003
800.0,11.659579391808771,4.624530317389469,400.0
800.0,12.09994939180877,1.875410850586962,244.00000000000003
800.0,11.85529939180877,3.7164564245639093,244.00000000000003
800.0,11.736469391808772,7.3009352769968805,244.00000000000003
800.0,11.659579391808771,17.35887650121912,400.0
800.0,12.09994939180877,11.188354927676741,244.00000000000003
800.0,11.85529939180877,21.27933407013592,244.00000000000003
800.0,11.736469391808772,38.99129286156608,244.00000000000003
800.0,11.659579391808771,80.07640442849642,400.0
800.0,11.85529939180877,67.84332963561779,244.00000000000003
800.0,11.85529939180877,67.84332963561779,244.00000000000003
800.0,11.736469391808772,111.29832065192822,244.00000000000003
800.0,11.659579391808771,197.66476075460895,400.0
800.0,11.736469391808772,258.6304525918583,244.00000000000003
800.0,11.736469391808772,258.6304525918583,244.00000000000003
800.0,11.736469391808772,258.6304525918583,244.00000000000003
800.0,11.659579391808771,424.0396787992185,400.0
800.0,12.102722237160492,1.875410850586962,122.00000000000001
800.0,11.858072237160492,3.7164564245639093,122.00000000000001
800.0,11.739242237160491,7.3009352769968805,160.0
800.0,11.66235223716049,17.35887650121912,400.0
800.0,12.102722237160492,7.3009352769968805,122.00000000000001
800.0,11.858072237160492,14.113570747540415,122.00000000000001
800.0,11.739242237160491,26.53593724416075,160.0
800.0,11.66235223716049,57.123426493656304,400.0
800.0,12.102722237160492,38.99129286156608,122.00000000000001
800.0,11.858072237160492,67.84332963561779,122.00000000000001
800.0,11.739242237160491,111.29832065192822,160.0
800.0,11.66235223716049,197.66476075460895,400.0
800.0,11.858072237160492,173.06340168221564,122.00000000000001
800.0,11.858072237160492,173.06340168221564,122.00000000000001
800.0,11.739242237160491,258.6304525918583,160.0
800.0,11.66235223716049,424.0396787992185,400.0
800.0,11.739242237160491,541.4907747808259,160.0
800.0,11.739242237160491,541.4907747808259,160.0
800.0,11.739242237160491,541.4907747808259,160.0
800.0,11.66235223716049,864.501006716037,400.0
800.0,12.11138298276123,11.188354927676741,48.800000000000004
800.0,11.86673298276123,21.27933407013592,80.0
800.0,11.74790298276123,38.99129286156608,160.0
800.0,11.67101298276123,80.07640442849642,400.0
800.0,12.11138298276123,38.99129286156608,48.800000000000004
800.0,11.86673298276123,67.84332963561779,80.0
800.0,11.74790298276123,111.29832065192822,160.0
800.0,11.67101298276123,197.66476075460895,400.0
800.0,12.11138298276123,148.68063329167416,48.800000000000004
800.0,11.86673298276123,224.95482214117692,80.0
800.0,11.74790298276123,330.29799101055545,160.0
800.0,11.67101298276123,534.9024508859719,400.0
800.0,11.86673298276123,476.4875117453868,80.0
800.0,11.86673298276123,476.4875117453868,80.0
800.0,11.74790298276123,680.7912353910006,160.0
800.0,11.67101298276123,1083.1704695505666,400.0
800.0,11.74790298276123,1372.2724496714354,160.0
800.0,11.74790298276123,1372.2724496714354,160.0
800.0,11.74790298276123,1372.2724496714354,160.0
800.0,11.67101298276123,2173.181747877402,400.0
800.0,12.127029611551501,38.99129286156608,40.0
800.0,11.882379611551501,67.84332963561779,80.0
800.0,11.763549611551502,111.29832065192822,160.0
800.0,11.686659611551502,197.66476075460895,400.0
800.0,12.127029611551501,111.29832065192822,40.0
800.0,11.882379611551501,173.06340168221564,80.0
800.0,11.763549611551502,258.6304525918583,160.0
800.0,11.686659611551502,424.0396787992185,400.0
800.0,12.127029611551501,330.29799101055545,40.0
800.0,11.882379611551501,476.4875117453868,80.0
800.0,11.763549611551502,680.7912353910006,160.0
800.0,11.686659611551502,1083.1704695505666,400.0
800.0,11.882379611551501,967.803755086043,80.0
800.0,11.882379611551501,967.803755086043,80.0
800.0,11.763549611551502,1372.2724496714354,160.0
800.0,11.686659611551502,2173.181747877402,400.0
800.0,11.763549611551502,2749.969037534887,160.0
800.0,11.763549611551502,2749.969037534887,160.0
800.0,11.763549611551502,2749.969037534887,160.0
800.0,11.686659611551502,4349.8041998069175,400.0
800.0,12.155575125017094,96.33906111606454,40.0
800.0,11.910925125017094,152.075063092273,80.0
800.0,11.792095125017093,229.6466529223932,160.0
800.0,11.715205125017095,379.40958294267267,400.0
800.0,12.155575125017094,229.6466529223932,40.0
800.0,11.910925125017094,336.78668149413306,80.0
800.0,11.792095125017093,485.5251643395499,160.0
800.0,11.715205125017095,776.8642478430506,400.0
800.0,12.155575125017094,611.2305221724015,40.0
800.0,11.910925125017094,869.9573540461059,80.0
800.0,11.792095125017093,1234.2847675177536,160.0
800.0,11.715205125017095,1955.3800796020255,400.0
800.0,11.910925125017094,1748.376587450909,80.0
800.0,11.910925125017094,1748.376587450909,80.0
800.0,11.792095125017093,2474.5893916784084,160.0
800.0,11.715205125017095,3914.581391137361,400.0
800.0,11.792095125017093,4952.202499417634,160.0
800.0,11.792095125017093,4952.202499417634,160.0
800.0,11.792095125017093,4952.202499417634,160.0
800.0,11.715205125017095,7831.076901201907,400.0
800.0,12.833899391808771,0.4721538205655481,244.00000000000003
800.0,12.225769391808772,0.9420914318268451,244.00000000000003
800.0,11.918209391808771,1.875410850586962,244.00000000000003
800.0,11.736469391808772,4.624530317389469,400.0
800.0,12.833899391808771,1.875410850586962,244.00000000000003
800.0,12.225769391808772,3.7164564245639093,244.00000000000003
800.0,11.918209391808771,7.3009352769968805,244.00000000000003
800.0,11.736469391808772,17.35887650121912,400.0
800.0,12.833899391808771,11.188354927676741,244.00000000000003
800.0,12.225769391808772,21.27933407013592,244.00000000000003
800.0,11.918209391808771,38.99129286156608,244.00000000000003
800.0,11.736469391808772,80.07640442849642,400.0
800.0,12.225769391808772,67.84332963561779,244.00000000000003
800.0,12.225769391808772,67.84332963561779,244.00000000000003
800.0,11.918209391808771,111.29832065192822,244.00000000000003
800.0,11.736469391808772,197.66476075460895,400.0
800.0,11.918209391808771,258.6304525918583,244.00000000000003
800.0,11.918209391808771,258.6304525918583,244.00000000000003
800.0,11.918209391808771,258.6304525918583,244.00000000000003
800.0,11.736469391808772,424.0396787992185,400.0
800.0,12.836672237160492,1.875410850586962,122.00000000000001
800.0,12.228542237160491,3.7164564245639093,122.00000000000001
800.0,11.92098223716049,7.3009352769968805,160.0
800.0,11.739242237160491,17.35887650121912,400.0
800.0,12.836672237160492,7.3009352769968805,122.00000000000001
800.0,12.228542237160491,14.113570747540415,122.00000000000001
800.0,11.92098223716049,26.53593724416075,160.0
800.0,11.739242237160491,57.123426493656304,400.0
800.0,12.836672237160492,38.99129286156608,122.00000000000001
800.0,12.228542237160491,67.84332963561779,122.00000000000001
800.0,11.92098223716049,111.29832065192822,160.0
800.0,11.739242237160491,197.66476075460895,400.0
800.0,12.228542237160491,173.06340168221564,122.00000000000001
800.0,12.228542237160491,173.06340168221564,122.00000000000001
800.0,11.92098223716049,258.6304525918583,160.0
800.0,11.739242237160491,424.0396787992185,400.0
800.0,11.92098223716049,541.4907747808259,160.0
800.0,11.92098223716049,541.4907747808259,160.0
800.0,11.92098223716049,541.4907747808259,160.0
800.0,11.739242237160491,864.501006716037,400.0
800.0,12.84533298276123,11.188354927676741,48.800000000000004
800.0,12.23720298276123,21.27933407013592,80.0
800.0,11.92964298276123,38.99129286156608,160.0
800.0,11.74790298276123,80.07640442849642,400.0
800.0,12.84533298276123,38.99129286156608,48.800000000000004
800.0,12.23720298276123,67.84332963561779,80.0
800.0,11.92964298276123,111.29832065192822,160.0
800.0,11.74790298276123,197.66476075460895,400.0
800.0,12.84533298276123,148.68063329167416,48.800000000000004
800.0,12.23720298276123,224.95482214117692,80.0
800.0,11.92964298276123,330.29799101055545,160.0
800.0,11.74790298276123,534.9024508859719,400.0
800.0,12.23720298276123,476.4875117453868,80.0
800.0,12.23720298276123,476.4875117453868,80.0
800.0,11.92964298276123,680.7912353910006,160.0
800.0,11.74790298276123,1083.1704695505666,400.0
800.0,11.92964298276123,1372.2724496714354,160.0
800.0,11.92964298276123,1372.2724496714354,160.0
800.0,11.92964298276123,1372.2724496714354,160.0
800.0,11.74790298276123,2173.181747877402,400.0
800.0,12.860979611551501,38.99129286156608,40.0
800.0,12.252849611551502,67.84332963561779,80.0
800.0,11.945289611551502,111.29832065192822,160.0
800.0,11.763549611551502,197.66476075460895,400.0
800.0,12.860979611551501,111.29832065192822,40.0
800.0,12.252849611551502,173.06340168221564,80.0
800.0,11.945289611551502,258.6304525918583,160.0
800.0,11.763549611551502,424.0396787992185,400.0
800.0,12.860979611551501,330.29799101055545,40.0
800.0,12.252849611551502,476.4875117453868,80.0
800.0,11.945289611551502,680.7912353910006,160.0
800.0,11.763549611551502,1083.1704695505666,400.0
800.0,12.252849611551502,967.803755086043,80.0
800.0,12.252849611551502,967.803755086043,80.0
800.0,11.945289611551502,1372.2724496714354,160.0
800.0,11.763549611551502,2173.181747877402,400.0
800.0,11.945289611551502,2749.969037534887,160.0
800.0,11.945289611551502,2749.969037534887,160.0
800.0,11.945289611551502,2749.969037534887,160.0
800.0,11.763549611551502,4349.8041998069175,400.0
800.0,12.889525125017094,96.33906111606454,40.0
800.0,12.281395125017093,152.075063092273,80.0
800.0,11.973835125017095,229.6466529223932,160.0
800.0,11.792095125017093,379.40958294267267,400.0
800.0,12.889525125017094,229.6466529223932,40.0
800.0,12.281395125017093,336.78668149413306,80.0
800.0,11.973835125017095,485.5251643395499,160.0
800.0,11.792095125017093,776.8642478430506,400.0
800.0,12.889525125017094,611.2305221724015,40.0
800.0,12.281395125017093,869.9573540461059,80.0
800.0,11.973835125017095,1234.2847675177536,160.0
800.0,11.792095125017093,1955.3800796020255,400.0
800.0,12.281395125017093,1748.376587450909,80.0
800.0,12.281395125017093,1748.376587450909,80.0
800.0,11.973835125017095,2474.5893916784084,160.0
800.0,11.792095125017093,3914.581391137361,400.0
800.0,11.973835125017095,4952.202499417634,160.0
800.0,11.973835125017095,4952.202499417634,160.0
800.0,11.973835125017095,4952.202499417634,160.0
800.0,11.792095125017093,7831.076901201907,400.0
800.0,14.057149391808771,0.4721538205655481,244.00000000000003
800.0,12.833899391808771,0.9420914318268451,244.00000000000003
800.0,12.225769391808772,1.875410850586962,244.00000000000003
800.0,11.85529939180877,4.624530317389469,400.0
800.0,14.057149391808771,1.875410850586962,244.00000000000003
800.0,12.833899391808771,3.7164564245639093,244.00000000000003
800.0,12.225769391808772,7.3009352769968805,244.00000000000003
800.0,11.85529939180877,17.35887650121912,400.0
800.0,14.057149391808771,11.188354927676741,244.00000000000003
800.0,12.833899391808771,21.27933407013592,244.00000000000003
800.0,12.225769391808772,38.99129286156608,244.00000000000003
800.0,11.85529939180877,80.07640442849642,400.0
800.0,12.833899391808771,67.84332963561779,244.00000000000003
800.0,12.833899391808771,67.84332963561779,244.00000000000003
800.0,12.225769391808772,111.29832065192822,244.00000000000003
800.0,11.85529939180877,197.66476075460895,400.0
800.0,12.225769391808772,258.6304525918583,244.00000000000003
800.0,12.225769391808772,258.6304525918583,244.00000000000003
800.0,12.225769391808772,258.6304525918583,244.00000000000003
800.0,11.85529939180877,424.0396787992185,400.0
800.0,14.059922237160492,1.875410850586962,122.00000000000001
800.0,12.836672237160492,3.7164564245639093,122.00000000000001
800.0,12.228542237160491,7.3009352769968805,160.0
800.0,11.858072237160492,17.35887650121912,400.0
800.0,14.059922237160492,7.3009352769968805,122.00000000000001
800.0,12.836672237160492,14.113570747540415,122.00000000000001
800.0,12.228542237160491,26.53593724416075,160.0
800.0,11.858072237160492,57.123426493656304,400.0
800.0,14.059922237160492,38.99129286156608,122.00000000000001
800.0,12.836672237160492,67.84332963561779,122.00000000000001
800.0,12.228542237160491,111.29832065192822,160.0
800.0,11.858072237160492,197.66476075460895,400.0
800.0,12.836672237160492,173.06340168221564,122.00000000000001
800.0,12.836672237160492,173.06340168221564,122.00000000000001
800.0,12.228542237160491,258.6304525918583,160.0
800.0,11.858072237160492,424.0396787992185,400.0
800.0,12.228542237160491,541.4907747808259,160.0
800.0,12.228542237160491,541.4907747808259,160.0
800.0,12.228542237160491,541.4907747808259,160.0
800.0,11.858072237160492,864.501006716037,400.0
800.0,14.06858298276123,11.188354927676741,48.800000000000004
800.0,12.84533298276123,21.27933407013592,80.0
800.0,12.23720298276123,38.99129286156608,160.0
800.0,11.86673298276123,80.07640442849642,400.0
800.0,14.06858298276123,38.99129286156608,48.800000000000004
800.0,12.84533298276123,67.84332963561779,80.0
800.0,12.23720298276123,111.29832065192822,160.0
800.0,11.86673298276123,197.66476075460895,400.0
800.0,14.06858298276123,148.68063329167416,48.800000000000004
800.0,12.84533298276123,224.95482214117692,80.0
800.0,12.23720298276123,330.29799101055545,160.0
800.0,11.86673298276123,534.9024508859719,400.0
800.0,12.84533298276123,476.4875117453868,80.0
800.0,12.84533298276123,476.4875117453868,80.0
800.0,12.23720298276123,680.7912353910006,160.0
800.0,11.86673298276123,1083.1704695505666,400.0
800.0,12.23720298276123,1372.2724496714354,160.0
800.0,12.23720298276123,1372.2724496714354,160.0
800.0,12.23720298276123,1372.2724496714354,160.0
800.0,11.86673298276123,2173.181747877402,400.0
800.0,14.084229611551502,38.99129286156608,40.0
800.0,12.860979611551501,67.84332963561779,80.0
800.0,12.252849611551502,111.29832065192822,160.0
800.0,11.882379611551501,197.66476075460895,400.0
800.0,14.084229611551502,111.29832065192822,40.0
800.0,12.860979611551501,173.06340168221564,80.0
800.0,12.252849611551502,258.6304525918583,160.0
800.0,11.882379611551501,424.0396787992185,400.0
800.0,14.084229611551502,330.29799101055545,40.0
800.0,12.860979611551501,476.4875117453868,80.0
800.0,12.252849611551502,680.7912353910006,160.0
800.0,11.882379611551501,1083.1704695505666,400.0
800.0,12.860979611551501,967.803755086043,80.0
800.0,12.860979611551501,967.803755086043,80.0
800.0,12.252849611551502,1372.2724496714354,160.0
800.0,11.882379611551501,2173.181747877402,400.0
800.0,12.252849611551502,2749.969037534887,160.0
800.0,12.252849611551502,2749.969037534887,160.0
800.0,12.252849611551502,2749.969037534887,160.0
800.0,11.882379611551501,4349.8041998069175,400.0
800.0,14.112775125017095,96.33906111606454,40.0
800.0,12.889525125017094,152.075063092273,80.0
800.0,12.281395125017093,229.6466529223932,160.0
800.0,11.910925125017094,379.40958294267267,400.0
800.0,14.112775125017095,229.6466529223932,40.0
800.0,12.889525125017094,336.78668149413306,80.0
800.0,12.281395125017093,485.5251643395499,160.0
800.0,11.910925125017094,776.8642478430506,400.0
800.0,14.112775125017095,611.2305221724015,40.0
800.0,12.889525125017094,869.9573540461059,80.0
800.0,12.281395125017093,1234.2847675177536,160.0
800.0,11.910925125017094,1955.3800796020255,400.0
800.0,12.889525125017094,1748.376587450909,80.0
800.0,12.889525125017094,1748.376587450909,80.0
800.0,12.281395125017093,2474.5893916784084,160.0
800.0,11.910925125017094,3914.581391137361,400.0
800.0,12.281395125017093,4952.202499417634,160.0
800.0,12.281395125017093,4952.202499417634,160.0
800.0,12.281395125017093,4952.202499417634,160.0
800.0,11.910925125017094,7831.076901201907,400.0
800.0,16.496659391808773,0.4721538205655481,244.00000000000003
800.0,14.057149391808771,0.9420914318268451,244.00000000000003
800.0,12.833899391808771,1.875410850586962,244.00000000000003
800.0,12.09994939180877,4.624530317389469,400.0
800.0,16.496659391808773,1.875410850586962,244.00000000000003
800.0,14.057149391808771,3.7164564245639093,244.00000000000003
800.0,12.833899391808771,7.3009352769968805,244.00000000000003
800.0,12.09994939180877,17.35887650121912,400.0
800.0,16.496659391808773,11.188354927676741,244.00000000000003
800.0,14.057149391808771,21.27933407013592,244.00000000000003
800.0,12.833899391808771,38.99129286156608,244.00000000000003
800.0,12.09994939180877,80.07640442849642,400.0
800.0,14.057149391808771,67.84332963561779,244.00000000000003
800.0,14.057149391808771,67.84332963561779,244.00000000000003
800.0,12.833899391808771,111.29832065192822,244.00000000000003
800.0,12.09994939180877,197.66476075460895,400.0
800.0,12.833899391808771,258.6304525918583,244.00000000000003
800.0,12.833899391808771,258.6304525918583,244.00000000000003
800.0,12.833899391808771,258.6304525918583,244.00000000000003
800.0,12.09994939180877,424.0396787992185,400.0
800.0,16.49943223716049,1.875410850586962,122.00000000000001
800.0,14.059922237160492,3.7164564245639093,122.00000000000001
800.0,12.836672237160492,7.3009352769968805,160.0
800.0,12.102722237160492,17.35887650121912,400.0
800.0,16.49943223716049,7.3009352769968805,122.00000000000001
800.0,14.059922237160492,14.113570747540415,122.00000000000001
800.0,12.836672237160492,26.53593724416075,160.0
800.0,12.102722237160492,57.123426493656304,400.0
800.0,16.49943223716049,38.99129286156608,122.00000000000001
800.0,14.059922237160492,67.84332963561779,122.00000000000001
800.0,12.836672237160492,111.29832065192822,160.0
800.0,12.102722237160492,197.66476075460895,400.0
800.0,14.059922237160492,173.06340168221564,122.00000000000001
800.0,14.059922237160492,173.06340168221564,122.00000000000001
800.0,12.836672237160492,258.6304525918583,160.0
800.0,12.102722237160492,424.0396787992185,400.0
800.0,12.836672237160492,541.4907747808259,160.0
800.0,12.836672237160492,541.4907747808259,160.0
800.0,12.836672237160492,541.4907747808259,160.0
800.0,12.102722237160492,864.501006716037,400.0
800.0,16.50809298276123,11.188354927676741,48.800000000000004
800.0,14.06858298276123,21.27933407013592,80.0
800.0,12.84533298276123,38.99129286156608,160.0
800.0,12.11138298276123,80.07640442849642,400.0
800.0,16.50809298276123,38.99129286156608,48.800000000000004
800.0,14.06858298276123,67.84332963561779,80.0
800.0,12.84533298276123,111.29832065192822,160.0
800.0,12.11138298276123,197.66476075460895,400.0
800.0,16.50809298276123,148.68063329167416,48.800000000000004
800.0,14.06858298276123,224.95482214117692,80.0
800.0,12.84533298276123,330.29799101055545,160.0
800.0,12.11138298276123,534.9024508859719,400.0
800.0,14.06858298276123,476.4875117453868,80.0
800.0,14.06858298276123,476.4875117453868,80.0
800.0,12.84533298276123,680.7912353910006,160.0
800.0,12.11138298276123,1083.1704695505666,400.0
800.0,12.84533298276123,1372.2724496714354,160.0
800.0,12.84533298276123,1372.2724496714354,160.0
800.0,12.84533298276123,1372.2724496714354,160.0
800.0,12.11138298276123,2173.181747877402,400.0
800.0,16.523739611551502,38.99129286156608,40.0
800.0,14.084229611551502,67.84332963561779,80.0
800.0,12.860979611551501,111.29832065192822,160.0
800.0,12.127029611551501,197.66476075460895,400.0
800.0,16.523739611551502,111.29832065192822,40.0
800.0,14.084229611551502,173.06340168221564,80.0
800.0,12.860979611551501,258.6304525918583,160.0
800.0,12.127029611551501,424.0396787992185,400.0
800.0,16.523739611551502,330.29799101055545,40.0
800.0,14.084229611551502,476.4875117453868,80.0
800.0,12.860979611551501,680.7912353910006,160.0
800.0,12.127029611551501,1083.1704695505666,400.0
800.0,14.084229611551502,967.803755086043,80.0
800.0,14.084229611551502,967.803755086043,80.0
800.0,12.860979611551501,1372.2724496714354,160.0
800.0,12.127029611551501,2173.181747877402,400.0
800.0,12.860979611551501,2749.969037534887,160.0
800.0,12.860979611551501,2749.969037534887,160.0
800.0,12.860979611551501,2749.969037534887,160.0
800.0,12.127029611551501,4349.8041998069175,400.0
800.0,16.552285125017093,96.33906111606454,40.0
800.0,14.112775125017095,152.075063092273,80.0
800.0,12.889525125017094,229.6466529223932,160.0
800.0,12.155575125017094,379.40958294267267,400.0
800.0,16.552285125017093,229.6466529223932,40.0
800.0,14.112775125017095,336.78668149413306,80.0
800.0,12.889525125017094,485.5251643395499,160.0
800.0,12.155575125017094,776.8642478430506,400.0
800.0,16.552285125017093,611.2305221724015,40.0
800.0,14.112775125017095,869.9573540461059,80.0
800.0,12.889525125017094,1234.2847675177536,160.0
800.0,12.155575125017094,1955.3800796020255,400.0
800.0,14.112775125017095,1748.376587450909,80.0
800.0,14.112775125017095,1748.376587450909,80.0
800.0,12.889525125017094,2474.5893916784084,160.0
800.0,12.155575125017094,3914.581391137361,400.0
800.0,12.889525125017094,4952.202499417634,160.0
800.0,12.889525125017094,4952.202499417634,160.0
800.0,12.889525125017094,4952.202499417634,160.0
800.0,12.155575125017094,7831.076901201907,400.0
800.0,23.815189391808772,0.4721538205655481,244.00000000000003
800.0,17.71291939180877,0.9420914318268451,244.00000000000003
800.0,14.665279391808772,1.875410850586962,244.00000000000003
800.0,12.833899391808771,4.624530317389469,400.0
800.0,23.815189391808772,1.875410850586962,244.00000000000003
800.0,17.71291939180877,3.7164564245639093,244.00000000000003
800.0,14.665279391808772,7.3009352769968805,244.00000000000003
800.0,12.833899391808771,17.35887650121912,400.0
800.0,23.815189391808772,11.188354927676741,244.00000000000003
800.0,17.71291939180877,21.27933407013592,244.00000000000003
800.0,14.665279391808772,38.99129286156608,244.00000000000003
800.0,12.833899391808771,80.07640442849642,400.0
800.0,17.71291939180877,67.84332963561779,244.00000000000003
800.0,17.71291939180877,67.84332963561779,244.00000000000003
800.0,14.665279391808772,111.29832065192822,244.00000000000003
800.0,12.833899391808771,197.66476075460895,400.0
800.0,14.665279391808772,258.6304525918583,244.00000000000003
800.0,14.665279391808772,258.6304525918583,244.00000000000003
800.0,14.665279391808772,258.6304525918583,244.00000000000003
800.0,12.833899391808771,424.0396787992185,400.0
800.0,23.817962237160494,1.875410850586962,122.00000000000001
800.0,17.715692237160493,3.7164564245639093,122.00000000000001
800.0,14.668052237160492,7.3009352769968805,160.0
800.0,12.836672237160492,17.35887650121912,400.0
800.0,23.817962237160494,7.3009352769968805,122.00000000000001
800.0,17.715692237160493,14.113570747540415,122.00000000000001
800.0,14.668052237160492,26.53593724416075,160.0
800.0,12.836672237160492,57.123426493656304,400.0
800.0,23.817962237160494,38.99129286156608,122.00000000000001
800.0,17.715692237160493,67.84332963561779,122.00000000000001
800.0,14.668052237160492,111.29832065192822,160.0
800.0,12.836672237160492,197.66476075460895,400.0
800.0,17.715692237160493,173.06340168221564,122.00000000000001
800.0,17.715692237160493,173.06340168221564,122.00000000000001
800.0,14.668052237160492,258.6304525918583,160.0
800.0,12.836672237160492,424.0396787992185,400.0
800.0,14.668052237160492,541.4907747808259,160.0
800.0,14.668052237160492,541.4907747808259,160.0
800.0,14.668052237160492,541.4907747808259,160.0
800.0,12.836672237160492,864.501006716037,400.0
800.0,23.82662298276123,11.188354927676741,48.800000000000004
800.0,17.724352982761232,21.27933407013592,80.0
800.0,14.67671298276123,38.99129286156608,160.0
800.0,12.84533298276123,80.07640442849642,400.0
800.0,23.82662298276123,38.99129286156608,48.800000000000004
800.0,17.724352982761232,67.84332963561779,80.0
800.0,14.67671298276123,111.29832065192822,160.0
800.0,12.84533298276123,197.66476075460895,400.0
800.0,23.82662298276123,148.68063329167416,48.800000000000004
800.0,17.724352982761232,224.95482214117692,80.0
800.0,14.67671298276123,330.29799101055545,160.0
800.0,12.84533298276123,534.9024508859719,400.0
800.0,17.724352982761232,476.4875117453868,80.0
800.0,17.724352982761232,476.4875117453868,80.0
800.0,14.67671298276123,680.7912353910006,160.0
800.0,12.84533298276123,1083.1704695505666,400.0
800.0,14.67671298276123,1372.2724496714354,160.0
800.0,14.67671298276123,1372.2724496714354,160.0
800.0,14.67671298276123,1372.2724496714354,160.0
800.0,12.84533298276123,2173.181747877402,400.0
800.0,23.8422696115515,38.99129286156608,40.0
800.0,17.739999611551504,67.84332963561779,80.0
800.0,14.692359611551502,111.29832065192822,160.0
800.0,12.860979611551501,197.66476075460895,400.0
800.0,23.8422696115515,111.29832065192822,40.0
800.0,17.739999611551504,173.06340168221564,80.0
800.0,14.692359611551502,258.6304525918583,160.0
800.0,12.860979611551501,424.0396787992185,400.0
800.0,23.8422696115515,330.29799101055545,40.0
800.0,17.739999611551504,476.4875117453868,80.0
800.0,14.692359611551502,680.7912353910006,160.0
800.0,12.860979611551501,1083.1704695505666,400.0
800.0,17.739999611551504,967.803755086043,80.0
800.0,17.739999611551504,967.803755086043,80.0
800.0,14.692359611551502,1372.2724496714354,160.0
800.0,12.860979611551501,2173.181747877402,400.0
800.0,14.692359611551502,2749.969037534887,160.0
800.0,14.692359611551502,2749.969037534887,160.0
800.0,14.692359611551502,2749.969037534887,160.0
800.0,12.860979611551501,4349.8041998069175,400.0
800.0,23.870815125017096,96.33906111606454,40.0
800.0,17.768545125017095,152.075063092273,80.0
800.0,14.720905125017094,229.6466529223932,160.0
800.0,12.889525125017094,379.40958294267267,400.0
800.0,23.870815125017096,229.6466529223932,40.0
800.0,17.768545125017095,336.78668149413306,80.0
800.0,14.720905125017094,485.5251643395499,160.0
800.0,12.889525125017094,776.8642478430506,400.0
800.0,23.870815125017096,611.2305221724015,40.0
800.0,17.768545125017095,869.9573540461059,80.0
800.0,14.720905125017094,1234.2847675177536,160.0
800.0,12.889525125017094,1955.3800796020255,400.0
800.0,17.768545125017095,1748.376587450909,80.0
800.0,17.768545125017095,1748.376587450909,80.0
800.0,14.720905125017094,2474.5893916784084,160.0
800.0,12.889525125017094,3914.581391137361,400.0
800.0,14.720905125017094,4952.202499417634,160.0
800.0,14.720905125017094,4952.202499417634,160.0
800.0,14.720905125017094,4952.202499417634,160.0
800.0,12.889525125017094,7831.076901201907,400.0
800.0,12.174729704570698,0.05914123179106671,244.00000000000003
800.0,11.930079704570698,0.11824751256799562,244.00000000000003
800.0,11.811249704570699,0.23635540677497055,244.00000000000003
800.0,11.734359704570698,0.5898450767497785,244.00000000000003
800.0,12.174729704570698,0.23635540677497055,244.00000000000003
800.0,11.930079704570698,0.4721538205655481,244.00000000000003
800.0,11.811249704570699,0.9420914318268451,244.00000000000003
800.0,11.734359704570698,2.3388381747057436,244.00000000000003
800.0,12.174729704570698,1.4681511743523805,244.00000000000003
800.0,11.930079704570698,2.9151363945161353,244.00000000000003
800.0,11.811249704570699,5.748284647453374,244.00000000000003
800.0,11.734359704570698,13.804077028634717,244.00000000000003
800.0,11.930079704570698,11.188354927676741,244.00000000000003
800.0,11.930079704570698,11.188354927676741,244.00000000000003
800.0,11.811249704570699,21.27933407013592,244.00000000000003
800.0,11.734359704570698,46.89251938237402,244.00000000000003
800.0,11.811249704570699,67.84332963561779,244.00000000000003
800.0,11.811249704570699,67.84332963561779,244.00000000000003
800.0,11.811249704570699,67.84332963561779,244.00000000000003
800.0,11.734359704570698,128.97312325302045,244.00000000000003
800.0,12.179020078944593,0.23635540677497055,122.00000000000001
800.0,11.934370078944593,0.4721538205655481,122.00000000000001
800.0,11.815540078944592,0.9420914318268451,122.00000000000001
800.0,11.738650078944591,2.3388381747057436,200.0
800.0,12.179020078944593,0.9420914318268451,122.00000000000001
800.0,11.934370078944593,1.875410850586962,122.00000000000001
800.0,11.815540078944592,3.7164564245639093,122.00000000000001
800.0,11.738650078944591,9.046911593485405,200.0
800.0,12.179020078944593,5.748284647453374,122.00000000000001
800.0,11.934370078944593,11.188354927676741,122.00000000000001
800.0,11.815540078944592,21.27933407013592,122.00000000000001
800.0,11.738650078944591,46.89251938237402,200.0
800.0,11.934370078944593,38.99129286156608,122.00000000000001
800.0,11.934370078944593,38.99129286156608,122.00000000000001
800.0,11.815540078944592,67.84332963561779,122.00000000000001
800.0,11.738650078944591,128.97312325302045,200.0
800.0,11.815540078944592,173.06340168221564,122.00000000000001
800.0,11.815540078944592,173.06340168221564,122.00000000000001
800.0,11.815540078944592,173.06340168221564,122.00000000000001
800.0,11.738650078944591,292.5909884679092,200.0
800.0,12.19242069681936,1.4681511743523805,48.800000000000004
800.0,11.94777069681936,2.9151363945161353,48.800000000000004
800.0,11.82894069681936,5.748284647453374,80.0
800.0,11.75205069681936,13.804077028634717,200.0
800.0,12.19242069681936,5.748284647453374,48.800000000000004
800.0,11.94777069681936,11.188354927676741,48.800000000000004
800.0,11.82894069681936,21.27933407013592,80.0
800.0,11.75205069681936,46.89251938237402,200.0
800.0,12.19242069681936,31.592167079759957,48.800000000000004
800.0,11.94777069681936,56.068453672332815,48.800000000000004
800.0,11.82894069681936,93.93411142640907,80.0
800.0,11.75205069681936,170.59610147331267,200.0
800.0,11.94777069681936,148.68063329167416,48.800000000000004
800.0,11.94777069681936,148.68063329167416,48.800000000000004
800.0,11.82894069681936,224.95482214117692,80.0
800.0,11.75205069681936,372.1963622040912,200.0
800.0,11.82894069681936,476.4875117453868,80.0
800.0,11.82894069681936,476.4875117453868,80.0
800.0,11.82894069681936,476.4875117453868,80.0
800.0,11.75205069681936,762.7276414068033,200.0
800.0,12.216630447701421,5.748284647453374,24.400000000000002
800.0,11.971980447701421,11.188354927676741,40.0
800.0,11.85315044770142,21.27933407013592,80.0
800.0,11.776260447701421,46.89251938237402,200.0
800.0,12.216630447701421,21.27933407013592,24.400000000000002
800.0,11.971980447701421,38.99129286156608,40.0
800.0,11.85315044770142,67.84332963561779,80.0
800.0,11.776260447701421,128.97312325302045,200.0
800.0,12.216630447701421,93.93411142640907,24.400000000000002
800.0,11.971980447701421,148.68063329167416,40.0
800.0,11.85315044770142,224.95482214117692,80.0
800.0,11.776260447701421,372.1963622040912,200.0
800.0,11.971980447701421,330.29799101055545,40.0
800.0,11.971980447701421,330.29799101055545,40.0
800.0,11.85315044770142,476.4875117453868,80.0
800.0,11.776260447701421,762.7276414068033,200.0
800.0,11.85315044770142,967.803755086043,80.0
800.0,11.85315044770142,967.803755086043,80.0
800.0,11.85315044770142,967.803755086043,80.0
800.0,11.776260447701421,1535.0540685895821,200.0
800.0,12.260798413789564,17.558403286027918,20.0
800.0,12.016148413789564,32.593274155841016,40.0
800.0,11.897318413789565,57.68232394391336,80.0
800.0,11.820428413789564,112.23149440606448,200.0
800.0,12.260798413789564,57.68232394391336,20.0
800.0,12.016148413789564,96.33906111606454,40.0
800.0,11.897318413789565,152.075063092273,80.0
800.0,11.820428413789564,260.4294731024323,200.0
800.0,12.260798413789564,199.1108424224254,20.0
800.0,12.016148413789564,294.58781191212097,40.0
800.0,11.897318413789565,426.8139067280009,80.0
800.0,11.820428413789564,685.1204828882276,200.0
800.0,12.016148413789564,611.2305221724015,40.0
800.0,12.016148413789564,611.2305221724015,40.0
800.0,11.897318413789565,869.9573540461059,80.0
800.0,11.820428413789564,1380.8673071277408,200.0
800.0,11.897318413789565,1748.376587450909,80.0
800.0,11.897318413789565,1748.376587450909,80.0
800.0,11.897318413789565,1748.376587450909,80.0
800.0,11.820428413789564,2767.125494312805,200.0
800.0,12.664029704570698,0.05914123179106671,244.00000000000003
800.0,12.174729704570698,0.11824751256799562,244.00000000000003
800.0,11.930079704570698,0.23635540677497055,244.00000000000003
800.0,11.783289704570699,0.5898450767497785,244.00000000000003
800.0,12.664029704570698,0.23635540677497055,244.00000000000003
800.0,12.174729704570698,0.4721538205655481,244.00000000000003
800.0,11.930079704570698,0.9420914318268451,244.00000000000003
800.0,11.783289704570699,2.3388381747057436,244.00000000000003
800.0,12.664029704570698,1.4681511743523805,244.00000000000003
800.0,12.174729704570698,2.9151363945161353,244.00000000000003
800.0,11.930079704570698,5.748284647453374,244.00000000000003
800.0,11.783289704570699,13.804077028634717,244.00000000000003
800.0,12.174729704570698,11.188354927676741,244.00000000000003
800.0,12.174729704570698,11.188354927676741,244.00000000000003
800.0,11.930079704570698,21.27933407013592,244.00000000000003
800.0,11.783289704570699,46.89251938237402,244.00000000000003
800.0,11.930079704570698,67.84332963561779,244.00000000000003
800.0,11.930079704570698,67.84332963561779,244.00000000000003
800.0,11.930079704570698,67.84332963561779,244.00000000000003
800.0,11.783289704570699,128.97312325302045,244.00000000000003
800.0,12.668320078944593,0.23635540677497055,122.00000000000001
800.0,12.179020078944593,0.4721538205655481,122.00000000000001
800.0,11.934370078944593,0.9420914318268451,122.00000000000001
800.0,11.787580078944591,2.3388381747057436,200.0
800.0,12.668320078944593,0.9420914318268451,122.00000000000001
800.0,12.179020078944593,1.875410850586962,122.00000000000001
800.0,11.934370078944593,3.7164564245639093,122.00000000000001
800.0,11.787580078944591,9.046911593485405,200.0
800.0,12.668320078944593,5.748284647453374,122.00000000000001
800.0,12.179020078944593,11.188354927676741,122.00000000000001
800.0,11.934370078944593,21.27933407013592,122.00000000000001
800.0,11.787580078944591,46.89251938237402,200.0
800.0,12.179020078944593,38.99129286156608,122.00000000000001
800.0,12.179020078944593,38.99129286156608,122.00000000000001
800.0,11.934370078944593,67.84332963561779,122.00000000000001
800.0,11.787580078944591,128.97312325302045,200.0
800.0,11.934370078944593,173.06340168221564,122.00000000000001
800.0,11.934370078944593,173.06340168221564,122.00000000000001
800.0,11.934370078944593,173.06340168221564,122.00000000000001
800.0,11.787580078944591,292.5909884679092,200.0
800.0,12.68172069681936,1.4681511743523805,48.800000000000004
800.0,12.19242069681936,2.9151363945161353,48.800000000000004
800.0,11.94777069681936,5.748284647453374,80.0
800.0,11.80098069681936,13.804077028634717,200.0
800.0,12.68172069681936,5.748284647453374,48.800000000000004
800.0,12.19242069681936,11.188354927676741,48.800000000000004
800.0,11.94777069681936,21.27933407013592,80.0
800.0,11.80098069681936,46.89251938237402,200.0
800.0,12.68172069681936,31.592167079759957,48.800000000000004
800.0,12.19242069681936,56.068453672332815,48.800000000000004
800.0,11.94777069681936,93.93411142640907,80.0
800.0,11.80098069681936,170.59610147331267,200.0
800.0,12.19242069681936,148.68063329167416,48.800000000000004
800.0,12.19242069681936,148.68063329167416,48.800000000000004
800.0,11.94777069681936,224.95482214117692,80.0
800.0,11.80098069681936,372.1963622040912,200.0
800.0,11.94777069681936,476.4875117453868,80.0
800.0,11.94777069681936,476.4875117453868,80.0
800.0,11.94777069681936,476.4875117453868,80.0
800.0,11.80098069681936,762.7276414068033,200.0
800.0,12.705930447701421,5.748284647453374,24.400000000000002
800.0,12.216630447701421,11.188354927676741,40.0
800.0,11.971980447701421,21.27933407013592,80.0
800.0,11.825190447701422,46.89251938237402,200.0
800.0,12.705930447701421,21.27933407013592,24.400000000000002
800.0,12.216630447701421,38.99129286156608,40.0
800.0,11.971980447701421,67.84332963561779,80.0
800.0,11.825190447701422,128.97312325302045,200.0
800.0,12.705930447701421,93.93411142640907,24.400000000000002
800.0,12.216630447701421,148.68063329167416,40.0
800.0,11.971980447701421,224.95482214117692,80.0
800.0,11.825190447701422,372.1963622040912,200.0
800.0,12.216630447701421,330.29799101055545,40.0
800.0,12.216630447701421,330.29799101055545,40.0
800.0,11.971980447701421,476.4875117453868,80.0
800.0,11.825190447701422,762.7276414068033,200.0
800.0,11.971980447701421,967.803755086043,80.0
800.0,11.971980447701421,967.803755086043,80.0
800.0,11.971980447701421,967.803755086043,80.0
800.0,11.825190447701422,1535.0540685895821,200.0
800.0,12.750098413789564,17.558403286027918,20.0
800.0,12.260798413789564,32.593274155841016,40.0
800.0,12.016148413789564,57.68232394391336,80.0
800.0,11.869358413789564,112.23149440606448,200.0
800.0,12.750098413789564,57.68232394391336,20.0
800.0,12.260798413789564,96.33906111606454,40.0
800.0,12.016148413789564,152.075063092273,80.0
800.0,11.869358413789564,260.4294731024323,200.0
800.0,12.750098413789564,199.1108424224254,20.0
800.0,12.260798413789564,294.58781191212097,40.0
800.0,12.016148413789564,426.8139067280009,80.0
800.0,11.869358413789564,685.1204828882276,200.0
800.0,12.260798413789564,611.2305221724015,40.0
800.0,12.260798413789564,611.2305221724015,40.0
800.0,12.016148413789564,869.9573540461059,80.0
800.0,11.869358413789564,1380.8673071277408,200.0
800.0,12.016148413789564,1748.376587450909,80.0
800.0,12.016148413789564,1748.376587450909,80.0
800.0,12.016148413789564,1748.376587450909,80.0
800.0,11.869358413789564,2767.125494312805,200.0
800.0,14.131929704570698,0.05914123179106671,244.00000000000003
800.0,12.908679704570698,0.11824751256799562,244.00000000000003
800.0,12.300549704570697,0.23635540677497055,244.00000000000003
800.0,11.930079704570698,0.5898450767497785,244.00000000000003
800.0,14.131929704570698,0.23635540677497055,244.00000000000003
800.0,12.908679704570698,0.4721538205655481,244.00000000000003
800.0,12.300549704570697,0.9420914318268451,244.00000000000003
800.0,11.930079704570698,2.3388381747057436,244.00000000000003
800.0,14.131929704570698,1.4681511743523805,244.00000000000003
800.0,12.908679704570698,2.9151363945161353,244.00000000000003
800.0,12.300549704570697,5.748284647453374,244.00000000000003
800.0,11.930079704570698,13.804077028634717,244.00000000000003
800.0,12.908679704570698,11.188354927676741,244.00000000000003
800.0,12.908679704570698,11.188354927676741,244.00000000000003
800.0,12.300549704570697,21.27933407013592,244.00000000000003
800.0,11.930079704570698,46.89251938237402,244.00000000000003
800.0,12.300549704570697,67.84332963561779,244.00000000000003
800.0,12.300549704570697,67.84332963561779,244.00000000000003
800.0,12.300549704570697,67.84332963561779,244.00000000000003
800.0,11.930079704570698,128.97312325302045,244.00000000000003
800.0,14.136220078944593,0.23635540677497055,122.00000000000001
800.0,12.912970078944593,0.4721538205655481,122.00000000000001
800.0,12.304840078944592,0.9420914318268451,122.00000000000001
800.0,11.934370078944593,2.3388381747057436,200.0
800.0,14.136220078944593,0.9420914318268451,122.00000000000001
800.0,12.912970078944593,1.875410850586962,122.00000000000001
800.0,12.304840078944592,3.7164564245639093,122.00000000000001
800.0,11.934370078944593,9.046911593485405,200.0
800.0,14.136220078944593,5.748284647453374,122.00000000000001
800.0,12.912970078944593,11.188354927676741,122.00000000000001
800.0,12.304840078944592,21.27933407013592,122.00000000000001
800.0,11.934370078944593,46.89251938237402,200.0
800.0,12.912970078944593,38.99129286156608,122.00000000000001
800.0,12.912970078944593,38.99129286156608,122.00000000000001
800.0,12.304840078944592,67.84332963561779,122.00000000000001
800.0,11.934370078944593,128.97312325302045,200.0
800.0,12.304840078944592,173.06340168221564,122.00000000000001
800.0,12.304840078944592,173.06340168221564,122.00000000000001
800.0,12.304840078944592,173.06340168221564,122.00000000000001
800.0,11.934370078944593,292.5909884679092,200.0
800.0,14.14962069681936,1.4681511743523805,48.800000000000004
800.0,12.92637069681936,2.9151363945161353,48.800000000000004
800.0,12.31824069681936,5.748284647453374,80.0
800.0,11.94777069681936,13.804077028634717,200.0
800.0,14.14962069681936,5.748284647453374,48.800000000000004
800.0,12.92637069681936,11.188354927676741,48.800000000000004
800.0,12.31824069681936,21.27933407013592,80.0
800.0,11.94777069681936,46.89251938237402,200.0
800.0,14.14962069681936,31.592167079759957,48.800000000000004
800.0,12.92637069681936,56.068453672332815,48.800000000000004
800.0,12.31824069681936,93.93411142640907,80.0
800.0,11.94777069681936,170.59610147331267,200.0
800.0,12.92637069681936,148.68063329167416,48.800000000000004
800.0,12.92637069681936,148.68063329167416,48.800000000000004
800.0,12.31824069681936,224.95482214117692,80.0
800.0,11.94777069681936,372.1963622040912,200.0
800.0,12.31824069681936,476.4875117453868,80.0
800.0,12.31824069681936,476.4875117453868,80.0
800.0,12.31824069681936,476.4875117453868,80.0
800.0,11.94777069681936,762.7276414068033,200.0
800.0,14.173830447701421,5.748284647453374,24.400000000000002
800.0,12.950580447701421,11.188354927676741,40.0
800.0,12.34245044770142,21.27933407013592,80.0
800.0,11.971980447701421,46.89251938237402,200.0
800.0,14.173830447701421,21.27933407013592,24.400000000000002
800.0,12.950580447701421,38.99129286156608,40.0
800.0,12.34245044770142,67.84332963561779,80.0
800.0,11.971980447701421,128.97312325302045,200.0
800.0,14.173830447701421,93.93411142640907,24.400000000000002
800.0,12.950580447701421,148.68063329167416,40.0
800.0,12.34245044770142,224.95482214117692,80.0
800.0,11.971980447701421,372.1963622040912,200.0
800.0,12.950580447701421,330.29799101055545,40.0
800.0,12.950580447701421,330.29799101055545,40.0
800.0,12.34245044770142,476.4875117453868,80.0
800.0,11.971980447701421,762.7276414068033,200.0
800.0,12.34245044770142,967.803755086043,80.0
800.0,12.34245044770142,967.803755086043,80.0
800.0,12.34245044770142,967.803755086043,80.0
800.0,11.971980447701421,1535.0540685895821,200.0
800.0,14.217998413789564,17.558403286027918,20.0
800.0,12.994748413789564,32.593274155841016,40.0
800.0,12.386618413789565,57.68232394391336,80.0
800.0,12.016148413789564,112.23149440606448,200.0
800.0,14.217998413789564,57.68232394391336,20.0
800.0,12.994748413789564,96.33906111606454,40.0
800.0,12.386618413789565,152.075063092273,80.0
800.0,12.016148413789564,260.4294731024323,200.0
800.0,14.217998413789564,199.1108424224254,20.0
800.0,12.994748413789564,294.58781191212097,40.0
800.0,12.386618413789565,426.8139067280009,80.0
800.0,12.016148413789564,685.1204828882276,200.0
800.0,12.994748413789564,611.2305221724015,40.0
800.0,12.994748413789564,611.2305221724015,40.0
800.0,12.386618413789565,869.9573540461059,80.0
800.0,12.016148413789564,1380.8673071277408,200.0
800.0,12.386618413789565,1748.376587450909,80.0
800.0,12.386618413789565,1748.376587450909,80.0
800.0,12.386618413789565,1748.376587450909,80.0
800.0,12.016148413789564,2767.125494312805,200.0
800.0,16.5714397045707,0.05914123179106671,244.00000000000003
800.0,14.131929704570698,0.11824751256799562,244.00000000000003
800.0,12.908679704570698,0.23635540677497055,244.00000000000003
800.0,12.174729704570698,0.5898450767497785,244.00000000000003
800.0,16.5714397045707,0.23635540677497055,244.00000000000003
800.0,14.131929704570698,0.4721538205655481,244.00000000000003
800.0,12.908679704570698,0.9420914318268451,244.00000000000003
800.0,12.174729704570698,2.3388381747057436,244.00000000000003
800.0,16.5714397045707,1.4681511743523805,244.00000000000003
800.0,14.131929704570698,2.9151363945161353,244.00000000000003
800.0,12.908679704570698,5.748284647453374,244.00000000000003
800.0,12.174729704570698,13.804077028634717,244.00000000000003
800.0,14.131929704570698,11.188354927676741,244.00000000000003
800.0,14.131929704570698,11.188354927676741,244.00000000000003
800.0,12.908679704570698,21.27933407013592,244.00000000000003
800.0,12.174729704570698,46.89251938237402,244.00000000000003
800.0,12.908679704570698,67.84332963561779,244.00000000000003
800.0,12.908679704570698,67.84332963561779,244.00000000000003
800.0,12.908679704570698,67.84332963561779,244.00000000000003
800.0,12.174729704570698,128.97312325302045,244.00000000000003
800.0,16.575730078944595,0.23635540677497055,122.00000000000001
800.0,14.136220078944593,0.4721538205655481,122.00000000000001
800.0,12.912970078944593,0.9420914318268451,122.00000000000001
800.0,12.179020078944593,2.3388381747057436,200.0
800.0,16.575730078944595,0.9420914318268451,122.00000000000001
800.0,14.136220078944593,1.875410850586962,122.00000000000001
800.0,12.912970078944593,3.7164564245639093,122.00000000000001
800.0,12.179020078944593,9.046911593485405,200.0
800.0,16.575730078944595,5.748284647453374,122.00000000000001
800.0,14.136220078944593,11.188354927676741,122.00000000000001
800.0,12.912970078944593,21.27933407013592,122.00000000000001
800.0,12.179020078944593,46.89251938237402,200.0
800.0,14.136220078944593,38.99129286156608,122.00000000000001
800.0,14.136220078944593,38.99129286156608,122.00000000000001
800.0,12.912970078944593,67.84332963561779,122.00000000000001
800.0,12.179020078944593,128.97312325302045,200.0
800.0,12.912970078944593,173.06340168221564,122.00000000000001
800.0,12.912970078944593,173.06340168221564,122.00000000000001
800.0,12.912970078944593,173.06340168221564,122.00000000000001
800.0,12.179020078944593,292.5909884679092,200.0
800.0,16.58913069681936,1.4681511743523805,48.800000000000004
800.0,14.14962069681936,2.9151363945161353,48.800000000000004
800.0,12.92637069681936,5.748284647453374,80.0
800.0,12.19242069681936,13.804077028634717,200.0
800.0,16.58913069681936,5.748284647453374,48.800000000000004
800.0,14.14962069681936,11.188354927676741,48.800000000000004
800.0,12.92637069681936,21.27933407013592,80.0
800.0,12.19242069681936,46.89251938237402,200.0
800.0,16.58913069681936,31.592167079759957,48.800000000000004
800.0,14.14962069681936,56.068453672332815,48.800000000000004
800.0,12.92637069681936,93.93411142640907,80.0
800.0,12.19242069681936,170.59610147331267,200.0
800.0,14.14962069681936,148.68063329167416,48.800000000000004
800.0,14.14962069681936,148.68063329167416,48.800000000000004
800.0,12.92637069681936,224.95482214117692,80.0
800.0,12.19242069681936,372.1963622040912,200.0
800.0,12.92637069681936,476.4875117453868,80.0
800.0,12.92637069681936,476.4875117453868,80.0
800.0,12.92637069681936,476.4875117453868,80.0
800.0,12.19242069681936,762.7276414068033,200.0
800.0,16.61334044770142,5.748284647453374,24.400000000000002
800.0,14.173830447701421,11.188354927676741,40.0
800.0,12.950580447701421,21.27933407013592,80.0
800.0,12.216630447701421,46.89251938237402,200.0
800.0,16.61334044770142,21.27933407013592,24.400000000000002
800.0,14.173830447701421,38.99129286156608,40.0
800.0,12.950580447701421,67.84332963561779,80.0
800.0,12.216630447701421,128.97312325302045,200.0
800.0,16.61334044770142,93.93411142640907,24.400000000000002
800.0,14.173830447701421,148.68063329167416,40.0
800.0,12.950580447701421,224.95482214117692,80.0
800.0,12.216630447701421,372.1963622040912,200.0
800.0,14.173830447701421,330.29799101055545,40.0
800.0,14.173830447701421,330.29799101055545,40.0
800.0,12.950580447701421,476.4875117453868,80.0
800.0,12.216630447701421,762.7276414068033,200.0
800.0,12.950580447701421,967.803755086043,80.0
800.0,12.950580447701421,967.803755086043,80.0
800.0,12.950580447701421,967.803755086043,80.0
800.0,12.216630447701421,1535.0540685895821,200.0
800.0,16.657508413789564,17.558403286027918,20.0
800.0,14.217998413789564,32.593274155841016,40.0
800.0,12.994748413789564,57.68232394391336,80.0
800.0,12.260798413789564,112.23149440606448,200.0
800.0,16.657508413789564,57.68232394391336,20.0
800.0,14.217998413789564,96.33906111606454,40.0
800.0,12.994748413789564,152.075063092273,80.0
800.0,12.260798413789564,260.4294731024323,200.0
800.0,16.657508413789564,199.1108424224254,20.0
800.0,14.217998413789564,294.58781191212097,40.0
800.0,12.994748413789564,426.8139067280009,80.0
800.0,12.260798413789564,685.1204828882276,200.0
800.0,14.217998413789564,611.2305221724015,40.0
800.0,14.217998413789564,611.2305221724015,40.0
800.0,12.994748413789564,869.9573540461059,80.0
800.0,12.260798413789564,1380.8673071277408,200.0
800.0,12.994748413789564,1748.376587450909,80.0
800.0,12.994748413789564,1748.376587450909,80.0
800.0,12.994748413789564,1748.376587450909,80.0
800.0,12.260798413789564,2767.125494312805,200.0
800.0,21.450459704570697,0.05914123179106671,244.00000000000003
800.0,16.5714397045707,0.11824751256799562,244.00000000000003
800.0,14.131929704570698,0.23635540677497055,244.00000000000003
800.0,12.664029704570698,0.5898450767497785,244.00000000000003
800.0,21.450459704570697,0.23635540677497055,244.00000000000003
800.0,16.5714397045707,0.4721538205655481,244.00000000000003
800.0,14.131929704570698,0.9420914318268451,244.00000000000003
800.0,12.664029704570698,2.3388381747057436,244.00000000000003
800.0,21.450459704570697,1.4681511743523805,244.00000000000003
800.0,16.5714397045707,2.9151363945161353,244.00000000000003
800.0,14.131929704570698,5.748284647453374,244.00000000000003
800.0,12.664029704570698,13.804077028634717,244.00000000000003
800.0,16.5714397045707,11.188354927676741,244.00000000000003
800.0,16.5714397045707,11.188354927676741,244.00000000000003
800.0,14.131929704570698,21.27933407013592,244.00000000000003
800.0,12.664029704570698,46.89251938237402,244.00000000000003
800.0,14.131929704570698,67.84332963561779,244.00000000000003
800.0,14.131929704570698,67.84332963561779,244.00000000000003
800.0,14.131929704570698,67.84332963561779,244.00000000000003
800.0,12.664029704570698,128.97312325302045,244.00000000000003
800.0,21.454750078944592,0.23635540677497055,122.00000000000001
800.0,16.575730078944595,0.4721538205655481,122.00000000000001
800.0,14.136220078944593,0.9420914318268451,122.00000000000001
800.0,12.668320078944593,2.3388381747057436,200.0
800.0,21.454750078944592,0.9420914318268451,122.00000000000001
800.0,16.575730078944595,1.875410850586962,122.00000000000001
800.0,14.136220078944593,3.7164564245639093,122.00000000000001
800.0,12.668320078944593,9.046911593485405,200.0
800.0,21.454750078944592,5.748284647453374,122.00000000000001
800.0,16.575730078944595,11.188354927676741,122.00000000000001
800.0,14.136220078944593,21.27933407013592,122.00000000000001
800.0,12.668320078944593,46.89251938237402,200.0
800.0,16.575730078944595,38.99129286156608,122.00000000000001
800.0,16.575730078944595,38.99129286156608,122.00000000000001
800.0,14.136220078944593,67.84332963561779,122.00000000000001
800.0,12.668320078944593,128.97312325302045,200.0
800.0,14.136220078944593,173.06340168221564,122.00000000000001
800.0,14.136220078944593,173.06340168221564,122.00000000000001
800.0,14.136220078944593,173.06340168221564,122.00000000000001
800.0,12.668320078944593,292.5909884679092,200.0
800.0,21.46815069681936,1.4681511743523805,48.800000000000004
800.0,16.58913069681936,2.9151363945161353,48.800000000000004
800.0,14.14962069681936,5.748284647453374,80.0
800.0,12.68172069681936,13.804077028634717,200.0
800.0,21.46815069681936,5.748284647453374,48.800000000000004
800.0,16.58913069681936,11.188354927676741,48.800000000000004
800.0,14.14962069681936,21.27933407013592,80.0
800.0,12.68172069681936,46.89251938237402,200.0
800.0,21.46815069681936,31.592167079759957,48.800000000000004
800.0,16.58913069681936,56.068453672332815,48.800000000000004
800.0,14.14962069681936,93.93411142640907,80.0
800.0,12.68172069681936,170.59610147331267,200.0
800.0,16.58913069681936,148.68063329167416,48.800000000000004
800.0,16.58913069681936,148.68063329167416,48.800000000000004
800.0,14.14962069681936,224.95482214117692,80.0
800.0,12.68172069681936,372.1963622040912,200.0
800.0,14.14962069681936,476.4875117453868,80.0
800.0,14.14962069681936,476.4875117453868,80.0
800.0,14.14962069681936,476.4875117453868,80.0
800.0,12.68172069681936,762.7276414068033,200.0
800.0,21.492360447701422,5.748284647453374,24.400000000000002
800.0,16.61334044770142,11.188354927676741,40.0
800.0,14.173830447701421,21.27933407013592,80.0
800.0,12.705930447701421,46.89251938237402,200.0
800.0,21.492360447701422,21.27933407013592,24.400000000000002
800.0,16.61334044770142,38.99129286156608,40.0
800.0,14.173830447701421,67.84332963561779,80.0
800.0,12.705930447701421,128.97312325302045,200.0
800.0,21.492360447701422,93.93411142640907,24.400000000000002
800.0,16.61334044770142,148.68063329167416,40.0
800.0,14.173830447701421,224.95482214117692,80.0
800.0,12.705930447701421,372.1963622040912,200.0
800.0,16.61334044770142,330.29799101055545,40.0
800.0,16.61334044770142,330.29799101055545,40.0
800.0,14.173830447701421,476.4875117453868,80.0
800.0,12.705930447701421,762.7276414068033,200.0
800.0,14.173830447701421,967.803755086043,80.0
800.0,14.173830447701421,967.803755086043,80.0
800.0,14.173830447701421,967.803755086043,80.0
800.0,12.705930447701421,1535.0540685895821,200.0
800.0,21.536528413789565,17.558403286027918,20.0
800.0,16.657508413789564,32.593274155841016,40.0
800.0,14.217998413789564,57.68232394391336,80.0
800.0,12.750098413789564,112.23149440606448,200.0
800.0,21.536528413789565,57.68232394391336,20.0
800.0,16.657508413789564,96.33906111606454,40.0
800.0,14.217998413789564,152.075063092273,80.0
800.0,12.750098413789564,260.4294731024323,200.0
800.0,21.536528413789565,199.1108424224254,20.0
800.0,16.657508413789564,294.58781191212097,40.0
800.0,14.217998413789564,426.8139067280009,80.0
800.0,12.750098413789564,685.1204828882276,200.0
800.0,16.657508413789564,611.2305221724015,40.0
800.0,16.657508413789564,611.2305221724015,40.0
800.0,14.217998413789564,869.9573540461059,80.0
800.0,12.750098413789564,1380.8673071277408,200.0
800.0,14.217998413789564,1748.376587450909,80.0
800.0,14.217998413789564,1748.376587450909,80.0
800.0,14.217998413789564,1748.376587450909,80.0
800.0,12.750098413789564,2767.125494312805,200.0
800.0,36.087519704570695,0.05914123179106671,244.00000000000003
800.0,23.889969704570696,0.11824751256799562,244.00000000000003
800.0,17.7876997045707,0.23635540677497055,244.00000000000003
800.0,14.131929704570698,0.5898450767497785,244.00000000000003
800.0,36.087519704570695,0.23635540677497055,244.00000000000003
800.0,23.889969704570696,0.4721538205655481,244.00000000000003
800.0,17.7876997045707,0.9420914318268451,244.00000000000003
800.0,14.131929704570698,2.3388381747057436,244.00000000000003
800.0,36.087519704570695,1.4681511743523805,244.00000000000003
800.0,23.889969704570696,2.9151363945161353,244.00000000000003
800.0,17.7876997045707,5.748284647453374,244.00000000000003
800.0,14.131929704570698,13.804077028634717,244.00000000000003
800.0,23.889969704570696,11.188354927676741,244.00000000000003
800.0,23.889969704570696,11.188354927676741,244.00000000000003
800.0,17.7876997045707,21.27933407013592,244.00000000000003
800.0,14.131929704570698,46.89251938237402,244.00000000000003
800.0,17.7876997045707,67.84332963561779,244.00000000000003
800.0,17.7876997045707,67.84332963561779,244.00000000000003
800.0,17.7876997045707,67.84332963561779,244.00000000000003
800.0,14.131929704570698,128.97312325302045,244.00000000000003
800.0,36.09181007894459,0.23635540677497055,122.00000000000001
800.0,23.89426007894459,0.4721538205655481,122.00000000000001
800.0,17.791990078944593,0.9420914318268451,122.00000000000001
800.0,14.136220078944593,2.3388381747057436,200.0
800.0,36.09181007894459,0.9420914318268451,122.00000000000001
800.0,23.89426007894459,1.875410850586962,122.00000000000001
800.0,17.791990078944593,3.7164564245639093,122.00000000000001
800.0,14.136220078944593,9.046911593485405,200.0
800.0,36.09181007894459,5.748284647453374,122.00000000000001
800.0,23.89426007894459,11.188354927676741,122.00000000000001
800.0,17.791990078944593,21.27933407013592,122.00000000000001
800.0,14.136220078944593,46.89251938237402,200.0
800.0,23.89426007894459,38.99129286156608,122.00000000000001
800.0,23.89426007894459,38.99129286156608,122.00000000000001
800.0,17.791990078944593,67.84332963561779,122.00000000000001
800.0,14.136220078944593,128.97312325302045,200.0
800.0,17.791990078944593,173.06340168221564,122.00000000000001
800.0,17.791990078944593,173.06340168221564,122.00000000000001
800.0,17.791990078944593,173.06340168221564,122.00000000000001
800.0,14.136220078944593,292.5909884679092,200.0
800.0,36.105210696819356,1.4681511743523805,48.800000000000004
800.0,23.90766069681936,2.9151363945161353,48.800000000000004
800.0,17.80539069681936,5.748284647453374,80.0
800.0,14.14962069681936,13.804077028634717,200.0
800.0,36.105210696819356,5.748284647453374,48.800000000000004
800.0,23.90766069681936,11.188354927676741,48.800000000000004
800.0,17.80539069681936,21.27933407013592,80.0
800.0,14.14962069681936,46.89251938237402,200.0
800.0,36.105210696819356,31.592167079759957,48.800000000000004
800.0,23.90766069681936,56.068453672332815,48.800000000000004
800.0,17.80539069681936,93.93411142640907,80.0
800.0,14.14962069681936,170.59610147331267,200.0
800.0,23.90766069681936,148.68063329167416,48.800000000000004
800.0,23.90766069681936,148.68063329167416,48.800000000000004
800.0,17.80539069681936,224.95482214117692,80.0
800.0,14.14962069681936,372.1963622040912,200.0
800.0,17.80539069681936,476.4875117453868,80.0
800.0,17.80539069681936,476.4875117453868,80.0
800.0,17.80539069681936,476.4875117453868,80.0
800.0,14.14962069681936,762.7276414068033,200.0
800.0,36.12942044770142,5.748284647453374,24.400000000000002
800.0,23.93187044770142,11.188354927676741,40.0
800.0,17.829600447701424,21.27933407013592,80.0
800.0,14.173830447701421,46.89251938237402,200.0
800.0,36.12942044770142,21.27933407013592,24.400000000000002
800.0,23.93187044770142,38.99129286156608,40.0
800.0,17.829600447701424,67.84332963561779,80.0
800.0,14.173830447701421,128.97312325302045,200.0
800.0,36.12942044770142,93.93411142640907,24.400000000000002
800.0,23.93187044770142,148.68063329167416,40.0
800.0,17.829600447701424,224.95482214117692,80.0
800.0,14.173830447701421,372.1963622040912,200.0
800.0,23.93187044770142,330.29799101055545,40.0
800.0,23.93187044770142,330.29799101055545,40.0
800.0,17.829600447701424,476.4875117453868,80.0
800.0,14.173830447701421,762.7276414068033,200.0
800.0,17.829600447701424,967.803755086043,80.0
800.0,17.829600447701424,967.803755086043,80.0
800.0,17.829600447701424,967.803755086043,80.0
800.0,14.173830447701421,1535.0540685895821,200.0
800.0,36.17358841378956,17.558403286027918,20.0
800.0,23.976038413789563,32.593274155841016,40.0
800.0,17.873768413789563,57.68232394391336,80.0
800.0,14.217998413789564,112.23149440606448,200.0
800.0,36.17358841378956,57.68232394391336,20.0
800.0,23.976038413789563,96.33906111606454,40.0
800.0,17.873768413789563,152.075063092273,80.0
800.0,14.217998413789564,260.4294731024323,200.0
800.0,36.17358841378956,199.1108424224254,20.0
800.0,23.976038413789563,294.58781191212097,40.0
800.0,17.873768413789563,426.8139067280009,80.0
800.0,14.217998413789564,685.1204828882276,200.0
800.0,23.976038413789563,611.2305221724015,40.0
800.0,23.976038413789563,611.2305221724015,40.0
800.0,17.873768413789563,869.9573540461059,80.0
800.0,14.217998413789564,1380.8673071277408,200.0
800.0,17.873768413789563,1748.376587450909,80.0
800.0,17.873768413789563,1748.376587450909,80.0
800.0,17.873768413789563,1748.376587450909,80.0
800.0,14.217998413789564,2767.125494312805,200.0
800.0,12.458808922796372,0.02155697767149458,244.00000000000003
800.0,12.116298922796371,0.043109309562001825,244.00000000000003
800.0,11.948538922796372,0.08620004500747709,244.00000000000003
800.0,11.843688922796371,0.2153609865024754,244.00000000000003
800.0,12.458808922796372,0.08620004500747709,244.00000000000003
800.0,12.116298922796371,0.17232586551774876,244.00000000000003
800.0,11.948538922796372,0.3443554073542613,244.00000000000003
800.0,11.843688922796371,0.8586775032127719,244.00000000000003
800.0,12.458808922796372,0.5375358673114511,244.00000000000003
800.0,12.116298922796371,1.0722015769063438,244.00000000000003
800.0,11.948538922796372,2.133059112704199,244.00000000000003
800.0,11.843688922796371,5.250193966829488,244.00000000000003
800.0,12.116298922796371,4.221801721670074,244.00000000000003
800.0,12.116298922796371,4.221801721670074,244.00000000000003
800.0,11.948538922796372,8.274320455117186,244.00000000000003
800.0,11.843688922796371,19.554223945808236,244.00000000000003
800.0,11.948538922796372,29.744165277107705,244.00000000000003
800.0,11.948538922796372,29.744165277107705,244.00000000000003
800.0,11.948538922796372,29.744165277107705,244.00000000000003
800.0,11.843688922796371,63.19190540208107,244.00000000000003
800.0,12.464892385124593,0.08620004500747709,122.00000000000001
800.0,12.122382385124592,0.17232586551774876,122.00000000000001
800.0,11.954622385124592,0.3443554073542613,122.00000000000001
800.0,11.849772385124592,0.8586775032127719,142.85714285714286
800.0,12.464892385124593,0.3443554073542613,122.00000000000001
800.0,12.122382385124592,0.6875300914762225,122.00000000000001
800.0,11.954622385124592,1.3703734985829168,122.00000000000001
800.0,11.849772385124592,3.3914896160970116,142.85714285714286
800.0,12.464892385124593,2.133059112704199,122.00000000000001
800.0,12.122382385124592,4.221801721670074,122.00000000000001
800.0,11.954622385124592,8.274320455117186,122.00000000000001
800.0,11.849772385124592,19.554223945808236,142.85714285714286
800.0,12.122382385124592,15.928430422237193,122.00000000000001
800.0,12.122382385124592,15.928430422237193,122.00000000000001
800.0,11.954622385124592,29.744165277107705,122.00000000000001
800.0,11.849772385124592,63.19190540208107,142.85714285714286
800.0,11.954622385124592,89.44269087964284,122.00000000000001
800.0,11.954622385124592,89.44269087964284,122.00000000000001
800.0,11.954622385124592,89.44269087964284,122.00000000000001
800.0,11.849772385124592,163.53082764148965,142.85714285714286
800.0,12.483893560059828,0.5375358673114511,48.800000000000004
800.0,12.141383560059829,1.0722015769063438,48.800000000000004
800.0,11.973623560059828,2.133059112704199,57.142857142857146
800.0,11.868773560059829,5.250193966829488,142.85714285714286
800.0,12.483893560059828,2.133059112704199,48.800000000000004
800.0,12.141383560059829,4.221801721670074,48.800000000000004
800.0,11.973623560059828,8.274320455117186,57.142857142857146
800.0,11.868773560059829,19.554223945808236,142.85714285714286
800.0,12.483893560059828,12.649269324442496,48.800000000000004
800.0,12.141383560059829,23.918273990911548,48.800000000000004
800.0,11.973623560059828,43.44680508693201,57.142857142857146
800.0,11.868773560059829,87.94596903026004,142.85714285714286
800.0,12.141383560059829,74.7800180420296,48.800000000000004
800.0,12.141383560059829,74.7800180420296,48.800000000000004
800.0,11.973623560059828,121.35872143758922,57.142857142857146
800.0,11.868773560059829,213.22110891980236,142.85714285714286
800.0,11.973623560059828,277.98615868696515,57.142857142857146
800.0,11.973623560059828,277.98615868696515,57.142857142857146
800.0,11.973623560059828,277.98615868696515,57.142857142857146
800.0,11.868773560059829,453.9122043646146,142.85714285714286
800.0,12.518221358669376,2.133059112704199,24.400000000000002
800.0,12.175711358669375,4.221801721670074,28.571428571428573
800.0,12.007951358669374,8.274320455117186,57.142857142857146
800.0,11.903101358669375,19.554223945808236,142.85714285714286
800.0,12.518221358669376,8.274320455117186,24.400000000000002
800.0,12.175711358669375,15.928430422237193,28.571428571428573
800.0,12.007951358669374,29.744165277107705,57.142857142857146
800.0,11.903101358669375,63.19190540208107,142.85714285714286
800.0,12.518221358669376,43.44680508693201,24.400000000000002
800.0,12.175711358669375,74.7800180420296,28.571428571428573
800.0,12.007951358669374,121.35872143758922,57.142857142857146
800.0,11.903101358669375,213.22110891980236,142.85714285714286
800.0,12.175711358669375,187.0860290611744,28.571428571428573
800.0,12.175711358669375,187.0860290611744,28.571428571428573
800.0,12.007951358669374,277.98615868696515,57.142857142857146
800.0,11.903101358669375,453.9122043646146,142.85714285714286
800.0,12.007951358669374,578.990977276182,57.142857142857146
800.0,12.007951358669374,578.990977276182,57.142857142857146
800.0,12.007951358669374,578.990977276182,57.142857142857146
800.0,11.903101358669375,923.3020537810157,142.85714285714286
800.0,12.580848564221933,6.7533275342039,14.285714285714286
800.0,12.238338564221934,13.086201401310188,28.571428571428573
800.0,12.070578564221933,24.702167389596905,57.142857142857146
800.0,11.965728564221934,53.59745715288114,142.85714285714286
800.0,12.580848564221933,24.702167389596905,14.285714285714286
800.0,12.238338564221934,44.75814719511935,28.571428571428573
800.0,12.070578564221933,76.80229646273254,57.142857142857146
800.0,11.965728564221934,143.4452361807546,142.85714285714286
800.0,12.580848564221933,105.37690609028323,14.285714285714286
800.0,12.238338564221934,164.77847952428385,28.571428571428573
800.0,12.070578564221933,247.19314493685783,57.142857142857146
800.0,11.965728564221934,406.4135374533237,142.85714285714286
800.0,12.238338564221934,361.07098487226625,28.571428571428573
800.0,12.238338564221934,361.07098487226625,28.571428571428573
800.0,12.070578564221933,519.3785491505057,57.142857142857146
800.0,11.965728564221934,829.856916311934,142.85714285714286
800.0,12.070578564221933,1052.4841382728032,57.142857142857146
800.0,12.070578564221933,1052.4841382728032,57.142857142857146
800.0,12.070578564221933,1052.4841382728032,57.142857142857146
800.0,11.965728564221934,1668.5685818794059,142.85714285714286
800.0,13.143828922796372,0.02155697767149458,244.00000000000003
800.0,12.458808922796372,0.043109309562001825,244.00000000000003
800.0,12.116298922796371,0.08620004500747709,244.00000000000003
800.0,11.913588922796372,0.2153609865024754,244.00000000000003
800.0,13.143828922796372,0.08620004500747709,244.00000000000003
800.0,12.458808922796372,0.17232586551774876,244.00000000000003
800.0,12.116298922796371,0.3443554073542613,244.00000000000003
800.0,11.913588922796372,0.8586775032127719,244.00000000000003
800.0,13.143828922796372,0.5375358673114511,244.00000000000003
800.0,12.458808922796372,1.0722015769063438,244.00000000000003
800.0,12.116298922796371,2.133059112704199,244.00000000000003
800.0,11.913588922796372,5.250193966829488,244.00000000000003
800.0,12.458808922796372,4.221801721670074,244.00000000000003
800.0,12.458808922796372,4.221801721670074,244.00000000000003
800.0,12.116298922796371,8.274320455117186,244.00000000000003
800.0,11.913588922796372,19.554223945808236,244.00000000000003
800.0,12.116298922796371,29.744165277107705,244.00000000000003
800.0,12.116298922796371,29.744165277107705,244.00000000000003
800.0,12.116298922796371,29.744165277107705,244.00000000000003
800.0,11.913588922796372,63.19190540208107,244.00000000000003
800.0,13.149912385124592,0.08620004500747709,122.00000000000001
800.0,12.464892385124593,0.17232586551774876,122.00000000000001
800.0,12.122382385124592,0.3443554073542613,122.00000000000001
800.0,11.919672385124592,0.8586775032127719,142.85714285714286
800.0,13.149912385124592,0.3443554073542613,122.00000000000001
800.0,12.464892385124593,0.6875300914762225,122.00000000000001
800.0,12.122382385124592,1.3703734985829168,122.00000000000001
800.0,11.919672385124592,3.3914896160970116,142.85714285714286
800.0,13.149912385124592,2.133059112704199,122.00000000000001
800.0,12.464892385124593,4.221801721670074,122.00000000000001
800.0,12.122382385124592,8.274320455117186,122.00000000000001
800.0,11.919672385124592,19.554223945808236,142.85714285714286
800.0,12.464892385124593,15.928430422237193,122.00000000000001
800.0,12.464892385124593,15.928430422237193,122.00000000000001
800.0,12.122382385124592,29.744165277107705,122.00000000000001
800.0,11.919672385124592,63.19190540208107,142.85714285714286
800.0,12.122382385124592,89.44269087964284,122.00000000000001
800.0,12.122382385124592,89.44269087964284,122.00000000000001
800.0,12.122382385124592,89.44269087964284,122.00000000000001
800.0,11.919672385124592,163.53082764148965,142.85714285714286
800.0,13.168913560059828,0.5375358673114511,48.800000000000004
800.0,12.483893560059828,1.0722015769063438,48.800000000000004
800.0,12.141383560059829,2.133059112704199,57.142857142857146
800.0,11.93867356005983,5.250193966829488,142.85714285714286
800.0,13.168913560059828,2.133059112704199,48.800000000000004
800.0,12.483893560059828,4.221801721670074,48.800000000000004
800.0,12.141383560059829,8.274320455117186,57.142857142857146
800.0,11.93867356005983,19.554223945808236,142.85714285714286
800.0,13.168913560059828,12.649269324442496,48.800000000000004
800.0,12.483893560059828,23.918273990911548,48.800000000000004
800.0,12.141383560059829,43.44680508693201,57.142857142857146
800.0,11.93867356005983,87.94596903026004,142.85714285714286
800.0,12.483893560059828,74.7800180420296,48.800000000000004
800.0,12.483893560059828,74.7800180420296,48.800000000000004
800.0,12.141383560059829,121.35872143758922,57.142857142857146
800.0,11.93867356005983,213.22110891980236,142.85714285714286
800.0,12.141383560059829,277.98615868696515,57.142857142857146
800.0,12.141383560059829,277.98615868696515,57.142857142857146
800.0,12.141383560059829,277.98615868696515,57.142857142857146
800.0,11.93867356005983,453.9122043646146,142.85714285714286
800.0,13.203241358669375,2.133059112704199,24.400000000000002
800.0,12.518221358669376,4.221801721670074,28.571428571428573
800.0,12.175711358669375,8.274320455117186,57.142857142857146
800.0,11.973001358669375,19.554223945808236,142.85714285714286
800.0,13.203241358669375,8.274320455117186,24.400000000000002
800.0,12.518221358669376,15.928430422237193,28.571428571428573
800.0,12.175711358669375,29.744165277107705,57.142857142857146
800.0,11.973001358669375,63.19190540208107,142.85714285714286
800.0,13.203241358669375,43.44680508693201,24.400000000000002
800.0,12.518221358669376,74.7800180420296,28.571428571428573
800.0,12.175711358669375,121.35872143758922,57.142857142857146
800.0,11.973001358669375,213.22110891980236,142.85714285714286
800.0,12.518221358669376,187.0860290611744,28.571428571428573
800.0,12.518221358669376,187.0860290611744,28.571428571428573
800.0,12.175711358669375,277.98615868696515,57.142857142857146
800.0,11.973001358669375,453.9122043646146,142.85714285714286
800.0,12.175711358669375,578.990977276182,57.142857142857146
800.0,12.175711358669375,578.990977276182,57.142857142857146
800.0,12.175711358669375,578.990977276182,57.142857142857146
800.0,11.973001358669375,923.3020537810157,142.85714285714286
800.0,13.265868564221933,6.7533275342039,14.285714285714286
800.0,12.580848564221933,13.086201401310188,28.571428571428573
800.0,12.238338564221934,24.702167389596905,57.142857142857146
800.0,12.035628564221934,53.59745715288114,142.85714285714286
800.0,13.265868564221933,24.702167389596905,14.285714285714286
800.0,12.580848564221933,44.75814719511935,28.571428571428573
800.0,12.238338564221934,76.80229646273254,57.142857142857146
800.0,12.035628564221934,143.4452361807546,142.85714285714286
800.0,13.265868564221933,105.37690609028323,14.285714285714286
800.0,12.580848564221933,164.77847952428385,28.571428571428573
800.0,12.238338564221934,247.19314493685783,57.142857142857146
800.0,12.035628564221934,406.4135374533237,142.85714285714286
800.0,12.580848564221933,361.07098487226625,28.571428571428573
800.0,12.580848564221933,361.07098487226625,28.571428571428573
800.0,12.238338564221934,519.3785491505057,57.142857142857146
800.0,12.035628564221934,829.856916311934,142.85714285714286
800.0,12.238338564221934,1052.4841382728032,57.142857142857146
800.0,12.238338564221934,1052.4841382728032,57.142857142857146
800.0,12.238338564221934,1052.4841382728032,57.142857142857146
800.0,12.035628564221934,1668.5685818794059,142.85714285714286
800.0,15.191898922796373,0.02155697767149458,244.00000000000003
800.0,13.486338922796373,0.043109309562001825,244.00000000000003
800.0,12.633558922796372,0.08620004500747709,244.00000000000003
800.0,12.116298922796371,0.2153609865024754,244.00000000000003
800.0,15.191898922796373,0.08620004500747709,244.00000000000003
800.0,13.486338922796373,0.17232586551774876,244.00000000000003
800.0,12.633558922796372,0.3443554073542613,244.00000000000003
800.0,12.116298922796371,0.8586775032127719,244.00000000000003
800.0,15.191898922796373,0.5375358673114511,244.00000000000003
800.0,13.486338922796373,1.0722015769063438,244.00000000000003
800.0,12.633558922796372,2.133059112704199,244.00000000000003
800.0,12.116298922796371,5.250193966829488,244.00000000000003
800.0,13.486338922796373,4.221801721670074,244.00000000000003
800.0,13.486338922796373,4.221801721670074,244.00000000000003
800.0,12.633558922796372,8.274320455117186,244.00000000000003
800.0,12.116298922796371,19.554223945808236,244.00000000000003
800.0,12.633558922796372,29.744165277107705,244.00000000000003
800.0,12.633558922796372,29.744165277107705,244.00000000000003
800.0,12.633558922796372,29.744165277107705,244.00000000000003
800.0,12.116298922796371,63.19190540208107,244.00000000000003
800.0,15.197982385124591,0.08620004500747709,122.00000000000001
800.0,13.492422385124591,0.17232586551774876,122.00000000000001
800.0,12.639642385124592,0.3443554073542613,122.00000000000001
800.0,12.122382385124592,0.8586775032127719,142.85714285714286
800.0,15.197982385124591,0.3443554073542613,122.00000000000001
800.0,13.492422385124591,0.6875300914762225,122.00000000000001
800.0,12.639642385124592,1.3703734985829168,122.00000000000001
800.0,12.122382385124592,3.3914896160970116,142.85714285714286
800.0,15.197982385124591,2.133059112704199,122.00000000000001
800.0,13.492422385124591,4.221801721670074,122.00000000000001
800.0,12.639642385124592,8.274320455117186,122.00000000000001
800.0,12.122382385124592,19.554223945808236,142.85714285714286
800.0,13.492422385124591,15.928430422237193,122.00000000000001
800.0,13.492422385124591,15.928430422237193,122.00000000000001
800.0,12.639642385124592,29.744165277107705,122.00000000000001
800.0,12.122382385124592,63.19190540208107,142.85714285714286
800.0,12.639642385124592,89.44269087964284,122.00000000000001
800.0,12.639642385124592,89.44269087964284,122.00000000000001
800.0,12.639642385124592,89.44269087964284,122.00000000000001
800.0,12.122382385124592,163.53082764148965,142.85714285714286
800.0,15.216983560059829,0.5375358673114511,48.800000000000004
800.0,13.511423560059828,1.0722015769063438,48.800000000000004
800.0,12.65864356005983,2.133059112704199,57.142857142857146
800.0,12.141383560059829,5.250193966829488,142.85714285714286
800.0,15.216983560059829,2.133059112704199,48.800000000000004
800.0,13.511423560059828,4.221801721670074,48.800000000000004
800.0,12.65864356005983,8.274320455117186,57.142857142857146
800.0,12.141383560059829,19.554223945808236,142.85714285714286
800.0,15.216983560059829,12.649269324442496,48.800000000000004
800.0,13.511423560059828,23.918273990911548,48.800000000000004
800.0,12.65864356005983,43.44680508693201,57.142857142857146
800.0,12.141383560059829,87.94596903026004,142.85714285714286
800.0,13.511423560059828,74.7800180420296,48.800000000000004
800.0,13.511423560059828,74.7800180420296,48.800000000000004
800.0,12.65864356005983,121.35872143758922,57.142857142857146
800.0,12.141383560059829,213.22110891980236,142.85714285714286
800.0,12.65864356005983,277.98615868696515,57.142857142857146
800.0,12.65864356005983,277.98615868696515,57.142857142857146
800.0,12.65864356005983,277.98615868696515,57.142857142857146
800.0,12.141383560059829,453.9122043646146,142.85714285714286
800.0,15.251311358669374,2.133059112704199,24.400000000000002
800.0,13.545751358669374,4.221801721670074,28.571428571428573
800.0,12.692971358669375,8.274320455117186,57.142857142857146
800.0,12.175711358669375,19.554223945808236,142.85714285714286
800.0,15.251311358669374,8.274320455117186,24.400000000000002
800.0,13.545751358669374,15.928430422237193,28.571428571428573
800.0,12.692971358669375,29.744165277107705,57.142857142857146
800.0,12.175711358669375,63.19190540208107,142.85714285714286
800.0,15.251311358669374,43.44680508693201,24.400000000000002
800.0,13.545751358669374,74.7800180420296,28.571428571428573
800.0,12.692971358669375,121.35872143758922,57.142857142857146
800.0,12.175711358669375,213.22110891980236,142.85714285714286
800.0,13.545751358669374,187.0860290611744,28.571428571428573
800.0,13.545751358669374,187.0860290611744,28.571428571428573
800.0,12.692971358669375,277.98615868696515,57.142857142857146
800.0,12.175711358669375,453.9122043646146,142.85714285714286
800.0,12.692971358669375,578.990977276182,57.142857142857146
800.0,12.692971358669375,578.990977276182,57.142857142857146
800.0,12.692971358669375,578.990977276182,57.142857142857146
800.0,12.175711358669375,923.3020537810157,142.85714285714286
800.0,15.313938564221933,6.7533275342039,14.285714285714286
800.0,13.608378564221933,13.086201401310188,28.571428571428573
800.0,12.755598564221934,24.702167389596905,57.142857142857146
800.0,12.238338564221934,53.59745715288114,142.85714285714286
800.0,15.313938564221933,24.702167389596905,14.285714285714286
800.0,13.608378564221933,44.75814719511935,28.571428571428573
800.0,12.755598564221934,76.80229646273254,57.142857142857146
800.0,12.238338564221934,143.4452361807546,142.85714285714286
800.0,15.313938564221933,105.37690609028323,14.285714285714286
800.0,13.608378564221933,164.77847952428385,28.571428571428573
800.0,12.755598564221934,247.19314493685783,57.142857142857146
800.0,12.238338564221934,406.4135374533237,142.85714285714286
800.0,13.608378564221933,361.07098487226625,28.571428571428573
800.0,13.608378564221933,361.07098487226625,28.571428571428573
800.0,12.755598564221934,519.3785491505057,57.142857142857146
800.0,12.238338564221934,829.856916311934,142.85714285714286
800.0,12.755598564221934,1052.4841382728032,57.142857142857146
800.0,12.755598564221934,1052.4841382728032,57.142857142857146
800.0,12.755598564221934,1052.4841382728032,57.142857142857146
800.0,12.238338564221934,1668.5685818794059,142.85714285714286
800.0,18.610008922796375,0.02155697767149458,244.00000000000003
800.0,15.191898922796373,0.043109309562001825,244.00000000000003
800.0,13.486338922796373,0.08620004500747709,244.00000000000003
800.0,12.458808922796372,0.2153609865024754,244.00000000000003
800.0,18.610008922796375,0.08620004500747709,244.00000000000003
800.0,15.191898922796373,0.17232586551774876,244.00000000000003
800.0,13.486338922796373,0.3443554073542613,244.00000000000003
800.0,12.458808922796372,0.8586775032127719,244.00000000000003
800.0,18.610008922796375,0.5375358673114511,244.00000000000003
800.0,15.191898922796373,1.0722015769063438,244.00000000000003
800.0,13.486338922796373,2.133059112704199,244.00000000000003
800.0,12.458808922796372,5.250193966829488,244.00000000000003
800.0,15.191898922796373,4.221801721670074,244.00000000000003
800.0,15.191898922796373,4.221801721670074,244.00000000000003
800.0,13.486338922796373,8.274320455117186,244.00000000000003
800.0,12.458808922796372,19.554223945808236,244.00000000000003
800.0,13.486338922796373,29.744165277107705,244.00000000000003
800.0,13.486338922796373,29.744165277107705,244.00000000000003
800.0,13.486338922796373,29.744165277107705,244.00000000000003
800.0,12.458808922796372,63.19190540208107,244.00000000000003
800.0,18.616092385124592,0.08620004500747709,122.00000000000001
800.0,15.197982385124591,0.17232586551774876,122.00000000000001
800.0,13.492422385124591,0.3443554073542613,122.00000000000001
800.0,12.464892385124593,0.8586775032127719,142.85714285714286
800.0,18.616092385124592,0.3443554073542613,122.00000000000001
800.0,15.197982385124591,0.6875300914762225,122.00000000000001
800.0,13.492422385124591,1.3703734985829168,122.00000000000001
800.0,12.464892385124593,3.3914896160970116,142.85714285714286
800.0,18.616092385124592,2.133059112704199,122.00000000000001
800.0,15.197982385124591,4.221801721670074,122.00000000000001
800.0,13.492422385124591,8.274320455117186,122.00000000000001
800.0,12.464892385124593,19.554223945808236,142.85714285714286
800.0,15.197982385124591,15.928430422237193,122.00000000000001
800.0,15.197982385124591,15.928430422237193,122.00000000000001
800.0,13.492422385124591,29.744165277107705,122.00000000000001
800.0,12.464892385124593,63.19190540208107,142.85714285714286
800.0,13.492422385124591,89.44269087964284,122.00000000000001
800.0,13.492422385124591,89.44269087964284,122.00000000000001
800.0,13.492422385124591,89.44269087964284,122.00000000000001
800.0,12.464892385124593,163.53082764148965,142.85714285714286
800.0,18.63509356005983,0.5375358673114511,48.800000000000004
800.0,15.216983560059829,1.0722015769063438,48.800000000000004
800.0,13.511423560059828,2.133059112704199,57.142857142857146
800.0,12.483893560059828,5.250193966829488,142.85714285714286
800.0,18.63509356005983,2.133059112704199,48.800000000000004
800.0,15.216983560059829,4.221801721670074,48.800000000000004
800.0,13.511423560059828,8.274320455117186,57.142857142857146
800.0,12.483893560059828,19.554223945808236,142.85714285714286
800.0,18.63509356005983,12.649269324442496,48.800000000000004
800.0,15.216983560059829,23.918273990911548,48.800000000000004
800.0,13.511423560059828,43.44680508693201,57.142857142857146
800.0,12.483893560059828,87.94596903026004,142.85714285714286
800.0,15.216983560059829,74.7800180420296,48.800000000000004
800.0,15.216983560059829,74.7800180420296,48.800000000000004
800.0,13.511423560059828,121.35872143758922,57.142857142857146
800.0,12.483893560059828,213.22110891980236,142.85714285714286
800.0,13.511423560059828,277.98615868696515,57.142857142857146
800.0,13.511423560059828,277.98615868696515,57.142857142857146
800.0,13.511423560059828,277.98615868696515,57.142857142857146
800.0,12.483893560059828,453.9122043646146,142.85714285714286
800.0,18.669421358669375,2.133059112704199,24.400000000000002
800.0,15.251311358669374,4.221801721670074,28.571428571428573
800.0,13.545751358669374,8.274320455117186,57.142857142857146
800.0,12.518221358669376,19.554223945808236,142.85714285714286
800.0,18.669421358669375,8.274320455117186,24.400000000000002
800.0,15.251311358669374,15.928430422237193,28.571428571428573
800.0,13.545751358669374,29.744165277107705,57.142857142857146
800.0,12.518221358669376,63.19190540208107,142.85714285714286
800.0,18.669421358669375,43.44680508693201,24.400000000000002
800.0,15.251311358669374,74.7800180420296,28.571428571428573
800.0,13.545751358669374,121.35872143758922,57.142857142857146
800.0,12.518221358669376,213.22110891980236,142.85714285714286
800.0,15.251311358669374,187.0860290611744,28.571428571428573
800.0,15.251311358669374,187.0860290611744,28.571428571428573
800.0,13.545751358669374,277.98615868696515,57.142857142857146
800.0,12.518221358669376,453.9122043646146,142.85714285714286
800.0,13.545751358669374,578.990977276182,57.142857142857146
800.0,13.545751358669374,578.990977276182,57.142857142857146
800.0,13.545751358669374,578.990977276182,57.142857142857146
800.0,12.518221358669376,923.3020537810157,142.85714285714286
800.0,18.732048564221934,6.7533275342039,14.285714285714286
800.0,15.313938564221933,13.086201401310188,28.571428571428573
800.0,13.608378564221933,24.702167389596905,57.142857142857146
800.0,12.580848564221933,53.59745715288114,142.85714285714286
800.0,18.732048564221934,24.702167389596905,14.285714285714286
800.0,15.313938564221933,44.75814719511935,28.571428571428573
800.0,13.608378564221933,76.80229646273254,57.142857142857146
800.0,12.580848564221933,143.4452361807546,142.85714285714286
800.0,18.732048564221934,105.37690609028323,14.285714285714286
800.0,15.313938564221933,164.77847952428385,28.571428571428573
800.0,13.608378564221933,247.19314493685783,57.142857142857146
800.0,12.580848564221933,406.4135374533237,142.85714285714286
800.0,15.313938564221933,361.07098487226625,28.571428571428573
800.0,15.313938564221933,361.07098487226625,28.571428571428573
800.0,13.608378564221933,519.3785491505057,57.142857142857146
800.0,12.580848564221933,829.856916311934,142.85714285714286
800.0,13.608378564221933,1052.4841382728032,57.142857142857146
800.0,13.608378564221933,1052.4841382728032,57.142857142857146
800.0,13.608378564221933,1052.4841382728032,57.142857142857146
800.0,12.580848564221933,1668.5685818794059,142.85714285714286
800.0,25.43923892279637,0.02155697767149458,244.00000000000003
800.0,18.610008922796375,0.043109309562001825,244.00000000000003
800.0,15.191898922796373,0.08620004500747709,244.00000000000003
800.0,13.143828922796372,0.2153609865024754,244.00000000000003
800.0,25.43923892279637,0.08620004500747709,244.00000000000003
800.0,18.610008922796375,0.17232586551774876,244.00000000000003
800.0,15.191898922796373,0.3443554073542613,244.00000000000003
800.0,13.143828922796372,0.8586775032127719,244.00000000000003
800.0,25.43923892279637,0.5375358673114511,244.00000000000003
800.0,18.610008922796375,1.0722015769063438,244.00000000000003
800.0,15.191898922796373,2.133059112704199,244.00000000000003
800.0,13.143828922796372,5.250193966829488,244.00000000000003
800.0,18.610008922796375,4.221801721670074,244.00000000000003
800.0,18.610008922796375,4.221801721670074,244.00000000000003
800.0,15.191898922796373,8.274320455117186,244.00000000000003
800.0,13.143828922796372,19.554223945808236,244.00000000000003
800.0,15.191898922796373,29.744165277107705,244.00000000000003
800.0,15.191898922796373,29.744165277107705,244.00000000000003
800.0,15.191898922796373,29.744165277107705,244.00000000000003
800.0,13.143828922796372,63.19190540208107,244.00000000000003
800.0,25.44532238512459,0.08620004500747709,122.00000000000001
800.0,18.616092385124592,0.17232586551774876,122.00000000000001
800.0,15.197982385124591,0.3443554073542613,122.00000000000001
800.0,13.149912385124592,0.8586775032127719,142.85714285714286
800.0,25.44532238512459,0.3443554073542613,122.00000000000001
800.0,18.616092385124592,0.6875300914762225,122.00000000000001
800.0,15.197982385124591,1.3703734985829168,122.00000000000001
800.0,13.149912385124592,3.3914896160970116,142.85714285714286
800.0,25.44532238512459,2.133059112704199,122.00000000000001
800.0,18.616092385124592,4.221801721670074,122.00000000000001
800.0,15.197982385124591,8.274320455117186,122.00000000000001
800.0,13.149912385124592,19.554223945808236,142.85714285714286
800.0,18.616092385124592,15.928430422237193,122.00000000000001
800.0,18.616092385124592,15.928430422237193,122.00000000000001
800.0,15.197982385124591,29.744165277107705,122.00000000000001
800.0,13.149912385124592,63.19190540208107,142.85714285714286
800.0,15.197982385124591,89.44269087964284,122.00000000000001
800.0,15.197982385124591,89.44269087964284,122.00000000000001
800.0,15.197982385124591,89.44269087964284,122.00000000000001
800.0,13.149912385124592,163.53082764148965,142.85714285714286
800.0,25.464323560059828,0.5375358673114511,48.800000000000004
800.0,18.63509356005983,1.0722015769063438,48.800000000000004
800.0,15.216983560059829,2.133059112704199,57.142857142857146
800.0,13.168913560059828,5.250193966829488,142.85714285714286
800.0,25.464323560059828,2.133059112704199,48.800000000000004
800.0,18.63509356005983,4.221801721670074,48.800000000000004
800.0,15.216983560059829,8.274320455117186,57.142857142857146
800.0,13.168913560059828,19.554223945808236,142.85714285714286
800.0,25.464323560059828,12.649269324442496,48.800000000000004
800.0,18.63509356005983,23.918273990911548,48.800000000000004
800.0,15.216983560059829,43.44680508693201,57.142857142857146
800.0,13.168913560059828,87.94596903026004,142.85714285714286
800.0,18.63509356005983,74.7800180420296,48.800000000000004
800.0,18.63509356005983,74.7800180420296,48.800000000000004
800.0,15.216983560059829,121.35872143758922,57.142857142857146
800.0,13.168913560059828,213.22110891980236,142.85714285714286
800.0,15.216983560059829,277.98615868696515,57.142857142857146
800.0,15.216983560059829,277.98615868696515,57.142857142857146
800.0,15.216983560059829,277.98615868696515,57.142857142857146
800.0,13.168913560059828,453.9122043646146,142.85714285714286
800.0,25.498651358669377,2.133059112704199,24.400000000000002
800.0,18.669421358669375,4.221801721670074,28.571428571428573
800.0,15.251311358669374,8.274320455117186,57.142857142857146
800.0,13.203241358669375,19.554223945808236,142.85714285714286
800.0,25.498651358669377,8.274320455117186,24.400000000000002
800.0,18.669421358669375,15.928430422237193,28.571428571428573
800.0,15.251311358669374,29.744165277107705,57.142857142857146
800.0,13.203241358669375,63.19190540208107,142.85714285714286
800.0,25.498651358669377,43.44680508693201,24.400000000000002
800.0,18.669421358669375,74.7800180420296,28.571428571428573
800.0,15.251311358669374,121.35872143758922,57.142857142857146
800.0,13.203241358669375,213.22110891980236,142.85714285714286
800.0,18.669421358669375,187.0860290611744,28.571428571428573
800.0,18.669421358669375,187.0860290611744,28.571428571428573
800.0,15.251311358669374,277.98615868696515,57.142857142857146
800.0,13.203241358669375,453.9122043646146,142.85714285714286
800.0,15.251311358669374,578.990977276182,57.142857142857146
800.0,15.251311358669374,578.990977276182,57.142857142857146
800.0,15.251311358669374,578.990977276182,57.142857142857146
800.0,13.203241358669375,923.3020537810157,142.85714285714286
800.0,25.561278564221933,6.7533275342039,14.285714285714286
800.0,18.732048564221934,13.086201401310188,28.571428571428573
800.0,15.313938564221933,24.702167389596905,57.142857142857146
800.0,13.265868564221933,53.59745715288114,142.85714285714286
800.0,25.561278564221933,24.702167389596905,14.285714285714286
800.0,18.732048564221934,44.75814719511935,28.571428571428573
800.0,15.313938564221933,76.80229646273254,57.142857142857146
800.0,13.265868564221933,143.4452361807546,142.85714285714286
800.0,25.561278564221933,105.37690609028323,14.285714285714286
800.0,18.732048564221934,164.77847952428385,28.571428571428573
800.0,15.313938564221933,247.19314493685783,57.142857142857146
800.0,13.265868564221933,406.4135374533237,142.85714285714286
800.0,18.732048564221934,361.07098487226625,28.571428571428573
800.0,18.732048564221934,361.07098487226625,28.571428571428573
800.0,15.313938564221933,519.3785491505057,57.142857142857146
800.0,13.265868564221933,829.856916311934,142.85714285714286
800.0,15.313938564221933,1052.4841382728032,57.142857142857146
800.0,15.313938564221933,1052.4841382728032,57.142857142857146
800.0,15.313938564221933,1052.4841382728032,57.142857142857146
800.0,13.265868564221933,1668.5685818794059,142.85714285714286
800.0,45.93391892279637,0.02155697767149458,244.00000000000003
800.0,28.85734892279637,0.043109309562001825,244.00000000000003
800.0,20.315568922796373,0.08620004500747709,244.00000000000003
800.0,15.191898922796373,0.2153609865024754,244.00000000000003
800.0,45.93391892279637,0.08620004500747709,244.00000000000003
800.0,28.85734892279637,0.17232586551774876,244.00000000000003
800.0,20.315568922796373,0.3443554073542613,244.00000000000003
800.0,15.191898922796373,0.8586775032127719,244.00000000000003
800.0,45.93391892279637,0.5375358673114511,244.00000000000003
800.0,28.85734892279637,1.0722015769063438,244.00000000000003
800.0,20.315568922796373,2.133059112704199,244.00000000000003
800.0,15.191898922796373,5.250193966829488,244.00000000000003
800.0,28.85734892279637,4.221801721670074,244.00000000000003
800.0,28.85734892279637,4.221801721670074,244.00000000000003
800.0,20.315568922796373,8.274320455117186,244.00000000000003
800.0,15.191898922796373,19.554223945808236,244.00000000000003
800.0,20.315568922796373,29.744165277107705,244.00000000000003
800.0,20.315568922796373,29.744165277107705,244.00000000000003
800.0,20.315568922796373,29.744165277107705,244.00000000000003
800.0,15.191898922796373,63.19190540208107,244.00000000000003
800.0,45.94000238512459,0.08620004500747709,122.00000000000001
800.0,28.86343238512459,0.17232586551774876,122.00000000000001
800.0,20.321652385124594,0.3443554073542613,122.00000000000001
800.0,15.197982385124591,0.8586775032127719,142.85714285714286
800.0,45.94000238512459,0.3443554073542613,122.00000000000001
800.0,28.86343238512459,0.6875300914762225,122.00000000000001
800.0,20.321652385124594,1.3703734985829168,122.00000000000001
800.0,15.197982385124591,3.3914896160970116,142.85714285714286
800.0,45.94000238512459,2.133059112704199,122.00000000000001
800.0,28.86343238512459,4.221801721670074,122.00000000000001
800.0,20.321652385124594,8.274320455117186,122.00000000000001
800.0,15.197982385124591,19.554223945808236,142.85714285714286
800.0,28.86343238512459,15.928430422237193,122.00000000000001
800.0,28.86343238512459,15.928430422237193,122.00000000000001
800.0,20.321652385124594,29.744165277107705,122.00000000000001
800.0,15.197982385124591,63.19190540208107,142.85714285714286
800.0,20.321652385124594,89.44269087964284,122.00000000000001
800.0,20.321652385124594,89.44269087964284,122.00000000000001
800.0,20.321652385124594,89.44269087964284,122.00000000000001
800.0,15.197982385124591,163.53082764148965,142.85714285714286
800.0,45.95900356005983,0.5375358673114511,48.800000000000004
800.0,28.882433560059827,1.0722015769063438,48.800000000000004
800.0,20.340653560059827,2.133059112704199,57.142857142857146
800.0,15.216983560059829,5.250193966829488,142.85714285714286
800.0,45.95900356005983,2.133059112704199,48.800000000000004
800.0,28.882433560059827,4.221801721670074,48.800000000000004
800.0,20.340653560059827,8.274320455117186,57.142857142857146
800.0,15.216983560059829,19.554223945808236,142.85714285714286
800.0,45.95900356005983,12.649269324442496,48.800000000000004
800.0,28.882433560059827,23.918273990911548,48.800000000000004
800.0,20.340653560059827,43.44680508693201,57.142857142857146
800.0,15.216983560059829,87.94596903026004,142.85714285714286
800.0,28.882433560059827,74.7800180420296,48.800000000000004
800.0,28.882433560059827,74.7800180420296,48.800000000000004
800.0,20.340653560059827,121.35872143758922,57.142857142857146
800.0,15.216983560059829,213.22110891980236,142.85714285714286
800.0,20.340653560059827,277.98615868696515,57.142857142857146
800.0,20.340653560059827,277.98615868696515,57.142857142857146
800.0,20.340653560059827,277.98615868696515,57.142857142857146
800.0,15.216983560059829,453.9122043646146,142.85714285714286
800.0,45.99333135866937,2.133059112704199,24.400000000000002
800.0,28.916761358669373,4.221801721670074,28.571428571428573
800.0,20.374981358669373,8.274320455117186,57.142857142857146
800.0,15.251311358669374,19.554223945808236,142.85714285714286
800.0,45.99333135866937,8.274320455117186,24.400000000000002
800.0,28.916761358669373,15.928430422237193,28.571428571428573
800.0,20.374981358669373,29.744165277107705,57.142857142857146
800.0,15.251311358669374,63.19190540208107,142.85714285714286
800.0,45.99333135866937,43.44680508693201,24.400000000000002
800.0,28.916761358669373,74.7800180420296,28.571428571428573
800.0,20.374981358669373,121.35872143758922,57.142857142857146
800.0,15.251311358669374,213.22110891980236,142.85714285714286
800.0,28.916761358669373,187.0860290611744,28.571428571428573
800.0,28.916761358669373,187.0860290611744,28.571428571428573
800.0,20.374981358669373,277.98615868696515,57.142857142857146
800.0,15.251311358669374,453.9122043646146,142.85714285714286
800.0,20.374981358669373,578.990977276182,57.142857142857146
800.0,20.374981358669373,578.990977276182,57.142857142857146
800.0,20.374981358669373,578.990977276182,57.142857142857146
800.0,15.251311358669374,923.3020537810157,142.85714285714286
800.0,46.05595856422193,6.7533275342039,14.285714285714286
800.0,28.97938856422193,13.086201401310188,28.571428571428573
800.0,20.437608564221932,24.702167389596905,57.142857142857146
800.0,15.313938564221933,53.59745715288114,142.85714285714286
800.0,46.05595856422193,24.702167389596905,14.285714285714286
800.0,28.97938856422193,44.75814719511935,28.571428571428573
800.0,20.437608564221932,76.80229646273254,57.142857142857146
800.0,15.313938564221933,143.4452361807546,142.85714285714286
800.0,46.05595856422193,105.37690609028323,14.285714285714286
800.0,28.97938856422193,164.77847952428385,28.571428571428573
800.0,20.437608564221932,247.19314493685783,57.142857142857146
800.0,15.313938564221933,406.4135374533237,142.85714285714286
800.0,28.97938856422193,361.07098487226625,28.571428571428573
800.0,28.97938856422193,361.07098487226625,28.571428571428573
800.0,20.437608564221932,519.3785491505057,57.142857142857146
800.0,15.313938564221933,829.856916311934,142.85714285714286
800.0,20.437608564221932,1052.4841382728032,57.142857142857146
800.0,20.437608564221932,1052.4841382728032,57.142857142857146
800.0,20.437608564221932,1052.4841382728032,57.142857142857146
800.0,15.313938564221933,1668.5685818794059,142.85714285714286
